input_author,query,epmc_id,source,pmid,pmcid,doi,title,author_string,journal,pub_year,first_publication_date,cited_by_count,is_open_access,matched_keywords
Zhang Y,"((ACCESSION_TYPE:""metabolights"") OR (LABS_PUBS:""1782"")) AND AUTH:""Zhang Y""",40236482,MED,40236482,PMC11997625,10.3389/fmicb.2025.1541683,Exploring the gut microbiome and serum metabolome interplay in non-functioning pituitary neuroendocrine tumors.,"Liu J, Ye Z, Zhang Y, Su W, Liu J, Chen T, Shi Y, Liu L, Lu J, Cai Z, Zhong Q, Wang P, Pu J, Liu J, Wei Y, Pan H, Zhu H, Deng K, Wang R, Lu L, Hu X, Yao Y.",,2025,2025-04-01,2,Y,gut microbiome; bacteria; microbiota; host
Zhang Y,"((ACCESSION_TYPE:""metabolights"") OR (LABS_PUBS:""1782"")) AND AUTH:""Zhang Y""",41807473,MED,41807473,PMC13103409,10.1038/s41522-026-00955-3,Cetobacterium somerae as a microbial correlate of improved muscle quality after intestinal microbiota transplantation in Yellow River carp (Cyprinus carpio).,"Cheng L, Li Y, Zhang Y, Qin C, Yang L, Yan X, Nie G.",,2026,2026-03-10,0,Y,microbiota; gut microbiota; bacterium; gut microbiome
Zhang Y,"((ACCESSION_TYPE:""metabolights"") OR (LABS_PUBS:""1782"")) AND AUTH:""Zhang Y""",38458178,MED,38458178,PMC10957094,10.1016/j.stem.2024.02.004,A mitochondrial NADPH-cholesterol axis regulates extracellular vesicle biogenesis to support hematopoietic stem cell fate.,"Bonora M, Morganti C, van Gastel N, Ito K, Calura E, Zanolla I, Ferroni L, Zhang Y, Jung Y, Sales G, Martini P, Nakamura T, Lasorsa FM, Finkel T, Lin CP, Zavan B, Pinton P, Georgakoudi I, Romualdi C, Scadden DT, Ito K.",,2024,2024-03-01,57,N,lineage
Zhang Y,"((ACCESSION_TYPE:""metabolights"") OR (LABS_PUBS:""1782"")) AND AUTH:""Zhang Y""",41584685,MED,41584685,PMC12828522,10.1016/j.aninu.2025.09.008,Engineered &lt;i&gt;Bacillus subtilis&lt;/i&gt; WB600/ZD reduces post-weaning diarrhea in piglets by modulating gut microbiota and aryl hydrocarbon receptor (AHR) signaling.,"Li W, Wang X, Zhang Y, Yang H, Wang X, Meng W, Hu T, Zhang W, Zhu Y, Wang J, Yang G.",,2026,2025-11-20,0,Y,Bacillus; gut microbiota; Salmonella; incidence; microbiota; antibiotic; Salmonella enterica; infection
Zhang Y,"((ACCESSION_TYPE:""metabolights"") OR (LABS_PUBS:""1782"")) AND AUTH:""Zhang Y""",40643220,MED,40643220,PMC12252545,10.7554/elife.97130,The microbiome interacts with the circadian clock and dietary composition to regulate metabolite cycling in the &lt;i&gt;Drosophila&lt;/i&gt; gut.,"Zhang Y, Noya SB, Li Y, Fang J, Sehgal A.",,2025,2025-07-11,6,Y,microbiome; gut microbiome; host
Zhang Y,"((ACCESSION_TYPE:""metabolights"") OR (LABS_PUBS:""1782"")) AND AUTH:""Zhang Y""",42266460,MED,42266460,PMC13245178,10.1093/ismeco/ycag119,Niacinamide modulation by hemocyanin shapes hemolymph microbial communities in Penaeid shrimp.,"Bao S, Jiang M, Aweya JJ, Zhang Y, Zhao X, Zhao Y, Yang C, Li S, Zheng Z, Zhang Y.",,2026,2026-01-01,0,Y,host; Vibrio; bacterial load; infection; Staphylococcus aureus
Zhang Y,"((ACCESSION_TYPE:""metabolights"") OR (LABS_PUBS:""1782"")) AND AUTH:""Zhang Y""",41189596,MED,41189596,PMC12581646,10.1016/j.isci.2025.113657,Sevoflurane-induced gut microbiota dysbiosis drives adolescent neurobehavioral deficits in neonatal rats: Protective role of eicosapentaenoic acid.,"Fan P, Wang K, Wei H, Yang L, Zhang S, Cheng Y, Li C, Zhang Y, Jia P, Zhang Y, Xun Y, Wang Y, Yang P, Zhang P, Wang N.",,2025,2025-09-27,1,Y,gut microbiota; microbiota; exposure; bacterial
Zhang Y,"((ACCESSION_TYPE:""metabolights"") OR (LABS_PUBS:""1782"")) AND AUTH:""Zhang Y""",38321225,MED,38321225,PMC10950786,10.1038/s43587-024-00572-9,"Age-, sex- and proximal-distal-resolved multi-omics identifies regulators of intestinal aging in non-human primates.","Wang X, Luo Y, He S, Lu Y, Gong Y, Gao L, Mao S, Liu X, Jiang N, Pu Q, Du D, Shu Y, Hai S, Li S, Chen HN, Zhao Y, Xie D, Qi S, Lei P, Hu H, Xu H, Zhou ZG, Dong B, Zhang H, Zhang Y, Dai L.",,2024,2024-02-06,34,Y,incidence
Zhang Y,"((ACCESSION_TYPE:""metabolights"") OR (LABS_PUBS:""1782"")) AND AUTH:""Zhang Y""",34478281,MED,34478281,PMC9807262,10.1021/acssynbio.1c00167,Metabolic Dynamics in <i>Escherichia coli</i>-Based Cell-Free Systems.,"Miguez AM, Zhang Y, Piorino F, Styczynski MP.",,2021,2021-09-03,21,N,Escherichia coli
Zhang Y,"((ACCESSION_TYPE:""metabolights"") OR (LABS_PUBS:""1782"")) AND AUTH:""Zhang Y""",38172782,MED,38172782,PMC10763682,10.1186/s12917-023-03849-0,Analysis of fecal microbiome and metabolome changes in goats with pregnant toxemia.,"Jin B, Wang R, Hu J, Wang Y, Cheng P, Zhang J, Zhang J, Xue G, Zhu Y, Zhang Y, Fang F, Liu Y, Li Y.",,2024,2024-01-03,7,Y,microbiome; microbiota; gut microbiota
Zhang Y,"((ACCESSION_TYPE:""metabolights"") OR (LABS_PUBS:""1782"")) AND AUTH:""Zhang Y""",37932270,MED,37932270,PMC10628233,10.1038/s41467-023-42788-0,Microbiome and metabolome features in inflammatory bowel disease via multi-omics integration analyses across cohorts.,"Ning L, Zhou YL, Sun H, Zhang Y, Shen C, Wang Z, Xuan B, Zhao Y, Ma Y, Yan Y, Tong T, Huang X, Hu M, Zhu X, Ding J, Zhang Y, Cui Z, Fang JY, Chen H, Hong J.",,2023,2023-11-06,234,Y,Microbiome; gut microbiota; bacteria; host
Zhang Y,"((ACCESSION_TYPE:""metabolights"") OR (LABS_PUBS:""1782"")) AND AUTH:""Zhang Y""",39731500,MED,39731500,PMC12915399,10.1080/21505594.2024.2440541,"Arginine depletion-induced autophagy and metabolic dysregulation are involved in the disease severity of hand, foot, and mouth disease.","Jin Y, Ji W, Zhang L, Dang D, Yu B, Zhang X, Zhang Y, Li J, Zhang Y, Yang R, Yang H, Chen S, Wang F, Duan G.",,2025,2024-12-28,0,Y,viral; virus
Zhang Y,"((ACCESSION_TYPE:""metabolights"") OR (LABS_PUBS:""1782"")) AND AUTH:""Zhang Y""",37585413,MED,37585413,PMC10431649,10.1371/journal.pntd.0011479,The gut microbiota contributes to changes in the host immune response induced by Trichinella spiralis.,"Li C, Liu Y, Liu X, Bai X, Jin X, Xu F, Chen H, Zhang Y, Vallee I, Liu M, Yang Y.",,2023,2023-08-16,12,Y,gut microbiota; host; parasite; zoonotic; infection; worm; Antibiotic; bacterial; microbiota
Zhang Y,"((ACCESSION_TYPE:""metabolights"") OR (LABS_PUBS:""1782"")) AND AUTH:""Zhang Y""",37453063,MED,37453063,,10.1016/j.celrep.2023.112798,Spermine is a natural suppressor of AR signaling in castration-resistant prostate cancer.,"Li X, Li F, Ye F, Guo H, Chen W, Jin J, Wang Y, Dai P, Shi H, Tao H, Dang W, Ding Y, Wang M, Jiang H, Chen K, Zhang N, Gao D, Zhang Y, Luo C.",,2023,2023-07-14,14,N,variant
Zhang Y,"((ACCESSION_TYPE:""metabolights"") OR (LABS_PUBS:""1782"")) AND AUTH:""Zhang Y""",38403655,MED,38403655,PMC10894479,10.1186/s12967-024-05004-1,Altered gut mycobiome in patients with end-stage renal disease and its correlations with serum and fecal metabolomes.,"Ren Y, Chen L, Guo R, Ma S, Li S, Zhang Y, Jiang H, Shi H, Zhang P.",,2024,2024-02-25,21,Y,mycobiome; fungal; host; Aspergillus fumigatus; Trichophyton
Zhang Y,"((ACCESSION_TYPE:""metabolights"") OR (LABS_PUBS:""1782"")) AND AUTH:""Zhang Y""",33955489,MED,33955489,PMC8136917,10.1093/plcell/koaa045,The glycosyltransferase UGT76B1 modulates N-hydroxy-pipecolic acid homeostasis and plant immunity.,"Mohnike L, Rekhter D, Huang W, Feussner K, Tian H, Herrfurth C, Zhang Y, Feussner I.",,2021,2021-05-01,102,Y,Pseudomonas; infection
Zhang Y,"((ACCESSION_TYPE:""metabolights"") OR (LABS_PUBS:""1782"")) AND AUTH:""Zhang Y""",36603646,MED,36603646,,10.1016/j.scitotenv.2022.161247,Insights into growth-affecting effect of nanomaterials: Using metabolomics and transcriptomics to reveal the molecular mechanisms of cucumber leaves upon exposure to polystyrene nanoplastics (PSNPs).,"Huang D, Shi Z, Shan X, Yang S, Zhang Y, Guo X.",,2023,2023-01-02,31,N,exposure; biosafety
Zhang Y,"((ACCESSION_TYPE:""metabolights"") OR (LABS_PUBS:""1782"")) AND AUTH:""Zhang Y""",32969666,MED,32969666,,10.1021/acs.jproteome.0c00281,The Impact of SlyA on Cell Metabolism of <i>Salmonella typhimurium</i>: A Joint Study of Transcriptomics and Metabolomics.,"Tian S, Wang C, Li Y, Bao X, Zhang Y, Tang T.",,2021,2020-10-07,12,N,Salmonella typhimurium; virulence; strain
Zhang Y,"((ACCESSION_TYPE:""metabolights"") OR (LABS_PUBS:""1782"")) AND AUTH:""Zhang Y""",32241904,MED,32241904,PMC7677483,10.1136/gutjnl-2019-319766,Aberrant gut microbiota alters host metabolome and impacts renal failure in humans and rodents.,"Wang X, Yang S, Li S, Zhao L, Hao Y, Qin J, Zhang L, Zhang C, Bian W, Zuo L, Gao X, Zhu B, Lei XG, Gu Z, Cui W, Xu X, Li Z, Zhu B, Li Y, Chen S, Guo H, Zhang H, Sun J, Zhang M, Hui Y, Zhang X, Liu X, Sun B, Wang L, Qiu Q, Zhang Y, Li X, Liu W, Xue R, Wu H, Shao D, Li J, Zhou Y, Li S, Yang R, Pedersen OB, Yu Z, Ehrlich SD, Ren F.",,2020,2020-04-02,458,Y,gut microbiota; host; microbiome; gut microbiome; Microbiota; antibiotic
Zhang Y,"((ACCESSION_TYPE:""metabolights"") OR (LABS_PUBS:""1782"")) AND AUTH:""Zhang Y""",34315889,MED,34315889,PMC8316550,10.1038/s41467-021-24482-1,The trans-omics landscape of COVID-19.,"Wu P, Chen D, Ding W, Wu P, Hou H, Bai Y, Zhou Y, Li K, Xiang S, Liu P, Ju J, Guo E, Liu J, Yang B, Fan J, He L, Sun Z, Feng L, Wang J, Wu T, Wang H, Cheng J, Xing H, Meng Y, Li Y, Zhang Y, Luo H, Xie G, Lan X, Tao Y, Li J, Yuan H, Huang K, Sun W, Qian X, Li Z, Huang M, Ding P, Wang H, Qiu J, Wang F, Wang S, Zhu J, Ding X, Chai C, Liang L, Wang X, Luo L, Sun Y, Yang Y, Zhuang Z, Li T, Tian L, Zhang S, Zhu L, Chang A, Chen L, Wu Y, Ma X, Chen F, Ren Y, Xu X, Liu S, Wang J, Yang H, Wang L, Sun C, Ma D, Jin X, Chen G.",,2021,2021-07-27,105,Y,COVID; outbreak; coronavirus
Zhang Y,"((ACCESSION_TYPE:""metabolights"") OR (LABS_PUBS:""1782"")) AND AUTH:""Zhang Y""",36222683,MED,36222683,PMC9769586,10.1128/spectrum.01972-22,Altered Fecal Microbiome and Correlations of the Metabolome with Plasma Metabolites in Dairy Cows with Left Displaced Abomasum.,"Luo Z, Yong K, Luo Q, Du Z, Ma L, Huang Y, Zhou T, Yao X, Shen L, Yu S, Deng J, Ren Z, Zhang Y, Yan Z, Zuo Z, Cao S.",,2022,2022-10-12,18,Y,Microbiome; gut microbiota; microbiota; amplicon sequencing; host; microbe
Zhang Y,"((ACCESSION_TYPE:""metabolights"") OR (LABS_PUBS:""1782"")) AND AUTH:""Zhang Y""",29241453,MED,29241453,PMC5731064,10.1186/s12915-017-0462-7,Bile acid is a significant host factor shaping the gut microbiome of diet-induced obese mice.,"Zheng X, Huang F, Zhao A, Lei S, Zhang Y, Xie G, Chen T, Qu C, Rajani C, Dong B, Li D, Jia W.",,2017,2017-12-14,244,Y,host; gut microbiome; bacteria; gut microbiota; microbiota
Zhang Y,"((ACCESSION_TYPE:""metabolights"") OR (LABS_PUBS:""1782"")) AND AUTH:""Zhang Y""",36272971,MED,36272971,PMC9588005,10.1038/s41597-022-01777-6,"Effects of heat stress on 16S rDNA, metagenome and metabolome in Holstein cows at different growth stages.","Feng L, Zhang Y, Liu W, Du D, Jiang W, Wang Z, Wang Z, Hu Z.",,2022,2022-10-22,13,Y,microbiome
Zhang Y,"((ACCESSION_TYPE:""metabolights"") OR (LABS_PUBS:""1782"")) AND AUTH:""Zhang Y""",32184446,MED,32184446,PMC7078199,10.1038/s41598-020-61851-0,Sex Differences in Colon Cancer Metabolism Reveal A Novel Subphenotype.,"Cai Y, Rattray NJW, Zhang Q, Mironova V, Santos-Neto A, Hsu KS, Rattray Z, Cross JR, Zhang Y, Paty PB, Khan SA, Johnson CH.",,2020,2020-03-17,59,Y,incidence
Zhang Y,"((ACCESSION_TYPE:""metabolights"") OR (LABS_PUBS:""1782"")) AND AUTH:""Zhang Y""",32324219,MED,32324219,PMC7319444,10.1093/nar/gkaa258,NOREVA: enhanced normalization and evaluation of time-course and multi-class metabolomic data.,"Yang Q, Wang Y, Zhang Y, Li F, Xia W, Zhou Y, Qiu Y, Li H, Zhu F.",,2020,2020-07-01,146,Y,case
Zhang Y,"((ACCESSION_TYPE:""metabolights"") OR (LABS_PUBS:""1782"")) AND AUTH:""Zhang Y""",31672964,MED,31672964,PMC6823360,10.1038/s41467-019-12896-x,Theabrownin from Pu-erh tea attenuates hypercholesterolemia via modulation of gut microbiota and bile acid metabolism.,"Huang F, Zheng X, Ma X, Jiang R, Zhou W, Zhou S, Zhang Y, Lei S, Wang S, Kuang J, Han X, Wei M, You Y, Li M, Li Y, Liang D, Liu J, Chen T, Yan C, Wei R, Rajani C, Shen C, Xie G, Bian Z, Li H, Zhao A, Jia W.",,2019,2019-10-31,576,Y,gut microbiota
Zhang Y,"((ACCESSION_TYPE:""metabolights"") OR (LABS_PUBS:""1782"")) AND AUTH:""Zhang Y""",29425238,MED,29425238,PMC5823473,10.1371/journal.ppat.1006850,Host-parasite co-metabolic activation of antitrypanosomal aminomethyl-benzoxaboroles.,"Zhang N, Zoltner M, Leung KF, Scullion P, Hutchinson S, Del Pino RC, Vincent IM, Zhang YK, Freund YR, Alley MRK, Jacobs RT, Read KD, Barrett MP, Horn D, Field MC.",,2018,2018-02-09,25,Y,Host; parasite; African Trypanosomiasis; Trypanosoma brucei
Zhang Y,"((ACCESSION_TYPE:""metabolights"") OR (LABS_PUBS:""1782"")) AND AUTH:""Zhang Y""",28552780,MED,28552780,,10.1016/j.molp.2017.05.007,The Genome of Medicinal Plant Macleaya cordata Provides New Insights into Benzylisoquinoline Alkaloids Metabolism.,"Liu X, Liu Y, Huang P, Ma Y, Qing Z, Tang Q, Cao H, Cheng P, Zheng Y, Yuan Z, Zhou Y, Liu J, Tang Z, Zhuo Y, Zhang Y, Yu L, Huang J, Yang P, Peng Q, Zhang J, Jiang W, Zhang Z, Lin K, Ro DK, Chen X, Xiong X, Shang Y, Huang S, Zeng J.",,2017,2017-05-26,102,N,antibiotics; public health
Zhang Y,"((ACCESSION_TYPE:""metabolights"") OR (LABS_PUBS:""1782"")) AND AUTH:""Zhang Y""",26674679,MED,26674679,,10.1016/j.scitotenv.2015.11.162,"Hepatotoxicity and nephrotoxicity induced by the chlorpyrifos and chlorpyrifos-methyl metabolite, 3,5,6-trichloro-2-pyridinol, in orally exposed mice.","Deng Y, Zhang Y, Lu Y, Zhao Y, Ren H.",,2016,2015-12-08,42,N,exposure
Zhang Y,"((ACCESSION_TYPE:""metabolights"") OR (LABS_PUBS:""1782"")) AND AUTH:""Zhang Y""",23883474,MED,23883474,,10.1021/es401615y,Evaluation of the toxic effects of municipal wastewater effluent on mice using omic approaches.,"Zhang Y, Huang K, Deng Y, Zhao Y, Wu B, Xu K, Ren H.",,2013,2013-08-06,17,N,exposure
Pandey V,"((ACCESSION_TYPE:""metabolights"") OR (LABS_PUBS:""1782"")) AND AUTH:""Pandey V""",26646939,MED,26646939,PMC4672680,10.1038/sdata.2015.68,Multi-omic profiles of human non-alcoholic fatty liver disease tissue highlight heterogenic phenotypes.,"Wruck W, Kashofer K, Rehman S, Daskalaki A, Berg D, Gralka E, Jozefczuk J, Drews K, Pandey V, Regenbrecht C, Wierling C, Turano P, Korf U, Zatloukal K, Lehrach H, Westerhoff HV, Adjaye J.",,2015,2015-12-08,44,Y,prevalence
Liu Y,"((ACCESSION_TYPE:""metabolights"") OR (LABS_PUBS:""1782"")) AND AUTH:""Liu Y""",42382405,MED,42382405,PMC13314450,10.3389/fpls.2026.1843423,Maize recruits beneficial microorganisms via rhizosphere metabolites as signals to construct a functional network for saline-alkaline stress resistance.,"Han Y, Li X, Zhou C, Xu T, Liu Y, Dou Y, Hu G, Wang J.",,2026,2026-06-16,1,Y,bacterial; fungal; pathogen; bacteria; microbiome
Liu Y,"((ACCESSION_TYPE:""metabolights"") OR (LABS_PUBS:""1782"")) AND AUTH:""Liu Y""",38596683,MED,38596683,PMC11002173,10.3389/fimmu.2024.1333848,L-fucose and fucoidan alleviate high-salt diet-promoted acute inflammation.,"Li W, Wu P, Jin T, Jia J, Chen B, Liu T, Liu Y, Mei J, Luo B, Zhang Z.",,2024,2024-03-26,11,Y,incidence; antibiotics; gut microbiota
Liu Y,"((ACCESSION_TYPE:""metabolights"") OR (LABS_PUBS:""1782"")) AND AUTH:""Liu Y""",41339929,MED,41339929,PMC12781782,10.1186/s40168-025-02267-8,Modulating the gut-bladder axis: fecal transplantation protects antibiotic-treated mice from E. coli cystitis via the Ahr/Prg4 pathway.,"Yang Y, Chen H, Lu J, Yang N, Liu L, Zhang Q, Tang M, Li X, Meng B, Li Y, Yu L, Gao L, Zhang H, Wu T, Zheng Y, Liu Y, Shen Y, Li J.",,2025,2025-12-03,1,Y,antibiotic; E. coli; Bacterial; Escherichia coli; urinary tract infection; infection; gut microbiota; microbiota
Liu Y,"((ACCESSION_TYPE:""metabolights"") OR (LABS_PUBS:""1782"")) AND AUTH:""Liu Y""",39347852,MED,39347852,PMC11442815,10.1007/s44154-024-00178-6,Modulation of liver metabolism and gut microbiota by Alhagi-honey alleviated heat stress-induced liver damage.,"Xu J, Liu Y, Cao X, Guo X, Wang J, Liu Y, Zhou H, Ma B, Peng S.",,2024,2024-09-30,6,Y,gut microbiota; transmission; bacterial
Liu Y,"((ACCESSION_TYPE:""metabolights"") OR (LABS_PUBS:""1782"")) AND AUTH:""Liu Y""",38172782,MED,38172782,PMC10763682,10.1186/s12917-023-03849-0,Analysis of fecal microbiome and metabolome changes in goats with pregnant toxemia.,"Jin B, Wang R, Hu J, Wang Y, Cheng P, Zhang J, Zhang J, Xue G, Zhu Y, Zhang Y, Fang F, Liu Y, Li Y.",,2024,2024-01-03,7,Y,microbiome; microbiota; gut microbiota
Liu Y,"((ACCESSION_TYPE:""metabolights"") OR (LABS_PUBS:""1782"")) AND AUTH:""Liu Y""",38529471,MED,38529471,PMC10962445,10.3389/fcimb.2024.1283737,Gallbladder microbial species and host bile acids biosynthesis linked to cholesterol gallstone comparing to pigment individuals.,"Zhang X, Hu J, Li Y, Tang J, Yang K, Zhong A, Liu Y, Zhang T.",,2024,2024-03-11,11,Y,host; Microbiota; microbiome; bacteria; fungi
Liu Y,"((ACCESSION_TYPE:""metabolights"") OR (LABS_PUBS:""1782"")) AND AUTH:""Liu Y""",35024088,MED,35024088,PMC8745357,10.1080/20002297.2021.2015166,Arginine-induced metabolomic perturbation in <i>Streptococcus mutans</i>.,"Liu Y, Liu S, Zhi Q, Zhuang P, Zhang R, Zhang Z, Zhang K, Sun Y.",,2022,2022-01-07,15,Y,Streptococcus; pathogen; biofilm
Liu Y,"((ACCESSION_TYPE:""metabolights"") OR (LABS_PUBS:""1782"")) AND AUTH:""Liu Y""",37585413,MED,37585413,PMC10431649,10.1371/journal.pntd.0011479,The gut microbiota contributes to changes in the host immune response induced by Trichinella spiralis.,"Li C, Liu Y, Liu X, Bai X, Jin X, Xu F, Chen H, Zhang Y, Vallee I, Liu M, Yang Y.",,2023,2023-08-16,12,Y,gut microbiota; host; parasite; zoonotic; infection; worm; Antibiotic; bacterial; microbiota
Liu Y,"((ACCESSION_TYPE:""metabolights"") OR (LABS_PUBS:""1782"")) AND AUTH:""Liu Y""",36482895,MED,36482895,PMC9723241,10.3389/fgene.2022.1021103,Transcript variants of long-chain acyl-CoA synthase 1 have distinct roles in sheep lipid metabolism.,"Cao Y, Yu Y, Zhang L, Liu Y, Zheng K, Wang S, Jin H, Liu L, Cao Y.",,2022,2022-11-22,6,Y,subtype
Liu Y,"((ACCESSION_TYPE:""metabolights"") OR (LABS_PUBS:""1782"")) AND AUTH:""Liu Y""",35758253,MED,35758253,PMC9235893,10.1080/19490976.2022.2091369,Intestinal accumulation of microbiota-produced succinate caused by loss of microRNAs leads to diarrhea in weanling piglets.,"Zhou X, Liu Y, Xiong X, Chen J, Tang W, He L, Zhang Z, Yin Y, Li F.",,2022,2022-01-01,59,Y,microbiota; Diarrheal disease; microbiome
Liu Y,"((ACCESSION_TYPE:""metabolights"") OR (LABS_PUBS:""1782"")) AND AUTH:""Liu Y""",34389721,MED,34389721,PMC8363725,10.1038/s41467-021-24682-9,Mapping the biosynthetic pathway of a hybrid polyketide-nonribosomal peptide in a metazoan.,"Feng L, Gordon MT, Liu Y, Basso KB, Butcher RA.",,2021,2021-08-13,24,Y,worm; carrier
Liu Y,"((ACCESSION_TYPE:""metabolights"") OR (LABS_PUBS:""1782"")) AND AUTH:""Liu Y""",36338029,MED,36338029,PMC9631217,10.3389/fmicb.2022.993146,Sodium butyrate mediates histone crotonylation and alleviated neonatal rats hypoxic-ischemic brain injury through gut-brain axis.,"He X, Zhang T, Zeng Y, Pei P, Liu Y, Jia W, Zhao H, Bi M, Wang S.",,2022,2022-10-20,43,Y,bacteria; gut microbiota
Liu Y,"((ACCESSION_TYPE:""metabolights"") OR (LABS_PUBS:""1782"")) AND AUTH:""Liu Y""",31196218,MED,31196218,PMC6567409,10.1186/s13071-019-3554-0,Deciphering the metabolic perturbation in hepatic alveolar echinococcosis: a <sup>1</sup>H NMR-based metabolomics study.,"Lin C, Chen Z, Zhang L, Wei Z, Cheng KK, Liu Y, Shen G, Fan H, Dong J.",,2019,2019-06-13,26,Y,echinococcosis; Echinococcus; parasitic; incubation period
Liu Y,"((ACCESSION_TYPE:""metabolights"") OR (LABS_PUBS:""1782"")) AND AUTH:""Liu Y""",28552780,MED,28552780,,10.1016/j.molp.2017.05.007,The Genome of Medicinal Plant Macleaya cordata Provides New Insights into Benzylisoquinoline Alkaloids Metabolism.,"Liu X, Liu Y, Huang P, Ma Y, Qing Z, Tang Q, Cao H, Cheng P, Zheng Y, Yuan Z, Zhou Y, Liu J, Tang Z, Zhuo Y, Zhang Y, Yu L, Huang J, Yang P, Peng Q, Zhang J, Jiang W, Zhang Z, Lin K, Ro DK, Chen X, Xiong X, Shang Y, Huang S, Zeng J.",,2017,2017-05-26,102,N,antibiotics; public health
Liu Y,"((ACCESSION_TYPE:""metabolights"") OR (LABS_PUBS:""1782"")) AND AUTH:""Liu Y""",27697573,MED,27697573,,10.1016/j.jpba.2016.09.044,NMR-based metabonomics and correlation analysis reveal potential biomarkers associated with chronic atrophic gastritis.,"Cui J, Liu Y, Hu Y, Tong J, Li A, Qu T, Qin X, Du G.",,2017,2016-09-28,36,N,prevalence
Johansson AI,"((ACCESSION_TYPE:""metabolights"") OR (LABS_PUBS:""1782"")) AND AUTH:""Johansson AI""",32648607,MED,32648607,,10.1111/nph.16799,A metabolite roadmap of the wood-forming tissue in Populus tremula.,"Abreu IN, Johansson AI, Sokołowska K, Niittylä T, Sundberg B, Hvidsten TR, Street NR, Moritz T.",,2020,2020-08-27,28,N,host
Nilsson O,"((ACCESSION_TYPE:""metabolights"") OR (LABS_PUBS:""1782"")) AND AUTH:""Nilsson O""",28640868,MED,28640868,PMC5480960,10.1371/journal.pone.0179640,Functional metabolomics as a tool to analyze Mediator function and structure in plants.,"Davoine C, Abreu IN, Khajeh K, Blomberg J, Kidd BN, Kazan K, Schenk PM, Gerber L, Nilsson O, Moritz T, Björklund S.",,2017,2017-06-22,11,Y,exposure; pathogen
Lind L,"((ACCESSION_TYPE:""metabolights"") OR (LABS_PUBS:""1782"")) AND AUTH:""Lind L""",36151114,MED,36151114,PMC9508139,10.1038/s41467-022-33050-0,An online atlas of human plasma metabolite signatures of gut microbiome composition.,"Dekkers KF, Sayols-Baixeras S, Baldanzi G, Nowak C, Hammar U, Nguyen D, Varotsis G, Brunkwall L, Nielsen N, Eklund AC, Bak Holm J, Nielsen HB, Ottosson F, Lin YT, Ahmad S, Lind L, Sundström J, Engström G, Smith JG, Ärnlöv J, Orho-Melander M, Fall T.",,2022,2022-09-23,177,Y,gut microbiome; gut microbiota; microbiota
Lind L,"((ACCESSION_TYPE:""metabolights"") OR (LABS_PUBS:""1782"")) AND AUTH:""Lind L""",27406814,MED,27406814,PMC5451119,10.1007/s00125-016-4041-1,Non-targeted metabolomics combined with genetic analyses identifies bile acid synthesis and phospholipid metabolism as being associated with incident type 2 diabetes.,"Fall T, Salihovic S, Brandmaier S, Nowak C, Ganna A, Gustafsson S, Broeckling CD, Prenni JE, Kastenmüller G, Peters A, Magnusson PK, Wang-Sattler R, Giedraitis V, Berne C, Gieger C, Pedersen NL, Ingelsson E, Lind L.",,2016,2016-07-12,92,N,variant
Näsström E,"((ACCESSION_TYPE:""metabolights"") OR (LABS_PUBS:""1782"")) AND AUTH:""Näsström E""",29373578,MED,29373578,PMC5802941,10.1371/journal.pntd.0006215,Diagnostic metabolite biomarkers of chronic typhoid carriage.,"Näsström E, Jonsson P, Johansson A, Dongol S, Karkey A, Basnyat B, Tran Vu Thieu N, Trinh Van T, Thwaites GE, Antti H, Baker S.",,2018,2018-01-26,23,Y,typhoid; Salmonella; bacteria; transmission; public health; endemic; acute infection
Ahnlund M,"((ACCESSION_TYPE:""metabolights"") OR (LABS_PUBS:""1782"")) AND AUTH:""Ahnlund M""",29298676,MED,29298676,PMC5753437,10.1186/s12864-017-4411-1,A multi-omics approach reveals function of Secretory Carrier-Associated Membrane Proteins in wood formation of​ ​​Populus​​ ​trees.,"Obudulu O, Mähler N, Skotare T, Bygdell J, Abreu IN, Ahnlund M, Latha Gandla M, Petterle A, Moritz T, Hvidsten TR, Jönsson LJ, Wingsle G, Trygg J, Tuominen H.",,2018,2018-01-03,19,Y,Carrier
Yang Y,"((ACCESSION_TYPE:""metabolights"") OR (LABS_PUBS:""1782"")) AND AUTH:""Yang Y""",41339929,MED,41339929,PMC12781782,10.1186/s40168-025-02267-8,Modulating the gut-bladder axis: fecal transplantation protects antibiotic-treated mice from E. coli cystitis via the Ahr/Prg4 pathway.,"Yang Y, Chen H, Lu J, Yang N, Liu L, Zhang Q, Tang M, Li X, Meng B, Li Y, Yu L, Gao L, Zhang H, Wu T, Zheng Y, Liu Y, Shen Y, Li J.",,2025,2025-12-03,1,Y,antibiotic; E. coli; Bacterial; Escherichia coli; urinary tract infection; infection; gut microbiota; microbiota
Yang Y,"((ACCESSION_TYPE:""metabolights"") OR (LABS_PUBS:""1782"")) AND AUTH:""Yang Y""",39351301,MED,39351301,PMC11441332,10.3389/fmicb.2024.1442235,Unveiling superior phenol detoxification and degradation ability in <i>Candida tropicalis</i> SHC-03: a comparative study with <i>Saccharomyces cerevisiae</i> BY4742.,"Li Q, Chen Y, Tang H, Shu B, Zhang Z, Tang J, Li D, Jiang L, Shen J, Yang Y, Wang H, Ma M.",,2024,2024-09-11,1,Y,Candida
Yang Y,"((ACCESSION_TYPE:""metabolights"") OR (LABS_PUBS:""1782"")) AND AUTH:""Yang Y""",35735975,MED,35735975,PMC9430611,10.1128/spectrum.00176-22,Phosphoproteomic and Metabolomic Profiling Uncovers the Roles of CcPmk1 in the Pathogenicity of <i>Cytospora chrysosperma</i>.,"Yu L, Yang Y, Xiong D, Tian C.",,2022,2022-06-23,9,Y,fungi; fungal; infection; virulence
Yang Y,"((ACCESSION_TYPE:""metabolights"") OR (LABS_PUBS:""1782"")) AND AUTH:""Yang Y""",37585413,MED,37585413,PMC10431649,10.1371/journal.pntd.0011479,The gut microbiota contributes to changes in the host immune response induced by Trichinella spiralis.,"Li C, Liu Y, Liu X, Bai X, Jin X, Xu F, Chen H, Zhang Y, Vallee I, Liu M, Yang Y.",,2023,2023-08-16,12,Y,gut microbiota; host; parasite; zoonotic; infection; worm; Antibiotic; bacterial; microbiota
Yang Y,"((ACCESSION_TYPE:""metabolights"") OR (LABS_PUBS:""1782"")) AND AUTH:""Yang Y""",37207649,MED,37207649,,10.1016/j.chom.2023.04.018,Airway dysbiosis accelerates lung function decline in chronic obstructive pulmonary disease.,"Liang W, Yang Y, Gong S, Wei M, Ma Y, Feng R, Gao J, Liu X, Tu F, Ma W, Yi X, Liang Z, Wang F, Wang L, Chen D, Shu W, Miller BE, Tal-Singer R, Donaldson GC, Wedzicha JA, Singh D, Singh D, Wilkinson TMA, Brightling CE, Chen R, Zhong N, Wang Z.",,2023,2023-05-18,72,N,microbiota; Staphylococcus aureus; microbiome
Yang Y,"((ACCESSION_TYPE:""metabolights"") OR (LABS_PUBS:""1782"")) AND AUTH:""Yang Y""",40017507,MED,40017507,PMC11867264,10.1016/j.isci.2025.111890,Deciphering the anti-obesity mechanisms of pharmabiotic probiotics through advanced multiomics analysis.,"Kim YR, Choi TR, Jo SH, Song WS, Kim T, Kim MG, Baek JH, Kwon SY, Choi BG, Seo SW, Jang CS, Yang YH, Kim YG.",,2025,2025-01-25,5,Y,gut microbiota; host; microbe
Yang Y,"((ACCESSION_TYPE:""metabolights"") OR (LABS_PUBS:""1782"")) AND AUTH:""Yang Y""",35922508,MED,35922508,PMC9365697,10.1038/s41586-022-05030-3,Brown-fat-mediated tumour suppression by cold-altered global metabolism.,"Seki T, Yang Y, Sun X, Lim S, Xie S, Guo Z, Xiong W, Kuroda M, Sakaue H, Hosaka K, Jing X, Yoshihara M, Qu L, Li X, Chen Y, Cao Y.",,2022,2022-08-03,222,Y,exposure
Yang Y,"((ACCESSION_TYPE:""metabolights"") OR (LABS_PUBS:""1782"")) AND AUTH:""Yang Y""",32916129,MED,32916129,PMC8109273,10.1016/j.cell.2020.08.007,Longitudinal Multi-omics Reveals Subset-Specific Mechanisms Underlying Irritable Bowel Syndrome.,"Mars RAT, Yang Y, Ward T, Houtti M, Priya S, Lekatz HR, Tang X, Sun Z, Kalari KR, Korem T, Bhattarai Y, Zheng T, Bar N, Frost G, Johnson AJ, van Treuren W, Han S, Ordog T, Grover M, Sonnenburg J, D'Amato M, Camilleri M, Elinav E, Segal E, Blekhman R, Farrugia G, Swann JR, Knights D, Kashyap PC.",,2020,2020-09-10,330,N,gut microbiome; host; subtype
Yang Y,"((ACCESSION_TYPE:""metabolights"") OR (LABS_PUBS:""1782"")) AND AUTH:""Yang Y""",34315889,MED,34315889,PMC8316550,10.1038/s41467-021-24482-1,The trans-omics landscape of COVID-19.,"Wu P, Chen D, Ding W, Wu P, Hou H, Bai Y, Zhou Y, Li K, Xiang S, Liu P, Ju J, Guo E, Liu J, Yang B, Fan J, He L, Sun Z, Feng L, Wang J, Wu T, Wang H, Cheng J, Xing H, Meng Y, Li Y, Zhang Y, Luo H, Xie G, Lan X, Tao Y, Li J, Yuan H, Huang K, Sun W, Qian X, Li Z, Huang M, Ding P, Wang H, Qiu J, Wang F, Wang S, Zhu J, Ding X, Chai C, Liang L, Wang X, Luo L, Sun Y, Yang Y, Zhuang Z, Li T, Tian L, Zhang S, Zhu L, Chang A, Chen L, Wu Y, Ma X, Chen F, Ren Y, Xu X, Liu S, Wang J, Yang H, Wang L, Sun C, Ma D, Jin X, Chen G.",,2021,2021-07-27,105,Y,COVID; outbreak; coronavirus
Yang Y,"((ACCESSION_TYPE:""metabolights"") OR (LABS_PUBS:""1782"")) AND AUTH:""Yang Y""",32648886,MED,32648886,,10.1039/d0fo01178a,Sacha inchi oil alleviates gut microbiota dysbiosis and improves hepatic lipid dysmetabolism in high-fat diet-fed rats.,"Li P, Huang J, Xiao N, Cai X, Yang Y, Deng J, Zhang LH, Du B.",,2020,2020-07-10,30,N,gut microbiota
Yang Y,"((ACCESSION_TYPE:""metabolights"") OR (LABS_PUBS:""1782"")) AND AUTH:""Yang Y""",28421049,MED,28421049,PMC5377924,10.3389/fmicb.2017.00548,Transcriptomic and Metabolomics Profiling of Phage-Host Interactions between Phage PaP1 and <i>Pseudomonas aeruginosa</i>.,"Zhao X, Shen M, Jiang X, Shen W, Zhong Q, Yang Y, Tan Y, Agnello M, He X, Hu F, Le S.",,2017,2017-03-30,40,Y,Host; Pseudomonas aeruginosa; bacterial; infection; P. aeruginosa
Yang Y,"((ACCESSION_TYPE:""metabolights"") OR (LABS_PUBS:""1782"")) AND AUTH:""Yang Y""",31043597,MED,31043597,PMC6494866,10.1038/s41467-019-09964-7,Small intestinal microbial dysbiosis underlies symptoms associated with functional gastrointestinal disorders.,"Saffouri GB, Shields-Cutler RR, Chen J, Yang Y, Lekatz HR, Hale VL, Cho JM, Battaglioli EJ, Bhattarai Y, Thompson KJ, Kalari KK, Behera G, Berry JC, Peters SA, Patel R, Schuetz AN, Faith JJ, Camilleri M, Sonnenburg JL, Farrugia G, Swann JR, Grover M, Knights D, Kashyap PC.",,2019,2019-05-01,223,Y,bacterial; antibiotics
Yang Y,"((ACCESSION_TYPE:""metabolights"") OR (LABS_PUBS:""1782"")) AND AUTH:""Yang Y""",30830373,MED,30830373,,10.1007/s11306-018-1387-z,Non-invasive urinary metabolomic profiles discriminate biliary atresia from infantile hepatitis syndrome.,"Li WW, Yang Y, Dai QG, Lin LL, Xie T, He LL, Tao JL, Shan JJ, Wang SC.",,2018,2018-06-21,8,N,hepatitis
Jönsson LJ,"((ACCESSION_TYPE:""metabolights"") OR (LABS_PUBS:""1782"")) AND AUTH:""Jönsson LJ""",29298676,MED,29298676,PMC5753437,10.1186/s12864-017-4411-1,A multi-omics approach reveals function of Secretory Carrier-Associated Membrane Proteins in wood formation of​ ​​Populus​​ ​trees.,"Obudulu O, Mähler N, Skotare T, Bygdell J, Abreu IN, Ahnlund M, Latha Gandla M, Petterle A, Moritz T, Hvidsten TR, Jönsson LJ, Wingsle G, Trygg J, Tuominen H.",,2018,2018-01-03,19,Y,Carrier
Moritz T,"((ACCESSION_TYPE:""metabolights"") OR (LABS_PUBS:""1782"")) AND AUTH:""Moritz T""",32648607,MED,32648607,,10.1111/nph.16799,A metabolite roadmap of the wood-forming tissue in Populus tremula.,"Abreu IN, Johansson AI, Sokołowska K, Niittylä T, Sundberg B, Hvidsten TR, Street NR, Moritz T.",,2020,2020-08-27,28,N,host
Moritz T,"((ACCESSION_TYPE:""metabolights"") OR (LABS_PUBS:""1782"")) AND AUTH:""Moritz T""",34313459,MED,34313459,PMC8409738,10.1128/msystems.00232-21,Ecological Adaptation and Succession of Human Fecal Microbial Communities in an Automated <i>In Vitro</i> Fermentation System.,"Gnanasekaran T, Assis Geraldo J, Ahrenkiel DW, Alvarez-Silva C, Saenz C, Khan A, Hanteer O, Gunalan V, Trost K, Moritz T, Arumugam M.",,2021,2021-07-27,9,Y,gut microbiota; host; amplicon sequencing; microbiota; Microbiome
Moritz T,"((ACCESSION_TYPE:""metabolights"") OR (LABS_PUBS:""1782"")) AND AUTH:""Moritz T""",28640868,MED,28640868,PMC5480960,10.1371/journal.pone.0179640,Functional metabolomics as a tool to analyze Mediator function and structure in plants.,"Davoine C, Abreu IN, Khajeh K, Blomberg J, Kidd BN, Kazan K, Schenk PM, Gerber L, Nilsson O, Moritz T, Björklund S.",,2017,2017-06-22,11,Y,exposure; pathogen
Moritz T,"((ACCESSION_TYPE:""metabolights"") OR (LABS_PUBS:""1782"")) AND AUTH:""Moritz T""",29298676,MED,29298676,PMC5753437,10.1186/s12864-017-4411-1,A multi-omics approach reveals function of Secretory Carrier-Associated Membrane Proteins in wood formation of​ ​​Populus​​ ​trees.,"Obudulu O, Mähler N, Skotare T, Bygdell J, Abreu IN, Ahnlund M, Latha Gandla M, Petterle A, Moritz T, Hvidsten TR, Jönsson LJ, Wingsle G, Trygg J, Tuominen H.",,2018,2018-01-03,19,Y,Carrier
Gao Q,"((ACCESSION_TYPE:""metabolights"") OR (LABS_PUBS:""1782"")) AND AUTH:""Gao Q""",41290697,MED,41290697,PMC12647699,10.1038/s41597-025-06296-8,A metabolome and microbiome dataset of male morphotype differentiation in giant freshwater prawn Macrobrachium rosenbergii.,"Huang Y, Zhao X, Cai M, Xia Z, Li B, Yu J, Sheng Q, Tang Q, Gao Q, Yi S.",,2025,2025-11-25,0,Y,microbiome; gut microbiota; host; microbiota
Gao Q,"((ACCESSION_TYPE:""metabolights"") OR (LABS_PUBS:""1782"")) AND AUTH:""Gao Q""",39820425,MED,39820425,PMC11739686,10.1038/s41597-025-04429-7,Multi-omics dataset of individual variations in growth performance of large yellow croaker.,"Huang H, Cheng Z, Wang Y, Qiao G, Wang X, Yue Y, Gao Q, Peng S.",,2025,2025-01-16,0,Y,Gut microbiota; metagenomics; microbiome; host
Zhu Y,"((ACCESSION_TYPE:""metabolights"") OR (LABS_PUBS:""1782"")) AND AUTH:""Zhu Y""",41972001,MED,41972001,PMC13062522,10.1016/j.isci.2026.115397,Circadian disruption exacerbates MASH by reducing &lt;i&gt;Akkermansia muciniphila&lt;/i&gt; via the FXR-CYP7A1-bile acid axis.,"Xue H, Zeng D, You Y, Zhang J, Chen X, Xing Q, Zeng W, Wu M, Pan J, Zhu Y.",,2026,2026-03-17,1,Y,exposure
Zhu Y,"((ACCESSION_TYPE:""metabolights"") OR (LABS_PUBS:""1782"")) AND AUTH:""Zhu Y""",42006288,MED,42006288,PMC13091023,10.1016/j.isci.2026.115436,Creatine uptake promotes dendritic cell activation and enhances antitumor immunity.,"Kang E, Elsten-Brown J, Wang YC, Lam A, Sanchez E, Wen R, Wang T, Chiang J, Scarborough Q, Li YR, Zhu Y, Huang J, Williams M, Eckl S, Li B, Yang L.",,2026,2026-03-21,1,Y,antigen
Zhu Y,"((ACCESSION_TYPE:""metabolights"") OR (LABS_PUBS:""1782"")) AND AUTH:""Zhu Y""",41584685,MED,41584685,PMC12828522,10.1016/j.aninu.2025.09.008,Engineered &lt;i&gt;Bacillus subtilis&lt;/i&gt; WB600/ZD reduces post-weaning diarrhea in piglets by modulating gut microbiota and aryl hydrocarbon receptor (AHR) signaling.,"Li W, Wang X, Zhang Y, Yang H, Wang X, Meng W, Hu T, Zhang W, Zhu Y, Wang J, Yang G.",,2026,2025-11-20,0,Y,Bacillus; gut microbiota; Salmonella; incidence; microbiota; antibiotic; Salmonella enterica; infection
Zhu Y,"((ACCESSION_TYPE:""metabolights"") OR (LABS_PUBS:""1782"")) AND AUTH:""Zhu Y""",38172782,MED,38172782,PMC10763682,10.1186/s12917-023-03849-0,Analysis of fecal microbiome and metabolome changes in goats with pregnant toxemia.,"Jin B, Wang R, Hu J, Wang Y, Cheng P, Zhang J, Zhang J, Xue G, Zhu Y, Zhang Y, Fang F, Liu Y, Li Y.",,2024,2024-01-03,7,Y,microbiome; microbiota; gut microbiota
Zhu Y,"((ACCESSION_TYPE:""metabolights"") OR (LABS_PUBS:""1782"")) AND AUTH:""Zhu Y""",37621874,MED,37621874,PMC10446838,10.3389/fcimb.2023.1134321,The crosstalk between microbiota and metabolites in AP mice: an analysis based on metagenomics and untargeted metabolomics.,"Zhou Q, Tao X, Guo F, Zhu Y, Wu Y, Xiang H, Shang D.",,2023,2023-08-09,6,Y,microbiota; metagenomics; Microbiome; gut microbiome; gut microbiota
Zhu Y,"((ACCESSION_TYPE:""metabolights"") OR (LABS_PUBS:""1782"")) AND AUTH:""Zhu Y""",34512584,MED,34512584,PMC8430895,10.3389/fmicb.2021.706772,Heat Stress Alters the Intestinal Microbiota and Metabolomic Profiles in Mice.,"Wen C, Li S, Wang J, Zhu Y, Zong X, Wang Y, Jin M.",,2021,2021-08-20,53,Y,Microbiota; bacterium
Zhu Y,"((ACCESSION_TYPE:""metabolights"") OR (LABS_PUBS:""1782"")) AND AUTH:""Zhu Y""",29688451,MED,29688451,PMC6333913,10.1093/gigascience/giy021,Genome-scale metabolic modeling of responses to polymyxins in Pseudomonas aeruginosa.,"Zhu Y, Czauderna T, Zhao J, Klapperstueck M, Maifiah MHM, Han ML, Lu J, Sommer B, Velkov T, Lithgow T, Song J, Schreiber F, Li J.",,2018,2018-04-01,46,Y,Pseudomonas aeruginosa; immunocompromised; antibiotics; P. aeruginosa; bacterial; Pseudomonas
Zhu Y,"((ACCESSION_TYPE:""metabolights"") OR (LABS_PUBS:""1782"")) AND AUTH:""Zhu Y""",32457238,MED,32457238,PMC7253363,10.1128/msystems.00077-20,The Killing Mechanism of Teixobactin against Methicillin-Resistant Staphylococcus aureus: an Untargeted Metabolomics Study.,"Hussein M, Karas JA, Schneider-Futschik EK, Chen F, Swarbrick J, Paulin OKA, Hoyer D, Baker M, Zhu Y, Li J, Velkov T.",,2020,2020-05-26,40,Y,Methicillin-Resistant; Staphylococcus aureus; Antibiotics; bacterial; bacterium; bacteria; MRSA; vancomycin-resistant; antibiotic; strain; S. aureus; Antimicrobial resistance
Zhu Y,"((ACCESSION_TYPE:""metabolights"") OR (LABS_PUBS:""1782"")) AND AUTH:""Zhu Y""",30637340,MED,30637340,PMC6325167,10.1128/msystems.00149-18,Comparative Metabolomics and Transcriptomics Reveal Multiple Pathways Associated with Polymyxin Killing in Pseudomonas aeruginosa.,"Han ML, Zhu Y, Creek DJ, Lin YW, Gutu AD, Hertzog P, Purcell T, Shen HH, Moskowitz SM, Velkov T, Li J.",,2019,2019-01-08,60,Y,Pseudomonas aeruginosa; P. aeruginosa; strain; Pathogen; antibiotics; antibiotic
Hu Y,"((ACCESSION_TYPE:""metabolights"") OR (LABS_PUBS:""1782"")) AND AUTH:""Hu Y""",37180171,MED,37180171,PMC10172510,10.3389/fimmu.2023.1181697,Integrative single-cell RNA sequencing and metabolomics decipher the imbalanced lipid-metabolism in maladaptive immune responses during sepsis.,"She H, Tan L, Wang Y, Du Y, Zhou Y, Zhang J, Du Y, Guo N, Wu Z, Li Q, Bao D, Mao Q, Hu Y, Liu L, Li T.",,2023,2023-04-27,41,Y,sepsis; vector
Hu Y,"((ACCESSION_TYPE:""metabolights"") OR (LABS_PUBS:""1782"")) AND AUTH:""Hu Y""",30399141,MED,30399141,PMC6219761,10.1371/journal.pgen.1007735,Genotype to phenotype: Diet-by-mitochondrial DNA haplotype interactions drive metabolic flexibility and organismal fitness.,"Aw WC, Towarnicki SG, Melvin RG, Youngson NA, Garvin MR, Hu Y, Nielsen S, Thomas T, Pickford R, Bustamante S, Vila-Sanjurjo A, Smyth GK, Ballard JWO.",,2018,2018-11-06,46,Y,incidence; microbiome
Hu Y,"((ACCESSION_TYPE:""metabolights"") OR (LABS_PUBS:""1782"")) AND AUTH:""Hu Y""",27697573,MED,27697573,,10.1016/j.jpba.2016.09.044,NMR-based metabonomics and correlation analysis reveal potential biomarkers associated with chronic atrophic gastritis.,"Cui J, Liu Y, Hu Y, Tong J, Li A, Qu T, Qin X, Du G.",,2017,2016-09-28,36,N,prevalence
Zhao Y,"((ACCESSION_TYPE:""metabolights"") OR (LABS_PUBS:""1782"")) AND AUTH:""Zhao Y""",41544443,MED,41544443,PMC12830193,10.1016/j.psj.2026.106388,Multi-omics reveals co-regulation of hepatic bile acid metabolism in laying hens by host genetics and the cecal Anaerostipes.,"Yang W, Zhao Y, Liu X, Cai Y, Dai Y, Zhang H, Chen Y, Chen F, Liu F, Sun C, Yang N, Yan W.",,2026,2026-01-04,1,Y,host; gut microbiota; Microbiome
Zhao Y,"((ACCESSION_TYPE:""metabolights"") OR (LABS_PUBS:""1782"")) AND AUTH:""Zhao Y""",42266460,MED,42266460,PMC13245178,10.1093/ismeco/ycag119,Niacinamide modulation by hemocyanin shapes hemolymph microbial communities in Penaeid shrimp.,"Bao S, Jiang M, Aweya JJ, Zhang Y, Zhao X, Zhao Y, Yang C, Li S, Zheng Z, Zhang Y.",,2026,2026-01-01,0,Y,host; Vibrio; bacterial load; infection; Staphylococcus aureus
Zhao Y,"((ACCESSION_TYPE:""metabolights"") OR (LABS_PUBS:""1782"")) AND AUTH:""Zhao Y""",41356823,MED,41356823,PMC12677068,10.3389/fnut.2025.1668786,&lt;i&gt;Christensenella intestinihominis&lt;/i&gt; MNO-863 improve obesity and related metabolic disorders via SCFAs-induced GLP-1 hormone secretion.,"Kong P, Xian Y, Lao C, Huang B, Zhang D, Tai L, Zhao Y, Pu Z, Lan Z, Zhang C, Liu Z, Xiao C, Zhao G, Zhu R, Liang Y, Lin CS, Lin JH, Sun JZ, Wang T, Liu HW, Jiang X.",,2025,2025-11-20,0,Y,microbiota; bacteria
Zhao Y,"((ACCESSION_TYPE:""metabolights"") OR (LABS_PUBS:""1782"")) AND AUTH:""Zhao Y""",38321225,MED,38321225,PMC10950786,10.1038/s43587-024-00572-9,"Age-, sex- and proximal-distal-resolved multi-omics identifies regulators of intestinal aging in non-human primates.","Wang X, Luo Y, He S, Lu Y, Gong Y, Gao L, Mao S, Liu X, Jiang N, Pu Q, Du D, Shu Y, Hai S, Li S, Chen HN, Zhao Y, Xie D, Qi S, Lei P, Hu H, Xu H, Zhou ZG, Dong B, Zhang H, Zhang Y, Dai L.",,2024,2024-02-06,34,Y,incidence
Zhao Y,"((ACCESSION_TYPE:""metabolights"") OR (LABS_PUBS:""1782"")) AND AUTH:""Zhao Y""",38172101,MED,38172101,PMC10764789,10.1038/s41467-023-44090-5,Features of acute COVID-19 associated with post-acute sequelae of SARS-CoV-2 phenotypes: results from the IMPACC study.,"Ozonoff A, Jayavelu ND, Liu S, Melamed E, Milliren CE, Qi J, Geng LN, McComsey GA, Cairns CB, Baden LR, Schaenman J, Shaw AC, Samaha H, Seyfert-Margolis V, Krammer F, Rosen LB, Steen H, Syphurs C, Dandekar R, Shannon CP, Sekaly RP, Ehrlich LIR, Corry DB, Kheradmand F, Atkinson MA, Brakenridge SC, Higuita NIA, Metcalf JP, Hough CL, Messer WB, Pulendran B, Nadeau KC, Davis MM, Sesma AF, Simon V, van Bakel H, Kim-Schulze S, Hafler DA, Levy O, Kraft M, Bime C, Haddad EK, Calfee CS, Erle DJ, Langelier CR, Eckalbar W, Bosinger SE, IMPACC Network, Peters B, Kleinstein SH, Reed EF, Augustine AD, Diray-Arce J, Maecker HT, Altman MC, Montgomery RR, Becker PM, Rouphael N.",,2024,2024-01-03,61,Y,COVID; SARS; public health; viral; antibody; host
Zhao Y,"((ACCESSION_TYPE:""metabolights"") OR (LABS_PUBS:""1782"")) AND AUTH:""Zhao Y""",39897701,MED,39897701,PMC11783423,10.1016/j.crmicr.2025.100340,Interrelationship between altered metabolites and the gut microbiota in people living with HIV with different immune responses to antiretroviral therapy.,"Tian X, Gao Z, Xie Y, Lu X, Zhao Y, Yao P, Dong M, Yu L, Wu N.",,2025,2025-01-10,1,Y,gut microbiota; HIV; antiretroviral; Enterococcus
Zhao Y,"((ACCESSION_TYPE:""metabolights"") OR (LABS_PUBS:""1782"")) AND AUTH:""Zhao Y""",37932270,MED,37932270,PMC10628233,10.1038/s41467-023-42788-0,Microbiome and metabolome features in inflammatory bowel disease via multi-omics integration analyses across cohorts.,"Ning L, Zhou YL, Sun H, Zhang Y, Shen C, Wang Z, Xuan B, Zhao Y, Ma Y, Yan Y, Tong T, Huang X, Hu M, Zhu X, Ding J, Zhang Y, Cui Z, Fang JY, Chen H, Hong J.",,2023,2023-11-06,234,Y,Microbiome; gut microbiota; bacteria; host
Zhao Y,"((ACCESSION_TYPE:""metabolights"") OR (LABS_PUBS:""1782"")) AND AUTH:""Zhao Y""",37929962,MED,37929962,PMC10688316,10.1128/jvi.00719-23,<i>Bacillus subtilis</i> partially inhibits African swine fever virus infection <i>in vivo</i> and <i>in vitro</i> based on its metabolites arctiin and genistein interfering with the function of viral topoisomerase II.,"Lv C, Yang J, Zhao L, Zou Z, Kang C, Zhang Q, Wu C, Yang L, Cheng C, Zhao Y, Liao Q, Hu X, Li C, Sun X, Jin M.",,2023,2023-11-06,16,N,Bacillus; swine; virus; infection; viral; vaccines; antiviral
Zhao Y,"((ACCESSION_TYPE:""metabolights"") OR (LABS_PUBS:""1782"")) AND AUTH:""Zhao Y""",39211434,MED,39211434,PMC11358095,10.3389/fnins.2024.1418615,Targeting transcription factor pu.1 for improving neurologic outcomes after spinal cord injury.,"Shi Y, Zheng M, Luo Y, Li J, Ouyang F, Zhao Y, Wang J, Ma Z, Meng C, Bi Y, Cheng L, Jing J.",,2024,2024-08-15,3,Y,droplet
Zhao Y,"((ACCESSION_TYPE:""metabolights"") OR (LABS_PUBS:""1782"")) AND AUTH:""Zhao Y""",37040763,MED,37040763,,10.1016/j.cmet.2023.03.013,DT-109 ameliorates nonalcoholic steatohepatitis in nonhuman primates.,"Qu P, Rom O, Li K, Jia L, Gao X, Liu Z, Ding S, Zhao M, Wang H, Chen S, Xiong X, Zhao Y, Xue C, Zhao Y, Chu C, Wen B, Finney AC, Zheng Z, Cao W, Zhao J, Bai L, Zhao S, Sun D, Zeng R, Lin J, Liu W, Zheng L, Zhang J, Liu E, Chen YE.",,2023,2023-04-10,60,N,prevalence; metagenomics
Zhao Y,"((ACCESSION_TYPE:""metabolights"") OR (LABS_PUBS:""1782"")) AND AUTH:""Zhao Y""",36862550,MED,36862550,,10.1016/j.celrep.2023.112145,4-octyl itaconate as a metabolite derivative inhibits inflammation via alkylation of STING.,"Li W, Li Y, Kang J, Jiang H, Gong W, Chen L, Wu C, Liu M, Wu X, Zhao Y, Ren J.",,2023,2023-02-28,90,N,sepsis
Zhao Y,"((ACCESSION_TYPE:""metabolights"") OR (LABS_PUBS:""1782"")) AND AUTH:""Zhao Y""",35985811,MED,35985811,PMC9664099,10.1136/ard-2022-222871,Stage-specific roles of microbial dysbiosis and metabolic disorders in rheumatoid arthritis.,"Cheng M, Zhao Y, Cui Y, Zhong C, Zha Y, Li S, Cao G, Li M, Zhang L, Ning K, Han J.",,2022,2022-11-10,79,Y,gut microbiome; bacterial; isolation; Escherichia coli
Zhao Y,"((ACCESSION_TYPE:""metabolights"") OR (LABS_PUBS:""1782"")) AND AUTH:""Zhao Y""",26785939,MED,26785939,PMC4726199,10.1038/srep19557,Metabolomic Profiling of Mice Serum during Toxoplasmosis Progression Using Liquid Chromatography-Mass Spectrometry.,"Zhou CX, Zhou DH, Elsheikha HM, Zhao Y, Suo X, Zhu XQ.",,2016,2016-01-20,53,Y,Toxoplasmosis; infection; strain
Zhao Y,"((ACCESSION_TYPE:""metabolights"") OR (LABS_PUBS:""1782"")) AND AUTH:""Zhao Y""",26674679,MED,26674679,,10.1016/j.scitotenv.2015.11.162,"Hepatotoxicity and nephrotoxicity induced by the chlorpyrifos and chlorpyrifos-methyl metabolite, 3,5,6-trichloro-2-pyridinol, in orally exposed mice.","Deng Y, Zhang Y, Lu Y, Zhao Y, Ren H.",,2016,2015-12-08,42,N,exposure
Zhao Y,"((ACCESSION_TYPE:""metabolights"") OR (LABS_PUBS:""1782"")) AND AUTH:""Zhao Y""",23883474,MED,23883474,,10.1021/es401615y,Evaluation of the toxic effects of municipal wastewater effluent on mice using omic approaches.,"Zhang Y, Huang K, Deng Y, Zhao Y, Wu B, Xu K, Ren H.",,2013,2013-08-06,17,N,exposure
Xiao Y,"((ACCESSION_TYPE:""metabolights"") OR (LABS_PUBS:""1782"")) AND AUTH:""Xiao Y""",40767016,MED,40767016,,10.31083/jin38130,Identification and Mechanistic Studies of Key Genes in Thalamic Hemorrhage Pain by Multi-omics.,"Yang C, Gao J, Li Y, Xiao Y, Huang T.",,2025,2025-07-01,0,N,subtype; antigen; lineage
Xiao Y,"((ACCESSION_TYPE:""metabolights"") OR (LABS_PUBS:""1782"")) AND AUTH:""Xiao Y""",37267943,MED,37267943,PMC10313936,10.1016/j.xcrm.2023.101061,Profiling the metabolome of uterine fluid for early detection of ovarian cancer.,"Wang P, Ma J, Li W, Wang Q, Xiao Y, Jiang Y, Gu X, Wu Y, Dong S, Guo H, Li M.",,2023,2023-06-01,18,Y,exposure
Xiao Y,"((ACCESSION_TYPE:""metabolights"") OR (LABS_PUBS:""1782"")) AND AUTH:""Xiao Y""",31848302,MED,31848302,PMC6918028,10.1128/msystems.00463-19,Gut Microbiota Dysbiosis Is Associated with Altered Bile Acid Metabolism in Infantile Cholestasis.,"Wang Y, Gao X, Zhang X, Xiao Y, Huang J, Yu D, Li X, Hu H, Ge T, Li D, Zhang T.",,2019,2019-12-17,52,Y,Gut Microbiota; bacterial; Clostridium; Streptococcus; bacteria; microbiome
Li J,"((ACCESSION_TYPE:""metabolights"") OR (LABS_PUBS:""1782"")) AND AUTH:""Li J""",41629625,MED,41629625,PMC12979657,10.1038/s44319-026-00699-3,VGLL4 modulates Paneth cells and sustains intestinal homeostasis.,"Zhang H, Wang Z, Wang X, Yu W, Zhang G, Zhang H, Lu Y, Sun Y, Lu T, Li X, Yang R, Sun J, Xu J, Huang S, Ma X, Ren J, Tang N, Cheng Z, Yu J, Wei F, Zhou H, Li J, Qin J, Jin Y, Zhang L.",,2026,2026-02-02,0,Y,gut microbiota; microbiota
Li J,"((ACCESSION_TYPE:""metabolights"") OR (LABS_PUBS:""1782"")) AND AUTH:""Li J""",40220715,MED,40220715,PMC12013117,10.1016/j.ebiom.2025.105686,Multi-kingdom gut microbiota dysbiosis is associated with the development of pulmonary arterial hypertension.,"Chen Y, Chen Z, Liang L, Li J, Meng L, Yuan W, Xie B, Zhang X, Feng L, Jia Y, Fu Z, Su P, Tong Z, Zhong J, Liu X.",,2025,2025-04-11,10,Y,gut microbiota; bacteria; fungi; metagenomics; microbiota; bacterial; fungal
Li J,"((ACCESSION_TYPE:""metabolights"") OR (LABS_PUBS:""1782"")) AND AUTH:""Li J""",42338586,MED,42338586,PMC13283874,10.3389/fimmu.2026.1785747,Differentiation defects reposition sebaceous glands as inflammatory instigators in the early pathogenesis of hidradenitis suppurativa.,"Chen X, Li J, Feng Y, Pan Z, Wu Q, Xu X, Zhao Q, Hu T, Chen G, Zouboulis CC, Mo X, Ju Q.",,2026,2026-06-08,0,Y,lineage
Li J,"((ACCESSION_TYPE:""metabolights"") OR (LABS_PUBS:""1782"")) AND AUTH:""Li J""",38421203,MED,38421203,PMC10949483,10.1128/msystems.01027-23,New aspects characterizing non-obese NAFLD by the analysis of the intestinal flora and metabolites using a mouse model.,"Zhang W, Cheng W, Li J, Huang Z, Lin H, Zhang W.",,2024,2024-02-29,13,Y,public health; incidence; Gut microbiota
Li J,"((ACCESSION_TYPE:""metabolights"") OR (LABS_PUBS:""1782"")) AND AUTH:""Li J""",41367294,MED,41367294,PMC12710916,10.1080/21505594.2025.2602247,The regulation of AsfR on tmRNA expression mediates bacterial motility and virulence in &lt;i&gt;Aeromonas veronii&lt;/i&gt;.,"Chang H, Tong Y, Gao S, Jiang X, Ma X, Li H, Tang Y, Li J, Tang H, Lin M, Liu Z.",,2026,2025-12-15,1,Y,bacterial; virulence; bacteria; vector; biofilm
Li J,"((ACCESSION_TYPE:""metabolights"") OR (LABS_PUBS:""1782"")) AND AUTH:""Li J""",41339929,MED,41339929,PMC12781782,10.1186/s40168-025-02267-8,Modulating the gut-bladder axis: fecal transplantation protects antibiotic-treated mice from E. coli cystitis via the Ahr/Prg4 pathway.,"Yang Y, Chen H, Lu J, Yang N, Liu L, Zhang Q, Tang M, Li X, Meng B, Li Y, Yu L, Gao L, Zhang H, Wu T, Zheng Y, Liu Y, Shen Y, Li J.",,2025,2025-12-03,1,Y,antibiotic; E. coli; Bacterial; Escherichia coli; urinary tract infection; infection; gut microbiota; microbiota
Li J,"((ACCESSION_TYPE:""metabolights"") OR (LABS_PUBS:""1782"")) AND AUTH:""Li J""",40352277,MED,40352277,PMC12063607,10.7717/peerj.19399,Polymicrobial detection and salivary metabolomics of children with early childhood caries.,"Pan T, Ren Y, Li J, Liao Y, Xing X.",,2025,2025-05-06,0,Y,prevalence; Streptococcus; Candida albicans
Li J,"((ACCESSION_TYPE:""metabolights"") OR (LABS_PUBS:""1782"")) AND AUTH:""Li J""",38837944,MED,38837944,PMC11152177,10.1093/gigascience/giae023,"Mechanisms of hepatic steatosis in chickens: integrated analysis of the host genome, molecular phenomics and gut microbiome.","Sun C, Lan F, Zhou Q, Guo X, Jin J, Wen C, Guo Y, Hou Z, Zheng J, Wu G, Li G, Yan Y, Li J, Ma Q, Yang N.",,2024,2024-01-01,9,Y,host; gut microbiome; microbiota
Li J,"((ACCESSION_TYPE:""metabolights"") OR (LABS_PUBS:""1782"")) AND AUTH:""Li J""",35068048,MED,35068048,PMC9055822,10.1111/pbi.13781,Plant elicitor peptide signalling confers rice resistance to piercing-sucking insect herbivores and pathogens.,"Shen W, Zhang X, Liu J, Tao K, Li C, Xiao S, Zhang W, Li JF.",,2022,2022-02-18,55,Y,fungal; pathogen; bacterial
Li J,"((ACCESSION_TYPE:""metabolights"") OR (LABS_PUBS:""1782"")) AND AUTH:""Li J""",37750696,MED,37750696,PMC10581225,10.1128/spectrum.02145-23,Gut microbiota-driven regulation of queen bee ovarian metabolism.,"Li W-L, Huang Q, Li J-L, Wu P, Wei B, Li X-J, Tang Q-H, Dong Z-X, Xiong J, Tang H, Zhang J, Zhao C-H, Cao Z, Chen Y, Zhao W-z, Wang K, Guo J.",,2023,2023-09-26,14,Y,Gut microbiota
Li J,"((ACCESSION_TYPE:""metabolights"") OR (LABS_PUBS:""1782"")) AND AUTH:""Li J""",37735415,MED,37735415,PMC10512658,10.1186/s13287-023-03499-x,Human umbilical cord-derived mesenchymal stem cells ameliorate perioperative neurocognitive disorder by inhibiting inflammatory responses and activating BDNF/TrkB/CREB signaling pathway in aged mice.,"Wei P, Jia M, Kong X, Lyu W, Feng H, Sun X, Li J, Yang JJ.",,2023,2023-09-21,20,Y,exposure
Li J,"((ACCESSION_TYPE:""metabolights"") OR (LABS_PUBS:""1782"")) AND AUTH:""Li J""",35869388,MED,35869388,PMC9561107,10.1038/s41396-022-01291-y,MicroRNA-mediated regulation of lipid metabolism in virus-infected Emiliania huxleyi.,"Zhang E, Gao J, Wei Z, Zeng J, Li J, Li G, Liu J.",,2022,2022-07-22,4,Y,virus; infection; viral; host
Li J,"((ACCESSION_TYPE:""metabolights"") OR (LABS_PUBS:""1782"")) AND AUTH:""Li J""",39211434,MED,39211434,PMC11358095,10.3389/fnins.2024.1418615,Targeting transcription factor pu.1 for improving neurologic outcomes after spinal cord injury.,"Shi Y, Zheng M, Luo Y, Li J, Ouyang F, Zhao Y, Wang J, Ma Z, Meng C, Bi Y, Cheng L, Jing J.",,2024,2024-08-15,3,Y,droplet
Li J,"((ACCESSION_TYPE:""metabolights"") OR (LABS_PUBS:""1782"")) AND AUTH:""Li J""",39731500,MED,39731500,PMC12915399,10.1080/21505594.2024.2440541,"Arginine depletion-induced autophagy and metabolic dysregulation are involved in the disease severity of hand, foot, and mouth disease.","Jin Y, Ji W, Zhang L, Dang D, Yu B, Zhang X, Zhang Y, Li J, Zhang Y, Yang R, Yang H, Chen S, Wang F, Duan G.",,2025,2024-12-28,0,Y,viral; virus
Li J,"((ACCESSION_TYPE:""metabolights"") OR (LABS_PUBS:""1782"")) AND AUTH:""Li J""",36895044,MED,36895044,PMC9999515,10.1186/s13059-023-02887-z,Genetic mapping and molecular mechanism behind color variation in the Asian vine snake.,"Tang CY, Zhang X, Xu X, Sun S, Peng C, Song MH, Yan C, Sun H, Liu M, Xie L, Luo SJ, Li JT.",,2023,2023-03-09,18,Y,Transmission
Li J,"((ACCESSION_TYPE:""metabolights"") OR (LABS_PUBS:""1782"")) AND AUTH:""Li J""",33561278,MED,33561278,PMC8254506,10.1093/plcell/koab048,Specific decorations of 17-hydroxygeranyllinalool diterpene glycosides solve the autotoxicity problem of chemical defense in Nicotiana attenuata.,"Heiling S, Llorca LC, Li J, Gase K, Schmidt A, Schäfer M, Schneider B, Halitschke R, Gaquerel E, Baldwin IT.",,2021,2021-07-01,31,Y,virus
Li J,"((ACCESSION_TYPE:""metabolights"") OR (LABS_PUBS:""1782"")) AND AUTH:""Li J""",32241904,MED,32241904,PMC7677483,10.1136/gutjnl-2019-319766,Aberrant gut microbiota alters host metabolome and impacts renal failure in humans and rodents.,"Wang X, Yang S, Li S, Zhao L, Hao Y, Qin J, Zhang L, Zhang C, Bian W, Zuo L, Gao X, Zhu B, Lei XG, Gu Z, Cui W, Xu X, Li Z, Zhu B, Li Y, Chen S, Guo H, Zhang H, Sun J, Zhang M, Hui Y, Zhang X, Liu X, Sun B, Wang L, Qiu Q, Zhang Y, Li X, Liu W, Xue R, Wu H, Shao D, Li J, Zhou Y, Li S, Yang R, Pedersen OB, Yu Z, Ehrlich SD, Ren F.",,2020,2020-04-02,458,Y,gut microbiota; host; microbiome; gut microbiome; Microbiota; antibiotic
Li J,"((ACCESSION_TYPE:""metabolights"") OR (LABS_PUBS:""1782"")) AND AUTH:""Li J""",35145919,MED,35145919,PMC8821809,10.3389/fcimb.2021.763507,The Gut Microbiome and Metabolites Are Altered and Interrelated in Patients With Rheumatoid Arthritis.,"Yu D, Du J, Pu X, Zheng L, Chen S, Wang N, Li J, Chen S, Pan S, Shen B.",,2021,2022-01-25,126,Y,Gut Microbiome; Klebsiella; Escherichia; Enterococcus; microbiome
Li J,"((ACCESSION_TYPE:""metabolights"") OR (LABS_PUBS:""1782"")) AND AUTH:""Li J""",34315889,MED,34315889,PMC8316550,10.1038/s41467-021-24482-1,The trans-omics landscape of COVID-19.,"Wu P, Chen D, Ding W, Wu P, Hou H, Bai Y, Zhou Y, Li K, Xiang S, Liu P, Ju J, Guo E, Liu J, Yang B, Fan J, He L, Sun Z, Feng L, Wang J, Wu T, Wang H, Cheng J, Xing H, Meng Y, Li Y, Zhang Y, Luo H, Xie G, Lan X, Tao Y, Li J, Yuan H, Huang K, Sun W, Qian X, Li Z, Huang M, Ding P, Wang H, Qiu J, Wang F, Wang S, Zhu J, Ding X, Chai C, Liang L, Wang X, Luo L, Sun Y, Yang Y, Zhuang Z, Li T, Tian L, Zhang S, Zhu L, Chang A, Chen L, Wu Y, Ma X, Chen F, Ren Y, Xu X, Liu S, Wang J, Yang H, Wang L, Sun C, Ma D, Jin X, Chen G.",,2021,2021-07-27,105,Y,COVID; outbreak; coronavirus
Li J,"((ACCESSION_TYPE:""metabolights"") OR (LABS_PUBS:""1782"")) AND AUTH:""Li J""",29688451,MED,29688451,PMC6333913,10.1093/gigascience/giy021,Genome-scale metabolic modeling of responses to polymyxins in Pseudomonas aeruginosa.,"Zhu Y, Czauderna T, Zhao J, Klapperstueck M, Maifiah MHM, Han ML, Lu J, Sommer B, Velkov T, Lithgow T, Song J, Schreiber F, Li J.",,2018,2018-04-01,46,Y,Pseudomonas aeruginosa; immunocompromised; antibiotics; P. aeruginosa; bacterial; Pseudomonas
Li J,"((ACCESSION_TYPE:""metabolights"") OR (LABS_PUBS:""1782"")) AND AUTH:""Li J""",32457238,MED,32457238,PMC7253363,10.1128/msystems.00077-20,The Killing Mechanism of Teixobactin against Methicillin-Resistant Staphylococcus aureus: an Untargeted Metabolomics Study.,"Hussein M, Karas JA, Schneider-Futschik EK, Chen F, Swarbrick J, Paulin OKA, Hoyer D, Baker M, Zhu Y, Li J, Velkov T.",,2020,2020-05-26,40,Y,Methicillin-Resistant; Staphylococcus aureus; Antibiotics; bacterial; bacterium; bacteria; MRSA; vancomycin-resistant; antibiotic; strain; S. aureus; Antimicrobial resistance
Li J,"((ACCESSION_TYPE:""metabolights"") OR (LABS_PUBS:""1782"")) AND AUTH:""Li J""",34746022,MED,34746022,PMC8567795,10.3389/fcimb.2021.730091,Alterations in Faecal Metagenomics and Serum Metabolomics Indicate Management Strategies for Patients With Budd-Chiari Syndrome.,"Lu Q, Xu H, Zhou L, Zhang R, Li Z, Xu P, Bai T, Wang Z, Wu G, Ren J, Jiao D, Song Y, Zhu R, Li J, Wang W, Liang R, Li L, Ma X, Zu M, Sun Y.",,2021,2021-10-21,6,Y,Metagenomics; gut microbiota; Campylobacter
Li J,"((ACCESSION_TYPE:""metabolights"") OR (LABS_PUBS:""1782"")) AND AUTH:""Li J""",33291848,MED,33291848,PMC7729479,10.3390/molecules25235739,Determination and Comparison of Short-Chain Fatty Acids in Serum and Colon Content Samples: Alzheimer's Disease Rat as a Case Study.,"Guo LX, Tong Y, Wang J, Yin G, Huang HS, Zeng L, Wang P, Li JP, Bi KS, Wang TJ.",,2020,2020-12-04,13,Y,Case
Li J,"((ACCESSION_TYPE:""metabolights"") OR (LABS_PUBS:""1782"")) AND AUTH:""Li J""",24937646,MED,24937646,PMC4061035,10.1371/journal.pone.0099726,Impacts of the Callipyge mutation on ovine plasma metabolites and muscle fibre type.,"Li J, Greenwood PL, Cockett NE, Hadfield TS, Vuocolo T, Byrne K, White JD, Tellam RL, Schirra HJ.",,2014,2014-06-17,4,Y,prevalence
Li J,"((ACCESSION_TYPE:""metabolights"") OR (LABS_PUBS:""1782"")) AND AUTH:""Li J""",35479410,MED,35479410,PMC9036131,10.1016/j.isci.2022.104193,EMT alterations in the solute carrier landscape uncover SLC22A10/A15 imposed vulnerabilities in pancreatic cancer.,"Nayak D, Weadick B, Persaud AK, Raj R, Shakya R, Li J, Campbell MJ, Govindarajan R.",,2022,2022-04-01,8,Y,carrier
Li J,"((ACCESSION_TYPE:""metabolights"") OR (LABS_PUBS:""1782"")) AND AUTH:""Li J""",30637340,MED,30637340,PMC6325167,10.1128/msystems.00149-18,Comparative Metabolomics and Transcriptomics Reveal Multiple Pathways Associated with Polymyxin Killing in Pseudomonas aeruginosa.,"Han ML, Zhu Y, Creek DJ, Lin YW, Gutu AD, Hertzog P, Purcell T, Shen HH, Moskowitz SM, Velkov T, Li J.",,2019,2019-01-08,60,Y,Pseudomonas aeruginosa; P. aeruginosa; strain; Pathogen; antibiotics; antibiotic
Li J,"((ACCESSION_TYPE:""metabolights"") OR (LABS_PUBS:""1782"")) AND AUTH:""Li J""",30715293,MED,30715293,PMC6446221,10.1093/gigascience/giz015,"Linking genetic, metabolic, and phenotypic diversity among Saccharomyces cerevisiae strains using multi-omics associations.","Kang K, Bergdahl B, Machado D, Dato L, Han TL, Li J, Villas-Boas S, Herrgård MJ, Förster J, Panagiotou G.",,2019,2019-04-01,41,Y,strain
Li J,"((ACCESSION_TYPE:""metabolights"") OR (LABS_PUBS:""1782"")) AND AUTH:""Li J""",23840608,MED,23840608,PMC3694140,10.1371/journal.pone.0067155,A Multi-Omic View of Host-Pathogen-Commensal Interplay in Salmonella-Mediated Intestinal Infection.,"Deatherage Kaiser BL, Li J, Sanford JA, Kim YM, Kronewitter SR, Jones MB, Peterson CT, Peterson SN, Frank BC, Purvine SO, Brown JN, Metz TO, Smith RD, Heffron F, Adkins JN.",,2013,2013-06-26,72,Y,Host; Pathogen; Salmonella; Infection; microbiome; microbiota; metagenomics; Salmonella enterica; antibiotic; Enterococcus
Trygg J,"((ACCESSION_TYPE:""metabolights"") OR (LABS_PUBS:""1782"")) AND AUTH:""Trygg J""",29298676,MED,29298676,PMC5753437,10.1186/s12864-017-4411-1,A multi-omics approach reveals function of Secretory Carrier-Associated Membrane Proteins in wood formation of​ ​​Populus​​ ​trees.,"Obudulu O, Mähler N, Skotare T, Bygdell J, Abreu IN, Ahnlund M, Latha Gandla M, Petterle A, Moritz T, Hvidsten TR, Jönsson LJ, Wingsle G, Trygg J, Tuominen H.",,2018,2018-01-03,19,Y,Carrier
Antti H,"((ACCESSION_TYPE:""metabolights"") OR (LABS_PUBS:""1782"")) AND AUTH:""Antti H""",29373578,MED,29373578,PMC5802941,10.1371/journal.pntd.0006215,Diagnostic metabolite biomarkers of chronic typhoid carriage.,"Näsström E, Jonsson P, Johansson A, Dongol S, Karkey A, Basnyat B, Tran Vu Thieu N, Trinh Van T, Thwaites GE, Antti H, Baker S.",,2018,2018-01-26,23,Y,typhoid; Salmonella; bacteria; transmission; public health; endemic; acute infection
Jonsson P,"((ACCESSION_TYPE:""metabolights"") OR (LABS_PUBS:""1782"")) AND AUTH:""Jonsson P""",29373578,MED,29373578,PMC5802941,10.1371/journal.pntd.0006215,Diagnostic metabolite biomarkers of chronic typhoid carriage.,"Näsström E, Jonsson P, Johansson A, Dongol S, Karkey A, Basnyat B, Tran Vu Thieu N, Trinh Van T, Thwaites GE, Antti H, Baker S.",,2018,2018-01-26,23,Y,typhoid; Salmonella; bacteria; transmission; public health; endemic; acute infection
Niittylä T,"((ACCESSION_TYPE:""metabolights"") OR (LABS_PUBS:""1782"")) AND AUTH:""Niittylä T""",32648607,MED,32648607,,10.1111/nph.16799,A metabolite roadmap of the wood-forming tissue in Populus tremula.,"Abreu IN, Johansson AI, Sokołowska K, Niittylä T, Sundberg B, Hvidsten TR, Street NR, Moritz T.",,2020,2020-08-27,28,N,host
Johansson M,"((ACCESSION_TYPE:""metabolights"") OR (LABS_PUBS:""1782"")) AND AUTH:""Johansson M""",38693263,MED,38693263,PMC11111402,10.1038/s41586-024-07368-2,Geographic variation of mutagenic exposures in kidney cancer genomes.,"Senkin S, Moody S, Díaz-Gay M, Abedi-Ardekani B, Cattiaux T, Ferreiro-Iglesias A, Wang J, Fitzgerald S, Kazachkova M, Vangara R, Le AP, Bergstrom EN, Khandekar A, Otlu B, Cheema S, Latimer C, Thomas E, Atkins JR, Smith-Byrne K, Cortez Cardoso Penha R, Carreira C, Chopard P, Gaborieau V, Keski-Rahkonen P, Jones D, Teague JW, Ferlicot S, Asgari M, Sangkhathat S, Attawettayanon W, Świątkowska B, Jarmalaite S, Sabaliauskaite R, Shibata T, Fukagawa A, Mates D, Jinga V, Rascu S, Mijuskovic M, Savic S, Milosavljevic S, Bartlett JMS, Albert M, Phouthavongsy L, Ashton-Prolla P, Botton MR, Silva Neto B, Bezerra SM, Curado MP, Zequi SC, Reis RM, Faria EF, de Menezes NS, Ferrari RS, Banks RE, Vasudev NS, Zaridze D, Mukeriya A, Shangina O, Matveev V, Foretova L, Navratilova M, Holcatova I, Hornakova A, Janout V, Purdue MP, Rothman N, Chanock SJ, Ueland PM, Johansson M, McKay J, Scelo G, Chanudet E, Humphreys L, de Carvalho AC, Perdomo S, Alexandrov LB, Stratton MR, Brennan P.",,2024,2024-05-01,78,Y,incidence
Kobayashi M,"((ACCESSION_TYPE:""metabolights"") OR (LABS_PUBS:""1782"")) AND AUTH:""Kobayashi M""",30364178,MED,30364178,PMC6191670,10.3389/fpls.2018.01439,"A Systems Analysis With ""Simplified Source-Sink Model"" Reveals Metabolic Reprogramming in a Pair of Source-to-Sink Organs During Early Fruit Development in Tomato by LED Light Treatments.","Fukushima A, Hikosaka S, Kobayashi M, Nishizawa T, Saito K, Goto E, Kusano M.",,2018,2018-10-09,7,Y,exposure
Kusano M,"((ACCESSION_TYPE:""metabolights"") OR (LABS_PUBS:""1782"")) AND AUTH:""Kusano M""",30364178,MED,30364178,PMC6191670,10.3389/fpls.2018.01439,"A Systems Analysis With ""Simplified Source-Sink Model"" Reveals Metabolic Reprogramming in a Pair of Source-to-Sink Organs During Early Fruit Development in Tomato by LED Light Treatments.","Fukushima A, Hikosaka S, Kobayashi M, Nishizawa T, Saito K, Goto E, Kusano M.",,2018,2018-10-09,7,Y,exposure
Zhong J,"((ACCESSION_TYPE:""metabolights"") OR (LABS_PUBS:""1782"")) AND AUTH:""Zhong J""",40220715,MED,40220715,PMC12013117,10.1016/j.ebiom.2025.105686,Multi-kingdom gut microbiota dysbiosis is associated with the development of pulmonary arterial hypertension.,"Chen Y, Chen Z, Liang L, Li J, Meng L, Yuan W, Xie B, Zhang X, Feng L, Jia Y, Fu Z, Su P, Tong Z, Zhong J, Liu X.",,2025,2025-04-11,10,Y,gut microbiota; bacteria; fungi; metagenomics; microbiota; bacterial; fungal
Clément K,"((ACCESSION_TYPE:""metabolights"") OR (LABS_PUBS:""1782"")) AND AUTH:""Clément K""",30804813,MED,30804813,PMC6371001,10.3389/fphys.2018.01958,A Data Integration Multi-Omics Approach to Study Calorie Restriction-Induced Changes in Insulin Sensitivity.,"Dao MC, Sokolovska N, Brazeilles R, Affeldt S, Pelloux V, Prifti E, Chilloux J, Verger EO, Kayser BD, Aron-Wisnewsky J, Ichou F, Pujos-Guillot E, Hoyles L, Juste C, Doré J, Dumas ME, Rizkalla SW, Holmes BA, Zucker JD, Clément K, MICRO-Obes Consortium.",,2018,2019-02-05,32,Y,host; microbiota; gut microbiota; metagenomics
Liu D,"((ACCESSION_TYPE:""metabolights"") OR (LABS_PUBS:""1782"")) AND AUTH:""Liu D""",41675043,MED,41675043,PMC12886551,10.1016/j.isci.2026.114754,Butyrate ameliorates doxorubicin-induced heart failure by inhibiting cardiomyocyte ferroptosis through the gut-heart axis.,"Zeng S, Xie Q, Zhang R, Yang T, Liu D, Zhang J, Ma S, Qiu X.",,2026,2026-01-20,0,Y,gut microbiota; bacteria; bacterial; microbiota
Liu D,"((ACCESSION_TYPE:""metabolights"") OR (LABS_PUBS:""1782"")) AND AUTH:""Liu D""",29196618,MED,29196618,PMC5711932,10.1038/s41467-017-01491-7,The Kalanchoë genome provides insights into convergent evolution and building blocks of crassulacean acid metabolism.,"Yang X, Hu R, Yin H, Jenkins J, Shu S, Tang H, Liu D, Weighill DA, Cheol Yim W, Ha J, Heyduk K, Goodstein DM, Guo HB, Moseley RC, Fitzek E, Jawdy S, Zhang Z, Xie M, Hartwell J, Grimwood J, Abraham PE, Mewalal R, Beltrán JD, Boxall SF, Dever LV, Palla KJ, Albion R, Garcia T, Mayer JA, Don Lim S, Man Wai C, Peluso P, Van Buren R, De Paoli HC, Borland AM, Guo H, Chen JG, Muchero W, Yin Y, Jacobson DA, Tschaplinski TJ, Hettich RL, Ming R, Winter K, Leebens-Mack JH, Smith JAC, Cushman JC, Schmutz J, Tuskan GA.",,2017,2017-12-01,152,Y,assembly
Liu D,"((ACCESSION_TYPE:""metabolights"") OR (LABS_PUBS:""1782"")) AND AUTH:""Liu D""",30618166,MED,30618166,,10.1002/mrd.23102,Identification of amniotic fluid metabolomic and placental transcriptomic changes associated with abnormal development of cloned pig fetuses.,"Ao Z, Li Z, Wang X, Zhao C, Gan Y, Wu X, Zeng F, Shi J, Gu T, Hong L, Zheng E, Liu D, Xu Z, Wu Z, Cai G.",,2019,2019-01-17,16,N,incidence
Liu D,"((ACCESSION_TYPE:""metabolights"") OR (LABS_PUBS:""1782"")) AND AUTH:""Liu D""",29453015,MED,29453015,,10.1016/j.jchromb.2018.02.009,Metabolomic profiling of Campylobacter jejuni with resistance gene ermB by ultra-high performance liquid chromatography-quadrupole time-of-flight mass spectrometry and tandem quadrupole mass spectrometry.,"Fu Q, Liu D, Wang Y, Li X, Wang L, Yu F, Shen J, Xia X.",,2018,2018-02-10,2,N,Campylobacter jejuni; resistance gene; C. jejuni; strain; biofilm
Guo H,"((ACCESSION_TYPE:""metabolights"") OR (LABS_PUBS:""1782"")) AND AUTH:""Guo H""",37267943,MED,37267943,PMC10313936,10.1016/j.xcrm.2023.101061,Profiling the metabolome of uterine fluid for early detection of ovarian cancer.,"Wang P, Ma J, Li W, Wang Q, Xiao Y, Jiang Y, Gu X, Wu Y, Dong S, Guo H, Li M.",,2023,2023-06-01,18,Y,exposure
Guo H,"((ACCESSION_TYPE:""metabolights"") OR (LABS_PUBS:""1782"")) AND AUTH:""Guo H""",38454496,MED,38454496,PMC10921756,10.1186/s40168-023-01742-4,Multi-omics reveals that alkaline mineral water improves the respiratory health and growth performance of transported calves.,"Qi J, Gan L, Huang F, Xie Y, Guo H, Cui H, Deng J, Gou L, Cai D, Pan C, Lu X, Shah AM, Fang J, Zuo Z.",,2024,2024-03-08,7,Y,serology; microbiome; microbiota
Guo H,"((ACCESSION_TYPE:""metabolights"") OR (LABS_PUBS:""1782"")) AND AUTH:""Guo H""",37453063,MED,37453063,,10.1016/j.celrep.2023.112798,Spermine is a natural suppressor of AR signaling in castration-resistant prostate cancer.,"Li X, Li F, Ye F, Guo H, Chen W, Jin J, Wang Y, Dai P, Shi H, Tao H, Dang W, Ding Y, Wang M, Jiang H, Chen K, Zhang N, Gao D, Zhang Y, Luo C.",,2023,2023-07-14,14,N,variant
Guo H,"((ACCESSION_TYPE:""metabolights"") OR (LABS_PUBS:""1782"")) AND AUTH:""Guo H""",37289658,MED,37289658,PMC10249823,10.1371/journal.pgen.1010746,Spatio-temporal transcriptome dynamics coordinate rapid transition of core crop functions in 'lactating' pigeon.,"Wang Y, Wang X, Luo Y, Zhang J, Lin Y, Wu J, Zeng B, Liu L, Yan P, Liang J, Guo H, Jin L, Tang Q, Long K, Li M.",,2023,2023-06-08,8,Y,avian; assembly
Guo H,"((ACCESSION_TYPE:""metabolights"") OR (LABS_PUBS:""1782"")) AND AUTH:""Guo H""",35649310,MED,35649310,,10.1016/j.foodchem.2022.133253,The formation mechanisms of key flavor substances in stinky tofu brine based on metabolism of aromatic amino acids.,"Tang H, Li P, Chen L, Ma JK, Guo HH, Huang XC, Zhong RM, Jing SQ, Jiang LW.",,2022,2022-05-20,33,N,bacteria; bacterium
Guo H,"((ACCESSION_TYPE:""metabolights"") OR (LABS_PUBS:""1782"")) AND AUTH:""Guo H""",32241904,MED,32241904,PMC7677483,10.1136/gutjnl-2019-319766,Aberrant gut microbiota alters host metabolome and impacts renal failure in humans and rodents.,"Wang X, Yang S, Li S, Zhao L, Hao Y, Qin J, Zhang L, Zhang C, Bian W, Zuo L, Gao X, Zhu B, Lei XG, Gu Z, Cui W, Xu X, Li Z, Zhu B, Li Y, Chen S, Guo H, Zhang H, Sun J, Zhang M, Hui Y, Zhang X, Liu X, Sun B, Wang L, Qiu Q, Zhang Y, Li X, Liu W, Xue R, Wu H, Shao D, Li J, Zhou Y, Li S, Yang R, Pedersen OB, Yu Z, Ehrlich SD, Ren F.",,2020,2020-04-02,458,Y,gut microbiota; host; microbiome; gut microbiome; Microbiota; antibiotic
Guo H,"((ACCESSION_TYPE:""metabolights"") OR (LABS_PUBS:""1782"")) AND AUTH:""Guo H""",29196618,MED,29196618,PMC5711932,10.1038/s41467-017-01491-7,The Kalanchoë genome provides insights into convergent evolution and building blocks of crassulacean acid metabolism.,"Yang X, Hu R, Yin H, Jenkins J, Shu S, Tang H, Liu D, Weighill DA, Cheol Yim W, Ha J, Heyduk K, Goodstein DM, Guo HB, Moseley RC, Fitzek E, Jawdy S, Zhang Z, Xie M, Hartwell J, Grimwood J, Abraham PE, Mewalal R, Beltrán JD, Boxall SF, Dever LV, Palla KJ, Albion R, Garcia T, Mayer JA, Don Lim S, Man Wai C, Peluso P, Van Buren R, De Paoli HC, Borland AM, Guo H, Chen JG, Muchero W, Yin Y, Jacobson DA, Tschaplinski TJ, Hettich RL, Ming R, Winter K, Leebens-Mack JH, Smith JAC, Cushman JC, Schmutz J, Tuskan GA.",,2017,2017-12-01,152,Y,assembly
Liu M,"((ACCESSION_TYPE:""metabolights"") OR (LABS_PUBS:""1782"")) AND AUTH:""Liu M""",37821210,MED,37821210,,10.1136/bjo-2023-324125,Comparison of intestinal microbes and metabolites in active VKH versus acute anterior uveitis associated with ankylosing spondylitis.,"Li M, Liu M, Wang X, Wei H, Jin S, Liu X.",,2025,2025-02-24,6,N,gut microbiome; Microbiome; Pseudomonas
Liu M,"((ACCESSION_TYPE:""metabolights"") OR (LABS_PUBS:""1782"")) AND AUTH:""Liu M""",41316248,MED,41316248,PMC12763994,10.1186/s12967-025-07443-w,Characterization of the gut virome in patients with nonalcoholic fatty liver disease.,"Wang L, Wang L, Liu M, Yuan Q, Cheng L, Chen H, Mao S, Li S, Yan Q, Xing G, Zheng N.",,2025,2025-11-28,0,Y,virome; gut microbiome; bacterial; viral; host; virus
Liu M,"((ACCESSION_TYPE:""metabolights"") OR (LABS_PUBS:""1782"")) AND AUTH:""Liu M""",37585413,MED,37585413,PMC10431649,10.1371/journal.pntd.0011479,The gut microbiota contributes to changes in the host immune response induced by Trichinella spiralis.,"Li C, Liu Y, Liu X, Bai X, Jin X, Xu F, Chen H, Zhang Y, Vallee I, Liu M, Yang Y.",,2023,2023-08-16,12,Y,gut microbiota; host; parasite; zoonotic; infection; worm; Antibiotic; bacterial; microbiota
Liu M,"((ACCESSION_TYPE:""metabolights"") OR (LABS_PUBS:""1782"")) AND AUTH:""Liu M""",36895044,MED,36895044,PMC9999515,10.1186/s13059-023-02887-z,Genetic mapping and molecular mechanism behind color variation in the Asian vine snake.,"Tang CY, Zhang X, Xu X, Sun S, Peng C, Song MH, Yan C, Sun H, Liu M, Xie L, Luo SJ, Li JT.",,2023,2023-03-09,18,Y,Transmission
Liu M,"((ACCESSION_TYPE:""metabolights"") OR (LABS_PUBS:""1782"")) AND AUTH:""Liu M""",36862550,MED,36862550,,10.1016/j.celrep.2023.112145,4-octyl itaconate as a metabolite derivative inhibits inflammation via alkylation of STING.,"Li W, Li Y, Kang J, Jiang H, Gong W, Chen L, Wu C, Liu M, Wu X, Zhao Y, Ren J.",,2023,2023-02-28,90,N,sepsis
Liu M,"((ACCESSION_TYPE:""metabolights"") OR (LABS_PUBS:""1782"")) AND AUTH:""Liu M""",36635575,MED,36635575,PMC9894755,10.1038/s41564-022-01293-8,Preterm birth is associated with xenobiotics and predicted by the vaginal metabolome.,"Kindschuh WF, Baldini F, Liu MC, Liao J, Meydan Y, Lee HH, Heinken A, Thiele I, Thaiss CA, Levy M, Korem T.",,2023,2023-01-12,71,N,microbiome; amplicon sequencing; bacteria
Liu M,"((ACCESSION_TYPE:""metabolights"") OR (LABS_PUBS:""1782"")) AND AUTH:""Liu M""",35590378,MED,35590378,PMC9118806,10.1186/s13071-022-05290-y,Multiple biochemical indices and metabolomics of Clonorchis sinensis provide a novel interpretation of biomarkers.,"Qiu YY, Chang QC, Gao JF, Bao MJ, Luo HT, Song JH, Hong SJ, Mao RF, Sun YY, Chen YY, Liu MY, Wang CR, Liu XL.",,2022,2022-05-19,11,Y,infectious disease; host; pathogen; infection
Liu M,"((ACCESSION_TYPE:""metabolights"") OR (LABS_PUBS:""1782"")) AND AUTH:""Liu M""",33203688,MED,33203688,PMC7677000,10.1128/msystems.00778-20,Symbiotic Bacterium-Derived Organic Acids Protect <i>Delia antiqua</i> Larvae from Entomopathogenic Fungal Infection.,"Zhou F, Xu L, Wu X, Zhao X, Liu M, Zhang X.",,2020,2020-11-17,22,Y,Bacterium; Fungal; Infection; microbiota; host; pathogen; bacteria; bacterial; Klebsiella; antifungal; antibiotics
Wu M,"((ACCESSION_TYPE:""metabolights"") OR (LABS_PUBS:""1782"")) AND AUTH:""Wu M""",41972001,MED,41972001,PMC13062522,10.1016/j.isci.2026.115397,Circadian disruption exacerbates MASH by reducing &lt;i&gt;Akkermansia muciniphila&lt;/i&gt; via the FXR-CYP7A1-bile acid axis.,"Xue H, Zeng D, You Y, Zhang J, Chen X, Xing Q, Zeng W, Wu M, Pan J, Zhu Y.",,2026,2026-03-17,1,Y,exposure
Wu M,"((ACCESSION_TYPE:""metabolights"") OR (LABS_PUBS:""1782"")) AND AUTH:""Wu M""",37063449,MED,37063449,PMC10092816,10.3389/fmicb.2022.1059289,Targeted plasma metabolomics combined with machine learning for the diagnosis of severe acute respiratory syndrome virus type 2.,"Le AT, Wu M, Khan A, Phillips N, Rajpurkar P, Garland M, Magid K, Sibai M, Huang C, Sahoo MK, Bowen R, Cowan TM, Pinsky BA, Hogan CA.",,2022,2023-03-29,8,Y,virus; coronavirus; SARS; antigen; acute infection; COVID; infection
Yu H,"((ACCESSION_TYPE:""metabolights"") OR (LABS_PUBS:""1782"")) AND AUTH:""Yu H""",41107841,MED,41107841,PMC12534967,10.1186/s12967-025-07228-1,Lactobacillus rhamnosus B16 regulates lipid metabolism homeostasis by producing acetic acid.,"Che Z, Huang J, Wen S, Chai X, Zhang S, Yu H, Lin B, Liang Y, Ye Z, Zeng J.",,2025,2025-10-17,5,Y,strain; biofilm
Yu H,"((ACCESSION_TYPE:""metabolights"") OR (LABS_PUBS:""1782"")) AND AUTH:""Yu H""",36408242,MED,36408242,PMC9666482,10.3389/fphar.2022.1038188,Mechanism of interventional effect and targets of Zhuyu pill in regulating and suppressing colitis and cholestasis.,"Yu H, Zhang F, Wen Y, Zheng Z, Chen G, Pan Y, Wu P, Ye Q, Han J, Chen X, Liu C, Shen T.",,2022,2022-11-02,5,Y,microorganism; microbiota
Yu H,"((ACCESSION_TYPE:""metabolights"") OR (LABS_PUBS:""1782"")) AND AUTH:""Yu H""",34539394,MED,34539394,PMC8443775,10.3389/fphar.2021.695035,Efficacy of Zhuyu Pill Intervention in a Cholestasis Rat Model: Mutual Effects on Fecal Metabolism and Microbial Diversity.,"Yu H, Liu C, Zhang F, Wang J, Han J, Zhou X, Wen Y, Shen T.",,2021,2021-09-02,13,Y,microbiota
Li Y,"((ACCESSION_TYPE:""metabolights"") OR (LABS_PUBS:""1782"")) AND AUTH:""Li Y""",41024283,MED,41024283,PMC12481999,10.1186/s13321-025-01095-0,TraceMetrix: a traceable metabolomics interactive analysis platform.,"Chen W, An Y, Chen Z, Luo R, Lu Q, Li C, Zhang C, Huang Q, Chen Q, Zhang L, Yi X, Li Y, Tang H, Zhang G.",,2025,2025-09-29,1,Y,data sharing
Li Y,"((ACCESSION_TYPE:""metabolights"") OR (LABS_PUBS:""1782"")) AND AUTH:""Li Y""",40767016,MED,40767016,,10.31083/jin38130,Identification and Mechanistic Studies of Key Genes in Thalamic Hemorrhage Pain by Multi-omics.,"Yang C, Gao J, Li Y, Xiao Y, Huang T.",,2025,2025-07-01,0,N,subtype; antigen; lineage
Li Y,"((ACCESSION_TYPE:""metabolights"") OR (LABS_PUBS:""1782"")) AND AUTH:""Li Y""",42006288,MED,42006288,PMC13091023,10.1016/j.isci.2026.115436,Creatine uptake promotes dendritic cell activation and enhances antitumor immunity.,"Kang E, Elsten-Brown J, Wang YC, Lam A, Sanchez E, Wen R, Wang T, Chiang J, Scarborough Q, Li YR, Zhu Y, Huang J, Williams M, Eckl S, Li B, Yang L.",,2026,2026-03-21,1,Y,antigen
Li Y,"((ACCESSION_TYPE:""metabolights"") OR (LABS_PUBS:""1782"")) AND AUTH:""Li Y""",40027450,MED,40027450,PMC11868947,10.1016/j.crmicr.2025.100358,Multi-omics unveils strain-specific neuroactive metabolite production linked to inflammation modulation by <i>Bacteroides</i> and their extracellular vesicles.,"Yousuf B, Mottawea W, Esmail GA, Nazemof N, Bouhlel NE, Njoku E, Li Y, Zhang X, Minic Z, Hammami R.",,2025,2025-02-05,9,Y,strain; gut microbiome; host; microbe
Li Y,"((ACCESSION_TYPE:""metabolights"") OR (LABS_PUBS:""1782"")) AND AUTH:""Li Y""",41807473,MED,41807473,PMC13103409,10.1038/s41522-026-00955-3,Cetobacterium somerae as a microbial correlate of improved muscle quality after intestinal microbiota transplantation in Yellow River carp (Cyprinus carpio).,"Cheng L, Li Y, Zhang Y, Qin C, Yang L, Yan X, Nie G.",,2026,2026-03-10,0,Y,microbiota; gut microbiota; bacterium; gut microbiome
Li Y,"((ACCESSION_TYPE:""metabolights"") OR (LABS_PUBS:""1782"")) AND AUTH:""Li Y""",39699251,MED,39699251,PMC11792502,10.1128/spectrum.01368-24,Multi-level analysis of gut microbiome extracellular vesicles-host interaction reveals a connection to gut-brain axis signaling.,"Mottawea W, Yousuf B, Sultan S, Ahmed T, Yeo J, Hüttmann N, Li Y, Bouhlel NE, Hassan H, Zhang X, Minic Z, Hammami R.",,2025,2024-12-19,22,Y,gut microbiome; host; Microbiota; Exposure
Li Y,"((ACCESSION_TYPE:""metabolights"") OR (LABS_PUBS:""1782"")) AND AUTH:""Li Y""",41339929,MED,41339929,PMC12781782,10.1186/s40168-025-02267-8,Modulating the gut-bladder axis: fecal transplantation protects antibiotic-treated mice from E. coli cystitis via the Ahr/Prg4 pathway.,"Yang Y, Chen H, Lu J, Yang N, Liu L, Zhang Q, Tang M, Li X, Meng B, Li Y, Yu L, Gao L, Zhang H, Wu T, Zheng Y, Liu Y, Shen Y, Li J.",,2025,2025-12-03,1,Y,antibiotic; E. coli; Bacterial; Escherichia coli; urinary tract infection; infection; gut microbiota; microbiota
Li Y,"((ACCESSION_TYPE:""metabolights"") OR (LABS_PUBS:""1782"")) AND AUTH:""Li Y""",40643220,MED,40643220,PMC12252545,10.7554/elife.97130,The microbiome interacts with the circadian clock and dietary composition to regulate metabolite cycling in the &lt;i&gt;Drosophila&lt;/i&gt; gut.,"Zhang Y, Noya SB, Li Y, Fang J, Sehgal A.",,2025,2025-07-11,6,Y,microbiome; gut microbiome; host
Li Y,"((ACCESSION_TYPE:""metabolights"") OR (LABS_PUBS:""1782"")) AND AUTH:""Li Y""",38172782,MED,38172782,PMC10763682,10.1186/s12917-023-03849-0,Analysis of fecal microbiome and metabolome changes in goats with pregnant toxemia.,"Jin B, Wang R, Hu J, Wang Y, Cheng P, Zhang J, Zhang J, Xue G, Zhu Y, Zhang Y, Fang F, Liu Y, Li Y.",,2024,2024-01-03,7,Y,microbiome; microbiota; gut microbiota
Li Y,"((ACCESSION_TYPE:""metabolights"") OR (LABS_PUBS:""1782"")) AND AUTH:""Li Y""",35992673,MED,35992673,PMC9381841,10.3389/fmicb.2022.931180,Production of chain-extended cinnamoyl compounds by overexpressing two adjacent cluster-situated LuxR regulators in <i>Streptomyces globisporus</i> C-1027.,"Li X, Ren W, Li Y, Shi Y, Sun H, Wang L, Wu L, Xie Y, Du Y, Jiang Z, Hong B.",,2022,2022-08-03,7,Y,strain
Li Y,"((ACCESSION_TYPE:""metabolights"") OR (LABS_PUBS:""1782"")) AND AUTH:""Li Y""",35943267,MED,35943267,PMC9430527,10.1128/spectrum.01542-22,"2<i>E</i>,4<i>E</i>-Decadienoic Acid, a Novel Anti-Oomycete Agent from Coculture of Bacillus subtilis and Trichoderma asperellum.","Zhang XF, Li QY, Wang M, Ma SQ, Zheng YF, Li YQ, Zhao DL, Zhang CS.",,2022,2022-08-09,11,Y,Bacillus; pathogen; microbiome
Li Y,"((ACCESSION_TYPE:""metabolights"") OR (LABS_PUBS:""1782"")) AND AUTH:""Li Y""",38529471,MED,38529471,PMC10962445,10.3389/fcimb.2024.1283737,Gallbladder microbial species and host bile acids biosynthesis linked to cholesterol gallstone comparing to pigment individuals.,"Zhang X, Hu J, Li Y, Tang J, Yang K, Zhong A, Liu Y, Zhang T.",,2024,2024-03-11,11,Y,host; Microbiota; microbiome; bacteria; fungi
Li Y,"((ACCESSION_TYPE:""metabolights"") OR (LABS_PUBS:""1782"")) AND AUTH:""Li Y""",37246562,MED,37246562,,10.1093/infdis/jiad175,Serum Metabolomic Profiles for Distinguishing Lung Cancer From Pulmonary Tuberculosis: Identification of Rapid and Noninvasive Biomarker.,"Chen S, Li C, Qin Z, Song L, Zhang S, Sun C, Zhuang P, Wang Y, Yang B, Ning L, Li Y.",,2023,2023-11-01,9,N,Tuberculosis
Li Y,"((ACCESSION_TYPE:""metabolights"") OR (LABS_PUBS:""1782"")) AND AUTH:""Li Y""",35764602,MED,35764602,PMC9239856,10.1093/gigascience/giac057,The Manchurian Walnut Genome: Insights into Juglone and Lipid Biosynthesis.,"Li X, Cai K, Zhang Q, Pei X, Chen S, Jiang L, Han Z, Zhao M, Li Y, Zhang X, Li Y, Zhang S, Chen S, Qu G, Tigabu M, Chiang VL, Sederoff R, Zhao X.",,2022,2022-06-01,30,Y,assembly
Li Y,"((ACCESSION_TYPE:""metabolights"") OR (LABS_PUBS:""1782"")) AND AUTH:""Li Y""",33841749,MED,33841749,PMC8021501,10.1016/j.csbj.2021.03.039,Metabolomics reveals sex-specific metabolic shifts and predicts the duration from positive to negative in non-severe COVID-19 patients during recovery process.,"Zheng H, Jin S, Li T, Ying W, Ying B, Chen D, Ning J, Zheng C, Li Y, Li C, Chen C, Li X, Gao H.",,2021,2021-04-06,23,Y,COVID
Li Y,"((ACCESSION_TYPE:""metabolights"") OR (LABS_PUBS:""1782"")) AND AUTH:""Li Y""",36862550,MED,36862550,,10.1016/j.celrep.2023.112145,4-octyl itaconate as a metabolite derivative inhibits inflammation via alkylation of STING.,"Li W, Li Y, Kang J, Jiang H, Gong W, Chen L, Wu C, Liu M, Wu X, Zhao Y, Ren J.",,2023,2023-02-28,90,N,sepsis
Li Y,"((ACCESSION_TYPE:""metabolights"") OR (LABS_PUBS:""1782"")) AND AUTH:""Li Y""",32969666,MED,32969666,,10.1021/acs.jproteome.0c00281,The Impact of SlyA on Cell Metabolism of <i>Salmonella typhimurium</i>: A Joint Study of Transcriptomics and Metabolomics.,"Tian S, Wang C, Li Y, Bao X, Zhang Y, Tang T.",,2021,2020-10-07,12,N,Salmonella typhimurium; virulence; strain
Li Y,"((ACCESSION_TYPE:""metabolights"") OR (LABS_PUBS:""1782"")) AND AUTH:""Li Y""",35867475,MED,35867475,PMC9430912,10.1128/spectrum.00689-22,Effects of l-Serine on Macrolide Resistance in Streptococcus suis.,"Wu T, Wang X, Dong Y, Xing C, Chen X, Li L, Dong C, Li Y.",,2022,2022-07-18,18,Y,Streptococcus; zoonotic; pathogen; bacterial; antimicrobial resistance
Li Y,"((ACCESSION_TYPE:""metabolights"") OR (LABS_PUBS:""1782"")) AND AUTH:""Li Y""",32241904,MED,32241904,PMC7677483,10.1136/gutjnl-2019-319766,Aberrant gut microbiota alters host metabolome and impacts renal failure in humans and rodents.,"Wang X, Yang S, Li S, Zhao L, Hao Y, Qin J, Zhang L, Zhang C, Bian W, Zuo L, Gao X, Zhu B, Lei XG, Gu Z, Cui W, Xu X, Li Z, Zhu B, Li Y, Chen S, Guo H, Zhang H, Sun J, Zhang M, Hui Y, Zhang X, Liu X, Sun B, Wang L, Qiu Q, Zhang Y, Li X, Liu W, Xue R, Wu H, Shao D, Li J, Zhou Y, Li S, Yang R, Pedersen OB, Yu Z, Ehrlich SD, Ren F.",,2020,2020-04-02,458,Y,gut microbiota; host; microbiome; gut microbiome; Microbiota; antibiotic
Li Y,"((ACCESSION_TYPE:""metabolights"") OR (LABS_PUBS:""1782"")) AND AUTH:""Li Y""",34315889,MED,34315889,PMC8316550,10.1038/s41467-021-24482-1,The trans-omics landscape of COVID-19.,"Wu P, Chen D, Ding W, Wu P, Hou H, Bai Y, Zhou Y, Li K, Xiang S, Liu P, Ju J, Guo E, Liu J, Yang B, Fan J, He L, Sun Z, Feng L, Wang J, Wu T, Wang H, Cheng J, Xing H, Meng Y, Li Y, Zhang Y, Luo H, Xie G, Lan X, Tao Y, Li J, Yuan H, Huang K, Sun W, Qian X, Li Z, Huang M, Ding P, Wang H, Qiu J, Wang F, Wang S, Zhu J, Ding X, Chai C, Liang L, Wang X, Luo L, Sun Y, Yang Y, Zhuang Z, Li T, Tian L, Zhang S, Zhu L, Chang A, Chen L, Wu Y, Ma X, Chen F, Ren Y, Xu X, Liu S, Wang J, Yang H, Wang L, Sun C, Ma D, Jin X, Chen G.",,2021,2021-07-27,105,Y,COVID; outbreak; coronavirus
Li Y,"((ACCESSION_TYPE:""metabolights"") OR (LABS_PUBS:""1782"")) AND AUTH:""Li Y""",34229738,MED,34229738,PMC8259168,10.1186/s13059-021-02413-z,"Integration of metabolomics, genomics, and immune phenotypes reveals the causal roles of metabolites in disease.","Chu X, Jaeger M, Beumer J, Bakker OB, Aguirre-Gamboa R, Oosting M, Smeekens SP, Moorlag S, Mourits VP, Koeken VACM, de Bree C, Jansen T, Mathews IT, Dao K, Najhawan M, Watrous JD, Joosten I, Sharma S, Koenen HJPM, Withoff S, Jonkers IH, Netea-Maier RT, Xavier RJ, Franke L, Xu CJ, Joosten LAB, Sanna S, Jain M, Kumar V, Clevers H, Wijmenga C, Netea MG, Li Y.",,2021,2021-07-06,58,Y,host
Li Y,"((ACCESSION_TYPE:""metabolights"") OR (LABS_PUBS:""1782"")) AND AUTH:""Li Y""",35399683,MED,35399683,PMC8988891,10.3389/fnut.2022.820799,An Overlooked Prebiotic: Beneficial Effect of Dietary Nucleotide Supplementation on Gut Microbiota and Metabolites in Senescence-Accelerated Mouse Prone-8 Mice.,"Ding T, Xu M, Li Y.",,2022,2022-03-24,16,Y,Gut Microbiota; bacteria; Helicobacter; microbiota; biofilm; Shigella; microbiome
Li Y,"((ACCESSION_TYPE:""metabolights"") OR (LABS_PUBS:""1782"")) AND AUTH:""Li Y""",35464908,MED,35464908,PMC9024415,10.3389/fmicb.2022.857160,Comparative Metabolomic Profiling of Compatible and Incompatible Interactions Between Potato and <i>Phytophthora infestans</i>.,"Zhu J, Tang X, Sun Y, Li Y, Wang Y, Jiang Y, Shao H, Yong B, Li H, Tao X.",,2022,2022-04-08,12,Y,infection; pathogen; antifungal
Li Y,"((ACCESSION_TYPE:""metabolights"") OR (LABS_PUBS:""1782"")) AND AUTH:""Li Y""",31672964,MED,31672964,PMC6823360,10.1038/s41467-019-12896-x,Theabrownin from Pu-erh tea attenuates hypercholesterolemia via modulation of gut microbiota and bile acid metabolism.,"Huang F, Zheng X, Ma X, Jiang R, Zhou W, Zhou S, Zhang Y, Lei S, Wang S, Kuang J, Han X, Wei M, You Y, Li M, Li Y, Liang D, Liu J, Chen T, Yan C, Wei R, Rajani C, Shen C, Xie G, Bian Z, Li H, Zhao A, Jia W.",,2019,2019-10-31,576,Y,gut microbiota
Li Y,"((ACCESSION_TYPE:""metabolights"") OR (LABS_PUBS:""1782"")) AND AUTH:""Li Y""",28024298,MED,28024298,,10.1038/nature20786,Genome sequence and genetic diversity of European ash trees.,"Sollars ES, Harper AL, Kelly LJ, Sambles CM, Ramirez-Gonzalez RH, Swarbreck D, Kaithakottil G, Cooper ED, Uauy C, Havlickova L, Worswick G, Studholme DJ, Zohren J, Salmon DL, Clavijo BJ, Li Y, He Z, Fellgett A, McKinney LV, Nielsen LR, Douglas GC, Kjær ED, Downie JA, Boshier D, Lee S, Clark J, Grant M, Bancroft I, Caccamo M, Buggs RJ.",,2017,2016-12-26,133,N,fungus; epidemic
Zhou K,"((ACCESSION_TYPE:""metabolights"") OR (LABS_PUBS:""1782"")) AND AUTH:""Zhou K""",41923623,MED,41923623,PMC13130635,10.1016/j.xcrm.2026.102726,A metabolite-augmented FIB-4 machine learning panel achieves superior liver fibrosis staging in chronic liver disease.,"Chen Y, Yang T, Chen T, Xiao H, Zhou K, Ding K, Liu Q, Li M, Peng X, Sun T, Wang X, Liu P, Deng X, Zhang Z, Zhang K, Huang X, Chi X, Pik-Shan Kong A, Wai-Sun Wong V, Jia W, Xie G.",,2026,2026-03-31,0,Y,hepatitis B
Mishra S,"((ACCESSION_TYPE:""metabolights"") OR (LABS_PUBS:""1782"")) AND AUTH:""Mishra S""",33193163,MED,33193163,PMC7649765,10.3389/fmicb.2020.570219,The Impacts of Sortase A and the 4'-Phosphopantetheinyl Transferase Homolog Sfp on &lt;i&gt;Streptococcus mutans&lt;/i&gt; Extracellular Membrane Vesicle Biogenesis.,"Morales-Aparicio JC, Lara Vasquez P, Mishra S, Barrán-Berdón AL, Kamat M, Basso KB, Wen ZT, Brady LJ.",,2020,2020-10-26,18,Y,Streptococcus; Bacillus; bacterial; biofilm
Ludwig C,"((ACCESSION_TYPE:""metabolights"") OR (LABS_PUBS:""1782"")) AND AUTH:""Ludwig C""",41942463,MED,41942463,PMC13230831,10.1038/s41467-026-71463-3,Bacterial extracellular vesicles as recyclable nutrient reservoirs.,"Laimer-Digruber A, Edelbacher TV, Alinaghi M, Yu MSC, Chiang DM, Kirchner B, Wudy SI, Tschulenk W, Walter I, Kummer S, Ludwig C, Přibyl J, Pfaffl MW, Ehling-Schulz M.",,2026,2026-04-06,0,Y,Bacterial; virulence; bacteria; Bacillus cereus; Staphylococcus aureus
Ludwig C,"((ACCESSION_TYPE:""metabolights"") OR (LABS_PUBS:""1782"")) AND AUTH:""Ludwig C""",25598765,MED,25598765,PMC4289537,10.1007/s11306-014-0677-3,"Metabonomics of human fecal extracts characterize ulcerative colitis, Crohn's disease and healthy individuals.","Bjerrum JT, Wang Y, Hao F, Coskun M, Ludwig C, Günther U, Nielsen OH.",,2015,2014-06-01,192,Y,microbiota; bacterial; antibody
Strnad M,"((ACCESSION_TYPE:""metabolights"") OR (LABS_PUBS:""1782"")) AND AUTH:""Strnad M""",38172101,MED,38172101,PMC10764789,10.1038/s41467-023-44090-5,Features of acute COVID-19 associated with post-acute sequelae of SARS-CoV-2 phenotypes: results from the IMPACC study.,"Ozonoff A, Jayavelu ND, Liu S, Melamed E, Milliren CE, Qi J, Geng LN, McComsey GA, Cairns CB, Baden LR, Schaenman J, Shaw AC, Samaha H, Seyfert-Margolis V, Krammer F, Rosen LB, Steen H, Syphurs C, Dandekar R, Shannon CP, Sekaly RP, Ehrlich LIR, Corry DB, Kheradmand F, Atkinson MA, Brakenridge SC, Higuita NIA, Metcalf JP, Hough CL, Messer WB, Pulendran B, Nadeau KC, Davis MM, Sesma AF, Simon V, van Bakel H, Kim-Schulze S, Hafler DA, Levy O, Kraft M, Bime C, Haddad EK, Calfee CS, Erle DJ, Langelier CR, Eckalbar W, Bosinger SE, IMPACC Network, Peters B, Kleinstein SH, Reed EF, Augustine AD, Diray-Arce J, Maecker HT, Altman MC, Montgomery RR, Becker PM, Rouphael N.",,2024,2024-01-03,61,Y,COVID; SARS; public health; viral; antibody; host
Street NR,"((ACCESSION_TYPE:""metabolights"") OR (LABS_PUBS:""1782"")) AND AUTH:""Street NR""",32648607,MED,32648607,,10.1111/nph.16799,A metabolite roadmap of the wood-forming tissue in Populus tremula.,"Abreu IN, Johansson AI, Sokołowska K, Niittylä T, Sundberg B, Hvidsten TR, Street NR, Moritz T.",,2020,2020-08-27,28,N,host
Ghosh S,"((ACCESSION_TYPE:""metabolights"") OR (LABS_PUBS:""1782"")) AND AUTH:""Ghosh S""",38693261,MED,38693261,PMC11096121,10.1038/s41586-024-07336-w,Paternal microbiome perturbations impact offspring fitness.,"Argaw-Denboba A, Schmidt TSB, Di Giacomo M, Ranjan B, Devendran S, Mastrorilli E, Lloyd CT, Pugliese D, Paribeni V, Dabin J, Pisaniello A, Espinola S, Crevenna A, Ghosh S, Humphreys N, Boruc O, Sarkies P, Zimmermann M, Bork P, Hackett JA.",,2024,2024-05-01,129,Y,microbiome; gut microbiota; host; gut microbiome; Transmission; antibiotics; microbiota
Kumar R,"((ACCESSION_TYPE:""metabolights"") OR (LABS_PUBS:""1782"")) AND AUTH:""Kumar R""",30842473,MED,30842473,PMC6403389,10.1038/s41598-019-40051-5,Comparative label-free lipidomic analysis of Mycobacterium tuberculosis during dormancy and reactivation.,"Raghunandanan S, Jose L, Gopinath V, Kumar RA.",,2019,2019-03-06,26,Y,Mycobacterium tuberculosis; host; bacterium; bacteria; M. tuberculosis
Krishnan S,"((ACCESSION_TYPE:""metabolights"") OR (LABS_PUBS:""1782"")) AND AUTH:""Krishnan S""",26731301,MED,26731301,PMC4700839,10.1038/sdata.2015.77,Comprehensive systems biology analysis of a 7-month cigarette smoke inhalation study in C57BL/6 mice.,"Ansari S, Baumer K, Boué S, Dijon S, Dulize R, Ekroos K, Elamin A, Foong C, Guedj E, Hoeng J, Ivanov NV, Krishnan S, Leroy P, Martin F, Merg C, Peck MJ, Peitsch MC, Phillips B, Schlage WK, Schneider T, Talikka M, Titz B, Vanscheeuwijck P, Veljkovic E, Vihervaara T, Vuillaume G, Woon CQ.",,2016,2016-01-05,20,Y,aerosol; exposure
Khan A,"((ACCESSION_TYPE:""metabolights"") OR (LABS_PUBS:""1782"")) AND AUTH:""Khan A""",37063449,MED,37063449,PMC10092816,10.3389/fmicb.2022.1059289,Targeted plasma metabolomics combined with machine learning for the diagnosis of severe acute respiratory syndrome virus type 2.,"Le AT, Wu M, Khan A, Phillips N, Rajpurkar P, Garland M, Magid K, Sibai M, Huang C, Sahoo MK, Bowen R, Cowan TM, Pinsky BA, Hogan CA.",,2022,2023-03-29,8,Y,virus; coronavirus; SARS; antigen; acute infection; COVID; infection
Khan A,"((ACCESSION_TYPE:""metabolights"") OR (LABS_PUBS:""1782"")) AND AUTH:""Khan A""",34313459,MED,34313459,PMC8409738,10.1128/msystems.00232-21,Ecological Adaptation and Succession of Human Fecal Microbial Communities in an Automated <i>In Vitro</i> Fermentation System.,"Gnanasekaran T, Assis Geraldo J, Ahrenkiel DW, Alvarez-Silva C, Saenz C, Khan A, Hanteer O, Gunalan V, Trost K, Moritz T, Arumugam M.",,2021,2021-07-27,9,Y,gut microbiota; host; amplicon sequencing; microbiota; Microbiome
Rossi S,"((ACCESSION_TYPE:""metabolights"") OR (LABS_PUBS:""1782"")) AND AUTH:""Rossi S""",38781354,MED,38781354,,10.1126/science.adk4898,A metabolic dependency of EBV can be targeted to hinder B cell transformation.,"Müller-Durovic B, Jäger J, Engelmann C, Schuhmachers P, Altermatt S, Schlup Y, Duthaler U, Makowiec C, Unterstab G, Roffeis S, Xhafa E, Assmann N, Trulsson F, Steiner R, Edwards-Hicks J, West J, Turner L, Develioglu L, Ivanek R, Azzi T, Dehio P, Berger C, Swiss Transplant Cohort Study, Kuzmin D, Saboz S, Mautner J, Löliger J, Geigges M, Palianina D, Khanna N, Dirnhofer S, Münz C, Bantug GR, Hess C.",,2024,2024-07-05,30,N,EBV; infection; Epstein-Barr; virus; host; viremia
Zhang W,"((ACCESSION_TYPE:""metabolights"") OR (LABS_PUBS:""1782"")) AND AUTH:""Zhang W""",38421203,MED,38421203,PMC10949483,10.1128/msystems.01027-23,New aspects characterizing non-obese NAFLD by the analysis of the intestinal flora and metabolites using a mouse model.,"Zhang W, Cheng W, Li J, Huang Z, Lin H, Zhang W.",,2024,2024-02-29,13,Y,public health; incidence; Gut microbiota
Zhang W,"((ACCESSION_TYPE:""metabolights"") OR (LABS_PUBS:""1782"")) AND AUTH:""Zhang W""",41584685,MED,41584685,PMC12828522,10.1016/j.aninu.2025.09.008,Engineered &lt;i&gt;Bacillus subtilis&lt;/i&gt; WB600/ZD reduces post-weaning diarrhea in piglets by modulating gut microbiota and aryl hydrocarbon receptor (AHR) signaling.,"Li W, Wang X, Zhang Y, Yang H, Wang X, Meng W, Hu T, Zhang W, Zhu Y, Wang J, Yang G.",,2026,2025-11-20,0,Y,Bacillus; gut microbiota; Salmonella; incidence; microbiota; antibiotic; Salmonella enterica; infection
Zhang W,"((ACCESSION_TYPE:""metabolights"") OR (LABS_PUBS:""1782"")) AND AUTH:""Zhang W""",35068048,MED,35068048,PMC9055822,10.1111/pbi.13781,Plant elicitor peptide signalling confers rice resistance to piercing-sucking insect herbivores and pathogens.,"Shen W, Zhang X, Liu J, Tao K, Li C, Xiao S, Zhang W, Li JF.",,2022,2022-02-18,55,Y,fungal; pathogen; bacterial
Zhang W,"((ACCESSION_TYPE:""metabolights"") OR (LABS_PUBS:""1782"")) AND AUTH:""Zhang W""",39660142,MED,39660142,PMC11628504,10.3389/fimmu.2024.1464664,Regionalization of intestinal microbiota and metabolites in the small intestine of the Bactrian camel.,"Cheng Y, Ren Y, Zhang W, Lu J, Xie F, Fang YD, Fan X, He W, Wang W.",,2024,2024-11-26,7,Y,microbiota; antigen; bacterial; Clostridium; Shigella; host
Zhang W,"((ACCESSION_TYPE:""metabolights"") OR (LABS_PUBS:""1782"")) AND AUTH:""Zhang W""",37120634,MED,37120634,PMC10148826,10.1038/s41467-023-38009-3,Single-cell metabolic fingerprints discover a cluster of circulating tumor cells with distinct metastatic potential.,"Zhang W, Xu F, Yao J, Mao C, Zhu M, Qian M, Hu J, Zhong H, Zhou J, Shi X, Chen Y.",,2023,2023-04-29,49,Y,incidence
Zhang W,"((ACCESSION_TYPE:""metabolights"") OR (LABS_PUBS:""1782"")) AND AUTH:""Zhang W""",37053010,MED,37053010,PMC10232000,10.1172/jci165028,Circulating succinate-modifying metabolites accurately classify and reflect the status of fumarate hydratase-deficient renal cell carcinoma.,"Zheng L, Zhu ZR, Sneh T, Zhang WT, Wang ZY, Wu GY, He W, Qi HG, Wang H, Wu XY, Fernández-García J, Abramovich I, Xu YZ, Zhang J, Gottlieb E.",,2023,2023-06-01,34,Y,surveillance
Zhang W,"((ACCESSION_TYPE:""metabolights"") OR (LABS_PUBS:""1782"")) AND AUTH:""Zhang W""",28634299,MED,28634299,PMC5502637,10.1073/pnas.1705016114,Biosynthesis of isonitrile lipopeptides by conserved nonribosomal peptide synthetase gene clusters in Actinobacteria.,"Harris NC, Sato M, Herman NA, Twigg F, Cai W, Liu J, Zhu X, Downey J, Khalaf R, Martin J, Koshino H, Zhang W.",,2017,2017-06-20,66,N,Mycobacterium tuberculosis
Zhang W,"((ACCESSION_TYPE:""metabolights"") OR (LABS_PUBS:""1782"")) AND AUTH:""Zhang W""",34276585,MED,34276585,PMC8283677,10.3389/fmicb.2021.649091,Multi-Omics Analysis Reveals Disturbance of Nanosecond Pulsed Electric Field in the Serum Metabolic Spectrum and Gut Microbiota.,"Dong Y, Lu J, Wang T, Huang Z, Chen X, Ren Z, Hong L, Wang H, Yang D, Xie H, Zhang W.",,2021,2021-07-02,2,Y,Gut Microbiota; bacteria
Tang W,"((ACCESSION_TYPE:""metabolights"") OR (LABS_PUBS:""1782"")) AND AUTH:""Tang W""",35758253,MED,35758253,PMC9235893,10.1080/19490976.2022.2091369,Intestinal accumulation of microbiota-produced succinate caused by loss of microRNAs leads to diarrhea in weanling piglets.,"Zhou X, Liu Y, Xiong X, Chen J, Tang W, He L, Zhang Z, Yin Y, Li F.",,2022,2022-01-01,59,Y,microbiota; Diarrheal disease; microbiome
Ambs S,"((ACCESSION_TYPE:""metabolights"") OR (LABS_PUBS:""1782"")) AND AUTH:""Ambs S""",38630934,MED,38630934,,10.1002/ijc.34960,ELAPOR1 induces the classical/progenitor subtype and contributes to reduced disease aggressiveness through metabolic reprogramming in pancreatic cancer.,"Ohara Y, Liu H, Craig AJ, Yang S, Moreno P, Dorsey TH, Cawley H, Azizian A, Gaedcke J, Ghadimi M, Hanna N, Ambs S, Hussain SP.",,2024,2024-04-17,10,N,subtype
Xu W,"((ACCESSION_TYPE:""metabolights"") OR (LABS_PUBS:""1782"")) AND AUTH:""Xu W""",38837945,MED,38837945,,10.1093/gigascience/giae025,The telomere-to-telomere (T2T) genome of Peucedanum praeruptorum Dunn provides insights into the genome evolution and coumarin biosynthesis.,"Bai M, Jiang S, Chu S, Yu Y, Shan D, Liu C, Zong L, Liu Q, Liu N, Xu W, Mei Z, Jian J, Zhang C, Zhao S, Chiu TY, Simonsen HT.",,2024,2024-01-01,9,N,assembly
Xu W,"((ACCESSION_TYPE:""metabolights"") OR (LABS_PUBS:""1782"")) AND AUTH:""Xu W""",37263307,MED,37263307,,10.1053/j.gastro.2023.05.032,Gut Microbiome Composition Is Associated With Future Onset of Crohn's Disease in Healthy First-Degree Relatives.,"Raygoza Garay JA, Turpin W, Lee SH, Smith MI, Goethel A, Griffiths AM, Moayyedi P, Espin-Garcia O, Abreu M, Aumais GL, Bernstein CN, Biron IA, Cino M, Deslandres C, Dotan I, El-Matary W, Feagan B, Guttman DS, Huynh H, Dieleman LA, Hyams JS, Jacobson K, Mack D, Marshall JK, Otley A, Panaccione R, Ropeleski M, Silverberg MS, Steinhart AH, Turner D, Yerushalmi B, Paterson AD, Xu W, CCC GEM Project Research Consortium, Croitoru K.",,2023,2023-05-30,170,N,Gut Microbiome; Case; microbiome
Xu W,"((ACCESSION_TYPE:""metabolights"") OR (LABS_PUBS:""1782"")) AND AUTH:""Xu W""",34600680,MED,34600680,,10.1016/j.foodres.2021.110678,Dynamic metabolic and transcriptomic profiling reveals the biosynthetic characteristics of hydroxycinnamic acid amides (HCAAs) in sunflower pollen.,"Li S, Yaermaimaiti S, Tian XM, Wang ZW, Xu WJ, Luo J, Kong LY.",,2021,2021-08-31,6,N,virus
Xu W,"((ACCESSION_TYPE:""metabolights"") OR (LABS_PUBS:""1782"")) AND AUTH:""Xu W""",34103526,MED,34103526,PMC8187647,10.1038/s41467-021-23827-0,Low chorionic villous succinate accumulation associates with recurrent spontaneous abortion risk.,"Wang XH, Xu S, Zhou XY, Zhao R, Lin Y, Cao J, Zang WD, Tao H, Xu W, Li MQ, Zhao SM, Jin LP, Zhao JY.",,2021,2021-06-08,127,Y,case
Abreu IN,"((ACCESSION_TYPE:""metabolights"") OR (LABS_PUBS:""1782"")) AND AUTH:""Abreu IN""",32648607,MED,32648607,,10.1111/nph.16799,A metabolite roadmap of the wood-forming tissue in Populus tremula.,"Abreu IN, Johansson AI, Sokołowska K, Niittylä T, Sundberg B, Hvidsten TR, Street NR, Moritz T.",,2020,2020-08-27,28,N,host
Abreu IN,"((ACCESSION_TYPE:""metabolights"") OR (LABS_PUBS:""1782"")) AND AUTH:""Abreu IN""",29298676,MED,29298676,PMC5753437,10.1186/s12864-017-4411-1,A multi-omics approach reveals function of Secretory Carrier-Associated Membrane Proteins in wood formation of​ ​​Populus​​ ​trees.,"Obudulu O, Mähler N, Skotare T, Bygdell J, Abreu IN, Ahnlund M, Latha Gandla M, Petterle A, Moritz T, Hvidsten TR, Jönsson LJ, Wingsle G, Trygg J, Tuominen H.",,2018,2018-01-03,19,Y,Carrier
Abreu IN,"((ACCESSION_TYPE:""metabolights"") OR (LABS_PUBS:""1782"")) AND AUTH:""Abreu IN""",28640868,MED,28640868,PMC5480960,10.1371/journal.pone.0179640,Functional metabolomics as a tool to analyze Mediator function and structure in plants.,"Davoine C, Abreu IN, Khajeh K, Blomberg J, Kidd BN, Kazan K, Schenk PM, Gerber L, Nilsson O, Moritz T, Björklund S.",,2017,2017-06-22,11,Y,exposure; pathogen
Glover MS,"((ACCESSION_TYPE:""metabolights"") OR (LABS_PUBS:""1782"")) AND AUTH:""Glover MS""",32152087,MED,32152087,PMC7179586,10.1128/aac.02347-19,Antibacterial Monoclonal Antibodies Do Not Disrupt the Intestinal Microbiome or Its Function.,"Jones-Nelson O, Tovchigrechko A, Glover MS, Fernandes F, Rangaswamy U, Liu H, Tabor DE, Boyd J, Warrener P, Martinez J, Hilliard JJ, Stover CK, Yu W, DAngelo G, Hess S, Cohen TS, Sellman BR.",,2020,2020-04-21,11,Y,Microbiome; Antibiotics; host; antibiotic; pathogen; bacterial; infection; bacteria; gut microbiome
Hess S,"((ACCESSION_TYPE:""metabolights"") OR (LABS_PUBS:""1782"")) AND AUTH:""Hess S""",32152087,MED,32152087,PMC7179586,10.1128/aac.02347-19,Antibacterial Monoclonal Antibodies Do Not Disrupt the Intestinal Microbiome or Its Function.,"Jones-Nelson O, Tovchigrechko A, Glover MS, Fernandes F, Rangaswamy U, Liu H, Tabor DE, Boyd J, Warrener P, Martinez J, Hilliard JJ, Stover CK, Yu W, DAngelo G, Hess S, Cohen TS, Sellman BR.",,2020,2020-04-21,11,Y,Microbiome; Antibiotics; host; antibiotic; pathogen; bacterial; infection; bacteria; gut microbiome
Sun J,"((ACCESSION_TYPE:""metabolights"") OR (LABS_PUBS:""1782"")) AND AUTH:""Sun J""",41629625,MED,41629625,PMC12979657,10.1038/s44319-026-00699-3,VGLL4 modulates Paneth cells and sustains intestinal homeostasis.,"Zhang H, Wang Z, Wang X, Yu W, Zhang G, Zhang H, Lu Y, Sun Y, Lu T, Li X, Yang R, Sun J, Xu J, Huang S, Ma X, Ren J, Tang N, Cheng Z, Yu J, Wei F, Zhou H, Li J, Qin J, Jin Y, Zhang L.",,2026,2026-02-02,0,Y,gut microbiota; microbiota
Sun J,"((ACCESSION_TYPE:""metabolights"") OR (LABS_PUBS:""1782"")) AND AUTH:""Sun J""",41016739,MED,41016739,,10.1111/bph.70209,Oral administration of low-molecular-weight heparin ameliorates colitis by enhancing the gut mucus barrier via microbial tryptophan metabolites.,"Zheng D, Chen S, Feng H, Zhang S, Zhang C, Wang Y, Tan W, Qing Q, Liu L, Liu X, Wang Z, Liang L, Sun J, Chen Y.",,2026,2025-09-28,0,N,gut microbiota; antibiotic; microbiota; Amplicon sequencing; Escherichia; Shigella
Sun J,"((ACCESSION_TYPE:""metabolights"") OR (LABS_PUBS:""1782"")) AND AUTH:""Sun J""",41356823,MED,41356823,PMC12677068,10.3389/fnut.2025.1668786,&lt;i&gt;Christensenella intestinihominis&lt;/i&gt; MNO-863 improve obesity and related metabolic disorders via SCFAs-induced GLP-1 hormone secretion.,"Kong P, Xian Y, Lao C, Huang B, Zhang D, Tai L, Zhao Y, Pu Z, Lan Z, Zhang C, Liu Z, Xiao C, Zhao G, Zhu R, Liang Y, Lin CS, Lin JH, Sun JZ, Wang T, Liu HW, Jiang X.",,2025,2025-11-20,0,Y,microbiota; bacteria
Sun J,"((ACCESSION_TYPE:""metabolights"") OR (LABS_PUBS:""1782"")) AND AUTH:""Sun J""",32241904,MED,32241904,PMC7677483,10.1136/gutjnl-2019-319766,Aberrant gut microbiota alters host metabolome and impacts renal failure in humans and rodents.,"Wang X, Yang S, Li S, Zhao L, Hao Y, Qin J, Zhang L, Zhang C, Bian W, Zuo L, Gao X, Zhu B, Lei XG, Gu Z, Cui W, Xu X, Li Z, Zhu B, Li Y, Chen S, Guo H, Zhang H, Sun J, Zhang M, Hui Y, Zhang X, Liu X, Sun B, Wang L, Qiu Q, Zhang Y, Li X, Liu W, Xue R, Wu H, Shao D, Li J, Zhou Y, Li S, Yang R, Pedersen OB, Yu Z, Ehrlich SD, Ren F.",,2020,2020-04-02,458,Y,gut microbiota; host; microbiome; gut microbiome; Microbiota; antibiotic
Zheng X,"((ACCESSION_TYPE:""metabolights"") OR (LABS_PUBS:""1782"")) AND AUTH:""Zheng X""",37399531,MED,37399531,PMC10427961,10.1093/stcltm/szad036,Short-Term Clinical Response and Changes in the Fecal Microbiota and Metabolite Levels in Patients with Crohn's Disease After Stem Cell Infusions.,"Yang F, Zheng X, Liang W, Ni B, Lu J, Liu Q, Xu R, He Y, Yee Waye MM, Zhang Q, Chen Y, Zou X, Chen W.",,2023,2023-08-01,5,Y,Microbiota; gut microbiota; gut microbiome; bacterial; host
Zheng X,"((ACCESSION_TYPE:""metabolights"") OR (LABS_PUBS:""1782"")) AND AUTH:""Zheng X""",29241453,MED,29241453,PMC5731064,10.1186/s12915-017-0462-7,Bile acid is a significant host factor shaping the gut microbiome of diet-induced obese mice.,"Zheng X, Huang F, Zhao A, Lei S, Zhang Y, Xie G, Chen T, Qu C, Rajani C, Dong B, Li D, Jia W.",,2017,2017-12-14,244,Y,host; gut microbiome; bacteria; gut microbiota; microbiota
Zheng X,"((ACCESSION_TYPE:""metabolights"") OR (LABS_PUBS:""1782"")) AND AUTH:""Zheng X""",31672964,MED,31672964,PMC6823360,10.1038/s41467-019-12896-x,Theabrownin from Pu-erh tea attenuates hypercholesterolemia via modulation of gut microbiota and bile acid metabolism.,"Huang F, Zheng X, Ma X, Jiang R, Zhou W, Zhou S, Zhang Y, Lei S, Wang S, Kuang J, Han X, Wei M, You Y, Li M, Li Y, Liang D, Liu J, Chen T, Yan C, Wei R, Rajani C, Shen C, Xie G, Bian Z, Li H, Zhao A, Jia W.",,2019,2019-10-31,576,Y,gut microbiota
Zheng X,"((ACCESSION_TYPE:""metabolights"") OR (LABS_PUBS:""1782"")) AND AUTH:""Zheng X""",29276770,MED,29276770,PMC5739065,10.1016/j.clinms.2016.11.002,SPE-IMS-MS: An automated platform for sub-sixty second surveillance of endogenous metabolites and xenobiotics in biofluids.,"Zhang X, Romm M, Zheng X, Zink EM, Kim YM, Burnum-Johnson KE, Orton DJ, Apffel A, Ibrahim YM, Monroe ME, Moore RJ, Smith JN, Ma J, Renslow RS, Thomas DG, Blackwell AE, Swinford G, Sausen J, Kurulugama RT, Eno N, Darland E, Stafford G, Fjeldsted J, Metz TO, Teeguarden JG, Smith RD, Baker ES.",,2016,2016-12-29,60,Y,surveillance; exposure
Xu C,"((ACCESSION_TYPE:""metabolights"") OR (LABS_PUBS:""1782"")) AND AUTH:""Xu C""",34229738,MED,34229738,PMC8259168,10.1186/s13059-021-02413-z,"Integration of metabolomics, genomics, and immune phenotypes reveals the causal roles of metabolites in disease.","Chu X, Jaeger M, Beumer J, Bakker OB, Aguirre-Gamboa R, Oosting M, Smeekens SP, Moorlag S, Mourits VP, Koeken VACM, de Bree C, Jansen T, Mathews IT, Dao K, Najhawan M, Watrous JD, Joosten I, Sharma S, Koenen HJPM, Withoff S, Jonkers IH, Netea-Maier RT, Xavier RJ, Franke L, Xu CJ, Joosten LAB, Sanna S, Jain M, Kumar V, Clevers H, Wijmenga C, Netea MG, Li Y.",,2021,2021-07-06,58,Y,host
Peng B,"((ACCESSION_TYPE:""metabolights"") OR (LABS_PUBS:""1782"")) AND AUTH:""Peng B""",37943703,MED,37943703,PMC10702822,10.15252/embr.201949561,Exogenous L-Alanine promotes phagocytosis of multidrug-resistant bacterial pathogens.,"Jiang M, Chen XH, Li H, Peng XX, Peng B.",,2023,2023-11-09,25,N,bacterial; bacteria; public health; Vibrio; Escherichia coli; Pseudomonas aeruginosa; Klebsiella pneumoniae; pathogen; infection
Peng B,"((ACCESSION_TYPE:""metabolights"") OR (LABS_PUBS:""1782"")) AND AUTH:""Peng B""",39043693,MED,39043693,PMC11266559,10.1038/s41467-024-50554-z,Multiomic profiling of medulloblastoma reveals subtype-specific targetable alterations at the proteome and N-glycan level.,"Godbole S, Voß H, Gocke A, Schlumbohm S, Schumann Y, Peng B, Mynarek M, Rutkowski S, Dottermusch M, Dorostkar MM, Korshunov A, Mair T, Pfister SM, Kwiatkowski M, Hotze M, Neumann P, Hartmann C, Weis J, Liesche-Starnecker F, Guan Y, Moritz M, Siebels B, Struve N, Schlüter H, Schüller U, Krisp C, Neumann JE.",,2024,2024-07-24,19,Y,subtype
Peng B,"((ACCESSION_TYPE:""metabolights"") OR (LABS_PUBS:""1782"")) AND AUTH:""Peng B""",34427522,MED,34427522,PMC8407201,10.1128/msystems.00426-21,Serine Metabolism Tunes Immune Responses To Promote <i>Oreochromis niloticus</i> Survival upon <i>Edwardsiella tarda</i> Infection.,"Yang DX, Yang MJ, Yin Y, Kou TS, Peng LT, Chen ZG, Zheng J, Peng B.",,2021,2021-08-24,37,Y,Infection; host; bacterial; virulence
Jakobsson PJ,"((ACCESSION_TYPE:""metabolights"") OR (LABS_PUBS:""1782"")) AND AUTH:""Jakobsson PJ""",30214633,MED,30214633,PMC6134925,10.7150/thno.26249,Integration of magnetic resonance imaging and protein and metabolite CSF measurements to enable early diagnosis of secondary progressive multiple sclerosis.,"Herman S, Khoonsari PE, Tolf A, Steinmetz J, Zetterberg H, Åkerfeldt T, Jakobsson PJ, Larsson A, Spjuth O, Burman J, Kultima K.",,2018,2018-08-07,42,Y,isolation
Yang H,"((ACCESSION_TYPE:""metabolights"") OR (LABS_PUBS:""1782"")) AND AUTH:""Yang H""",41248183,MED,41248183,PMC12622826,10.1371/journal.ppat.1013662,Salmonella enterica exploits the auxin signaling pathway to overcome stomatal immunity.,"Fochs B, Jaramillo Z, Yang HW, Yeemin J, Melotto M.",,2025,2025-11-17,2,Y,Salmonella enterica; pathogen; strain; bacterium; host; Pseudomonas; Escherichia coli; serotype
Yang H,"((ACCESSION_TYPE:""metabolights"") OR (LABS_PUBS:""1782"")) AND AUTH:""Yang H""",41584685,MED,41584685,PMC12828522,10.1016/j.aninu.2025.09.008,Engineered &lt;i&gt;Bacillus subtilis&lt;/i&gt; WB600/ZD reduces post-weaning diarrhea in piglets by modulating gut microbiota and aryl hydrocarbon receptor (AHR) signaling.,"Li W, Wang X, Zhang Y, Yang H, Wang X, Meng W, Hu T, Zhang W, Zhu Y, Wang J, Yang G.",,2026,2025-11-20,0,Y,Bacillus; gut microbiota; Salmonella; incidence; microbiota; antibiotic; Salmonella enterica; infection
Yang H,"((ACCESSION_TYPE:""metabolights"") OR (LABS_PUBS:""1782"")) AND AUTH:""Yang H""",39731500,MED,39731500,PMC12915399,10.1080/21505594.2024.2440541,"Arginine depletion-induced autophagy and metabolic dysregulation are involved in the disease severity of hand, foot, and mouth disease.","Jin Y, Ji W, Zhang L, Dang D, Yu B, Zhang X, Zhang Y, Li J, Zhang Y, Yang R, Yang H, Chen S, Wang F, Duan G.",,2025,2024-12-28,0,Y,viral; virus
Yang H,"((ACCESSION_TYPE:""metabolights"") OR (LABS_PUBS:""1782"")) AND AUTH:""Yang H""",37250042,MED,37250042,PMC10213264,10.3389/fmicb.2023.1186841,L-leucine increases the sensitivity of drug-resistant <i>Salmonella</i> to sarafloxacin by stimulating central carbon metabolism and increasing intracellular reactive oxygen species level.,"Yang H, Zhou Y, Luo Q, Zhu C, Fang B.",,2023,2023-05-12,16,Y,Salmonella; antibiotics; public health; bacteria; Salmonella Typhimurium; antibiotic
Yang H,"((ACCESSION_TYPE:""metabolights"") OR (LABS_PUBS:""1782"")) AND AUTH:""Yang H""",34315889,MED,34315889,PMC8316550,10.1038/s41467-021-24482-1,The trans-omics landscape of COVID-19.,"Wu P, Chen D, Ding W, Wu P, Hou H, Bai Y, Zhou Y, Li K, Xiang S, Liu P, Ju J, Guo E, Liu J, Yang B, Fan J, He L, Sun Z, Feng L, Wang J, Wu T, Wang H, Cheng J, Xing H, Meng Y, Li Y, Zhang Y, Luo H, Xie G, Lan X, Tao Y, Li J, Yuan H, Huang K, Sun W, Qian X, Li Z, Huang M, Ding P, Wang H, Qiu J, Wang F, Wang S, Zhu J, Ding X, Chai C, Liang L, Wang X, Luo L, Sun Y, Yang Y, Zhuang Z, Li T, Tian L, Zhang S, Zhu L, Chang A, Chen L, Wu Y, Ma X, Chen F, Ren Y, Xu X, Liu S, Wang J, Yang H, Wang L, Sun C, Ma D, Jin X, Chen G.",,2021,2021-07-27,105,Y,COVID; outbreak; coronavirus
Yang H,"((ACCESSION_TYPE:""metabolights"") OR (LABS_PUBS:""1782"")) AND AUTH:""Yang H""",28280153,MED,28280153,PMC5390853,10.1126/science.aaf4791,"Deep functional analysis of synII, a 770-kilobase synthetic yeast chromosome.","Shen Y, Wang Y, Chen T, Gao F, Gong J, Abramczyk D, Walker R, Zhao H, Chen S, Liu W, Luo Y, Müller CA, Paul-Dubois-Taine A, Alver B, Stracquadanio G, Mitchell LA, Luo Z, Fan Y, Zhou B, Wen B, Tan F, Wang Y, Zi J, Xie Z, Li B, Yang K, Richardson SM, Jiang H, French CE, Nieduszynski CA, Koszul R, Marston AL, Yuan Y, Wang J, Bader JS, Dai J, Boeke JD, Xu X, Cai Y, Yang H.",,2017,2017-03-01,143,N,strain
Zhang C,"((ACCESSION_TYPE:""metabolights"") OR (LABS_PUBS:""1782"")) AND AUTH:""Zhang C""",41016739,MED,41016739,,10.1111/bph.70209,Oral administration of low-molecular-weight heparin ameliorates colitis by enhancing the gut mucus barrier via microbial tryptophan metabolites.,"Zheng D, Chen S, Feng H, Zhang S, Zhang C, Wang Y, Tan W, Qing Q, Liu L, Liu X, Wang Z, Liang L, Sun J, Chen Y.",,2026,2025-09-28,0,N,gut microbiota; antibiotic; microbiota; Amplicon sequencing; Escherichia; Shigella
Zhang C,"((ACCESSION_TYPE:""metabolights"") OR (LABS_PUBS:""1782"")) AND AUTH:""Zhang C""",41024283,MED,41024283,PMC12481999,10.1186/s13321-025-01095-0,TraceMetrix: a traceable metabolomics interactive analysis platform.,"Chen W, An Y, Chen Z, Luo R, Lu Q, Li C, Zhang C, Huang Q, Chen Q, Zhang L, Yi X, Li Y, Tang H, Zhang G.",,2025,2025-09-29,1,Y,data sharing
Zhang C,"((ACCESSION_TYPE:""metabolights"") OR (LABS_PUBS:""1782"")) AND AUTH:""Zhang C""",41356823,MED,41356823,PMC12677068,10.3389/fnut.2025.1668786,&lt;i&gt;Christensenella intestinihominis&lt;/i&gt; MNO-863 improve obesity and related metabolic disorders via SCFAs-induced GLP-1 hormone secretion.,"Kong P, Xian Y, Lao C, Huang B, Zhang D, Tai L, Zhao Y, Pu Z, Lan Z, Zhang C, Liu Z, Xiao C, Zhao G, Zhu R, Liang Y, Lin CS, Lin JH, Sun JZ, Wang T, Liu HW, Jiang X.",,2025,2025-11-20,0,Y,microbiota; bacteria
Zhang C,"((ACCESSION_TYPE:""metabolights"") OR (LABS_PUBS:""1782"")) AND AUTH:""Zhang C""",38837945,MED,38837945,,10.1093/gigascience/giae025,The telomere-to-telomere (T2T) genome of Peucedanum praeruptorum Dunn provides insights into the genome evolution and coumarin biosynthesis.,"Bai M, Jiang S, Chu S, Yu Y, Shan D, Liu C, Zong L, Liu Q, Liu N, Xu W, Mei Z, Jian J, Zhang C, Zhao S, Chiu TY, Simonsen HT.",,2024,2024-01-01,9,N,assembly
Zhang C,"((ACCESSION_TYPE:""metabolights"") OR (LABS_PUBS:""1782"")) AND AUTH:""Zhang C""",35943267,MED,35943267,PMC9430527,10.1128/spectrum.01542-22,"2<i>E</i>,4<i>E</i>-Decadienoic Acid, a Novel Anti-Oomycete Agent from Coculture of Bacillus subtilis and Trichoderma asperellum.","Zhang XF, Li QY, Wang M, Ma SQ, Zheng YF, Li YQ, Zhao DL, Zhang CS.",,2022,2022-08-09,11,Y,Bacillus; pathogen; microbiome
Zhang C,"((ACCESSION_TYPE:""metabolights"") OR (LABS_PUBS:""1782"")) AND AUTH:""Zhang C""",35943976,MED,35943976,PMC9407385,10.1073/pnas.2117089119,Plasma metabolome and cytokine profile reveal glycylproline modulating antibody fading in convalescent COVID-19 patients.,"Yang Z, Wu D, Lu S, Qiu Y, Hua Z, Tan F, Zhang C, Zhang L, Zhang DY, Zhou X, Cai Z, Shang Y, Lin SH.",,2022,2022-08-09,12,Y,antibody; COVID; pandemic; public health; neutralizing antibody; coronavirus; SARS; vaccination; infection
Zhang C,"((ACCESSION_TYPE:""metabolights"") OR (LABS_PUBS:""1782"")) AND AUTH:""Zhang C""",32241904,MED,32241904,PMC7677483,10.1136/gutjnl-2019-319766,Aberrant gut microbiota alters host metabolome and impacts renal failure in humans and rodents.,"Wang X, Yang S, Li S, Zhao L, Hao Y, Qin J, Zhang L, Zhang C, Bian W, Zuo L, Gao X, Zhu B, Lei XG, Gu Z, Cui W, Xu X, Li Z, Zhu B, Li Y, Chen S, Guo H, Zhang H, Sun J, Zhang M, Hui Y, Zhang X, Liu X, Sun B, Wang L, Qiu Q, Zhang Y, Li X, Liu W, Xue R, Wu H, Shao D, Li J, Zhou Y, Li S, Yang R, Pedersen OB, Yu Z, Ehrlich SD, Ren F.",,2020,2020-04-02,458,Y,gut microbiota; host; microbiome; gut microbiome; Microbiota; antibiotic
Zhang C,"((ACCESSION_TYPE:""metabolights"") OR (LABS_PUBS:""1782"")) AND AUTH:""Zhang C""",34925256,MED,34925256,PMC8674956,10.3389/fmicb.2021.735878,A Novel Approach to Characterize the Lipidome of Marine Archaeon <i>Nitrosopumilus maritimus</i> by Ion Mobility Mass Spectrometry.,"Law KP, He W, Tao J, Zhang C.",,2021,2021-12-02,6,Y,strain
Li Z,"((ACCESSION_TYPE:""metabolights"") OR (LABS_PUBS:""1782"")) AND AUTH:""Li Z""",41980075,MED,41980075,PMC13155107,10.1093/ismejo/wrag087,Bacillus populations restore amino acid metabolism in Mesorhizobium under saline-alkali stress to enhance nitrogen fixation efficiency.,"Ai J, Ren M, Hao Z, Zhai Y, Wang E, Deng Z, Li Z.",,2026,2026-01-01,1,Y,Bacillus; bacterial; strain
Li Z,"((ACCESSION_TYPE:""metabolights"") OR (LABS_PUBS:""1782"")) AND AUTH:""Li Z""",39524364,MED,39524364,PMC11550638,10.1016/j.isci.2024.111184,Multiple omics reveal link between the microbiota-gut-brain axis and intracranial aneurysm rupture.,"Xu H, Zhou Q, Xu Z, Long S, Luo G, Chen J, Wei W, Li Z, Li X.",,2024,2024-10-16,5,Y,microbiota; gut microbiota
Li Z,"((ACCESSION_TYPE:""metabolights"") OR (LABS_PUBS:""1782"")) AND AUTH:""Li Z""",36197290,MED,36197290,PMC9603232,10.1128/spectrum.01899-22,Alterations in the Gut Microbiota and Metabolomics of Seafarers after a Six-Month Sea Voyage.,"Jiang CH, Fang X, Huang W, Guo JY, Chen JY, Wu HY, Li ZS, Zou WB, Liao Z.",,2022,2022-10-05,13,Y,Gut Microbiota; gut microbiome; host; microbiota
Li Z,"((ACCESSION_TYPE:""metabolights"") OR (LABS_PUBS:""1782"")) AND AUTH:""Li Z""",38229330,MED,38229330,PMC10789680,10.1007/s00253-023-12841-5,Integrated omics analysis reveals the alteration of gut microbiota and fecal metabolites in Cervus elaphus kansuensis.,"Zhang Z, Bao C, Li Z, He C, Jin W, Li C, Chen Y.",,2024,2024-01-15,9,Y,gut microbiota; host; endemic; gut microbiome; metagenomics; Bacillus
Li Z,"((ACCESSION_TYPE:""metabolights"") OR (LABS_PUBS:""1782"")) AND AUTH:""Li Z""",32241904,MED,32241904,PMC7677483,10.1136/gutjnl-2019-319766,Aberrant gut microbiota alters host metabolome and impacts renal failure in humans and rodents.,"Wang X, Yang S, Li S, Zhao L, Hao Y, Qin J, Zhang L, Zhang C, Bian W, Zuo L, Gao X, Zhu B, Lei XG, Gu Z, Cui W, Xu X, Li Z, Zhu B, Li Y, Chen S, Guo H, Zhang H, Sun J, Zhang M, Hui Y, Zhang X, Liu X, Sun B, Wang L, Qiu Q, Zhang Y, Li X, Liu W, Xue R, Wu H, Shao D, Li J, Zhou Y, Li S, Yang R, Pedersen OB, Yu Z, Ehrlich SD, Ren F.",,2020,2020-04-02,458,Y,gut microbiota; host; microbiome; gut microbiome; Microbiota; antibiotic
Li Z,"((ACCESSION_TYPE:""metabolights"") OR (LABS_PUBS:""1782"")) AND AUTH:""Li Z""",34315889,MED,34315889,PMC8316550,10.1038/s41467-021-24482-1,The trans-omics landscape of COVID-19.,"Wu P, Chen D, Ding W, Wu P, Hou H, Bai Y, Zhou Y, Li K, Xiang S, Liu P, Ju J, Guo E, Liu J, Yang B, Fan J, He L, Sun Z, Feng L, Wang J, Wu T, Wang H, Cheng J, Xing H, Meng Y, Li Y, Zhang Y, Luo H, Xie G, Lan X, Tao Y, Li J, Yuan H, Huang K, Sun W, Qian X, Li Z, Huang M, Ding P, Wang H, Qiu J, Wang F, Wang S, Zhu J, Ding X, Chai C, Liang L, Wang X, Luo L, Sun Y, Yang Y, Zhuang Z, Li T, Tian L, Zhang S, Zhu L, Chang A, Chen L, Wu Y, Ma X, Chen F, Ren Y, Xu X, Liu S, Wang J, Yang H, Wang L, Sun C, Ma D, Jin X, Chen G.",,2021,2021-07-27,105,Y,COVID; outbreak; coronavirus
Li Z,"((ACCESSION_TYPE:""metabolights"") OR (LABS_PUBS:""1782"")) AND AUTH:""Li Z""",35296075,MED,35296075,PMC8919725,10.3389/fimmu.2022.812996,Altered Fecal Metabolomics and Potential Biomarkers of Psoriatic Arthritis Differing From Rheumatoid Arthritis.,"Wang N, Yang L, Shang L, Liang Z, Wang Y, Feng M, Yu S, Li X, Gao C, Li Z, Luo J.",,2022,2022-02-28,13,Y,vector
Li Z,"((ACCESSION_TYPE:""metabolights"") OR (LABS_PUBS:""1782"")) AND AUTH:""Li Z""",34746022,MED,34746022,PMC8567795,10.3389/fcimb.2021.730091,Alterations in Faecal Metagenomics and Serum Metabolomics Indicate Management Strategies for Patients With Budd-Chiari Syndrome.,"Lu Q, Xu H, Zhou L, Zhang R, Li Z, Xu P, Bai T, Wang Z, Wu G, Ren J, Jiao D, Song Y, Zhu R, Li J, Wang W, Liang R, Li L, Ma X, Zu M, Sun Y.",,2021,2021-10-21,6,Y,Metagenomics; gut microbiota; Campylobacter
Li Z,"((ACCESSION_TYPE:""metabolights"") OR (LABS_PUBS:""1782"")) AND AUTH:""Li Z""",30618166,MED,30618166,,10.1002/mrd.23102,Identification of amniotic fluid metabolomic and placental transcriptomic changes associated with abnormal development of cloned pig fetuses.,"Ao Z, Li Z, Wang X, Zhao C, Gan Y, Wu X, Zeng F, Shi J, Gu T, Hong L, Zheng E, Liu D, Xu Z, Wu Z, Cai G.",,2019,2019-01-17,16,N,incidence
Li Z,"((ACCESSION_TYPE:""metabolights"") OR (LABS_PUBS:""1782"")) AND AUTH:""Li Z""",29907290,MED,29907290,,10.1016/j.aca.2018.05.001,"Comprehensive evaluation of untargeted metabolomics data processing software in feature detection, quantification and discriminating marker selection.","Li Z, Lu Y, Guo Y, Cao H, Wang Q, Shui W.",,2018,2018-05-04,98,N,case
Peters A,"((ACCESSION_TYPE:""metabolights"") OR (LABS_PUBS:""1782"")) AND AUTH:""Peters A""",39835346,MED,39835346,PMC12931697,10.1080/19490976.2024.2447832,Comparing &lt;i&gt;Campylobacter jejuni&lt;/i&gt; to three other enteric pathogens in OligoMM&lt;sup&gt;12&lt;/sup&gt; mice reveals pathogen-specific host and microbiota responses.,"Herzog MK, Peters A, Shayya N, Cazzaniga M, Kaka Bra K, Arora T, Barthel M, Gül E, Maurer L, Kiefer P, Christen P, Endhardt K, Vorholt JA, Frankel G, Heimesaat MM, Bereswill S, Gahan CGM, Claesson MJ, Domingo-Almenara X, Hardt WD.",,2025,2025-01-21,7,Y,Campylobacter jejuni; pathogen; host; microbiota; Salmonella; Listeria monocytogenes; Escherichia coli; EPEC; EHEC; infection; gut microbiome; L. monocytogenes; C. jejuni
Peters A,"((ACCESSION_TYPE:""metabolights"") OR (LABS_PUBS:""1782"")) AND AUTH:""Peters A""",27406814,MED,27406814,PMC5451119,10.1007/s00125-016-4041-1,Non-targeted metabolomics combined with genetic analyses identifies bile acid synthesis and phospholipid metabolism as being associated with incident type 2 diabetes.,"Fall T, Salihovic S, Brandmaier S, Nowak C, Ganna A, Gustafsson S, Broeckling CD, Prenni JE, Kastenmüller G, Peters A, Magnusson PK, Wang-Sattler R, Giedraitis V, Berne C, Gieger C, Pedersen NL, Ingelsson E, Lind L.",,2016,2016-07-12,92,N,variant
Zhang X,"((ACCESSION_TYPE:""metabolights"") OR (LABS_PUBS:""1782"")) AND AUTH:""Zhang X""",40220715,MED,40220715,PMC12013117,10.1016/j.ebiom.2025.105686,Multi-kingdom gut microbiota dysbiosis is associated with the development of pulmonary arterial hypertension.,"Chen Y, Chen Z, Liang L, Li J, Meng L, Yuan W, Xie B, Zhang X, Feng L, Jia Y, Fu Z, Su P, Tong Z, Zhong J, Liu X.",,2025,2025-04-11,10,Y,gut microbiota; bacteria; fungi; metagenomics; microbiota; bacterial; fungal
Zhang X,"((ACCESSION_TYPE:""metabolights"") OR (LABS_PUBS:""1782"")) AND AUTH:""Zhang X""",40763903,MED,40763903,,10.1016/j.bbalip.2025.159679,Distinct lipidomic profiles in breast cancer cell lines relate to proliferation and EMT phenotypes.,"Leegwater H, Zhang Z, Zhang X, Wang X, Hankemeier T, Zweemer AJM, van de Water B, Danen E, Hoekstra M, Harms AC, Kindt A, Le Dévédec SE.",,2025,2025-08-05,4,N,subtype; droplet
Zhang X,"((ACCESSION_TYPE:""metabolights"") OR (LABS_PUBS:""1782"")) AND AUTH:""Zhang X""",41660257,MED,41660257,PMC12874136,10.1016/j.isci.2026.114679,Biosynthesis of polyamine-polyphosphate granules for colitis alleviation.,"Fan Z, Zhang X, Ge X, Zhu L, Zhu M, Yang L.",,2026,2026-01-12,0,Y,strain; gut microbiota
Zhang X,"((ACCESSION_TYPE:""metabolights"") OR (LABS_PUBS:""1782"")) AND AUTH:""Zhang X""",40027450,MED,40027450,PMC11868947,10.1016/j.crmicr.2025.100358,Multi-omics unveils strain-specific neuroactive metabolite production linked to inflammation modulation by <i>Bacteroides</i> and their extracellular vesicles.,"Yousuf B, Mottawea W, Esmail GA, Nazemof N, Bouhlel NE, Njoku E, Li Y, Zhang X, Minic Z, Hammami R.",,2025,2025-02-05,9,Y,strain; gut microbiome; host; microbe
Zhang X,"((ACCESSION_TYPE:""metabolights"") OR (LABS_PUBS:""1782"")) AND AUTH:""Zhang X""",39699251,MED,39699251,PMC11792502,10.1128/spectrum.01368-24,Multi-level analysis of gut microbiome extracellular vesicles-host interaction reveals a connection to gut-brain axis signaling.,"Mottawea W, Yousuf B, Sultan S, Ahmed T, Yeo J, Hüttmann N, Li Y, Bouhlel NE, Hassan H, Zhang X, Minic Z, Hammami R.",,2025,2024-12-19,22,Y,gut microbiome; host; Microbiota; Exposure
Zhang X,"((ACCESSION_TYPE:""metabolights"") OR (LABS_PUBS:""1782"")) AND AUTH:""Zhang X""",35943267,MED,35943267,PMC9430527,10.1128/spectrum.01542-22,"2<i>E</i>,4<i>E</i>-Decadienoic Acid, a Novel Anti-Oomycete Agent from Coculture of Bacillus subtilis and Trichoderma asperellum.","Zhang XF, Li QY, Wang M, Ma SQ, Zheng YF, Li YQ, Zhao DL, Zhang CS.",,2022,2022-08-09,11,Y,Bacillus; pathogen; microbiome
Zhang X,"((ACCESSION_TYPE:""metabolights"") OR (LABS_PUBS:""1782"")) AND AUTH:""Zhang X""",38529471,MED,38529471,PMC10962445,10.3389/fcimb.2024.1283737,Gallbladder microbial species and host bile acids biosynthesis linked to cholesterol gallstone comparing to pigment individuals.,"Zhang X, Hu J, Li Y, Tang J, Yang K, Zhong A, Liu Y, Zhang T.",,2024,2024-03-11,11,Y,host; Microbiota; microbiome; bacteria; fungi
Zhang X,"((ACCESSION_TYPE:""metabolights"") OR (LABS_PUBS:""1782"")) AND AUTH:""Zhang X""",35068048,MED,35068048,PMC9055822,10.1111/pbi.13781,Plant elicitor peptide signalling confers rice resistance to piercing-sucking insect herbivores and pathogens.,"Shen W, Zhang X, Liu J, Tao K, Li C, Xiao S, Zhang W, Li JF.",,2022,2022-02-18,55,Y,fungal; pathogen; bacterial
Zhang X,"((ACCESSION_TYPE:""metabolights"") OR (LABS_PUBS:""1782"")) AND AUTH:""Zhang X""",39731500,MED,39731500,PMC12915399,10.1080/21505594.2024.2440541,"Arginine depletion-induced autophagy and metabolic dysregulation are involved in the disease severity of hand, foot, and mouth disease.","Jin Y, Ji W, Zhang L, Dang D, Yu B, Zhang X, Zhang Y, Li J, Zhang Y, Yang R, Yang H, Chen S, Wang F, Duan G.",,2025,2024-12-28,0,Y,viral; virus
Zhang X,"((ACCESSION_TYPE:""metabolights"") OR (LABS_PUBS:""1782"")) AND AUTH:""Zhang X""",37226855,MED,37226855,,10.1111/jipb.13536,Cell type-specific proteomics uncovers a RAF15-SnRK2.6/OST1 kinase cascade in guard cells.,"Wang H, Wang Y, Sang T, Lin Z, Li R, Ren W, Shen X, Zhao B, Wang X, Zhang X, Zhou S, Dai S, Hu H, Song CP, Wang P.",,2023,2023-07-27,38,N,isolation
Zhang X,"((ACCESSION_TYPE:""metabolights"") OR (LABS_PUBS:""1782"")) AND AUTH:""Zhang X""",35764602,MED,35764602,PMC9239856,10.1093/gigascience/giac057,The Manchurian Walnut Genome: Insights into Juglone and Lipid Biosynthesis.,"Li X, Cai K, Zhang Q, Pei X, Chen S, Jiang L, Han Z, Zhao M, Li Y, Zhang X, Li Y, Zhang S, Chen S, Qu G, Tigabu M, Chiang VL, Sederoff R, Zhao X.",,2022,2022-06-01,30,Y,assembly
Zhang X,"((ACCESSION_TYPE:""metabolights"") OR (LABS_PUBS:""1782"")) AND AUTH:""Zhang X""",36895044,MED,36895044,PMC9999515,10.1186/s13059-023-02887-z,Genetic mapping and molecular mechanism behind color variation in the Asian vine snake.,"Tang CY, Zhang X, Xu X, Sun S, Peng C, Song MH, Yan C, Sun H, Liu M, Xie L, Luo SJ, Li JT.",,2023,2023-03-09,18,Y,Transmission
Zhang X,"((ACCESSION_TYPE:""metabolights"") OR (LABS_PUBS:""1782"")) AND AUTH:""Zhang X""",35803927,MED,35803927,PMC9270418,10.1038/s41467-022-31548-1,Cardiac disruption of SDHAF4-mediated mitochondrial complex II assembly promotes dilated cardiomyopathy.,"Wang X, Zhang X, Cao K, Zeng M, Fu X, Zheng A, Zhang F, Gao F, Zou X, Li H, Li M, Lv W, Xu J, Long J, Zang W, Chen J, Gao F, Ding J, Liu J, Feng Z.",,2022,2022-07-08,45,Y,assembly
Zhang X,"((ACCESSION_TYPE:""metabolights"") OR (LABS_PUBS:""1782"")) AND AUTH:""Zhang X""",32241904,MED,32241904,PMC7677483,10.1136/gutjnl-2019-319766,Aberrant gut microbiota alters host metabolome and impacts renal failure in humans and rodents.,"Wang X, Yang S, Li S, Zhao L, Hao Y, Qin J, Zhang L, Zhang C, Bian W, Zuo L, Gao X, Zhu B, Lei XG, Gu Z, Cui W, Xu X, Li Z, Zhu B, Li Y, Chen S, Guo H, Zhang H, Sun J, Zhang M, Hui Y, Zhang X, Liu X, Sun B, Wang L, Qiu Q, Zhang Y, Li X, Liu W, Xue R, Wu H, Shao D, Li J, Zhou Y, Li S, Yang R, Pedersen OB, Yu Z, Ehrlich SD, Ren F.",,2020,2020-04-02,458,Y,gut microbiota; host; microbiome; gut microbiome; Microbiota; antibiotic
Zhang X,"((ACCESSION_TYPE:""metabolights"") OR (LABS_PUBS:""1782"")) AND AUTH:""Zhang X""",34941272,MED,34941272,,10.1021/acs.jproteome.1c00777,UPLC-Q-TOF/MS-Based Plasma and Urine Metabolomics Contribute to the Diagnosis of Sepsis.,"Guan S, Liu K, Liu Z, Zhou L, Jia B, Wang Z, Nie Y, Zhang X.",,2022,2021-12-23,11,N,Sepsis
Zhang X,"((ACCESSION_TYPE:""metabolights"") OR (LABS_PUBS:""1782"")) AND AUTH:""Zhang X""",35795389,MED,35795389,PMC9251601,10.1093/hr/uhac100,Pan-transcriptome assembly combined with multiple association analysis provides new insights into the regulatory network of specialized metabolites in the tea plant <i>Camellia sinensis</i>.,"Kong W, Jiang M, Wang Y, Chen S, Zhang S, Lei W, Chai K, Wang P, Liu R, Zhang X.",,2022,2022-07-02,30,Y,assembly
Zhang X,"((ACCESSION_TYPE:""metabolights"") OR (LABS_PUBS:""1782"")) AND AUTH:""Zhang X""",35571901,MED,35571901,PMC9097516,10.3389/fnut.2022.842686,Dietary ε-Polylysine Affects on Gut Microbiota and Plasma Metabolites Profiling in Mice.,"Zhang X, Xu B, Hou Z, Xie C, Niu Y, Dai Q, Yan X, Wu D.",,2022,2022-04-28,12,Y,Gut Microbiota; microbiota; incidence; Escherichia; Shigella; bacteria
Zhang X,"((ACCESSION_TYPE:""metabolights"") OR (LABS_PUBS:""1782"")) AND AUTH:""Zhang X""",33203688,MED,33203688,PMC7677000,10.1128/msystems.00778-20,Symbiotic Bacterium-Derived Organic Acids Protect <i>Delia antiqua</i> Larvae from Entomopathogenic Fungal Infection.,"Zhou F, Xu L, Wu X, Zhao X, Liu M, Zhang X.",,2020,2020-11-17,22,Y,Bacterium; Fungal; Infection; microbiota; host; pathogen; bacteria; bacterial; Klebsiella; antifungal; antibiotics
Zhang X,"((ACCESSION_TYPE:""metabolights"") OR (LABS_PUBS:""1782"")) AND AUTH:""Zhang X""",31848302,MED,31848302,PMC6918028,10.1128/msystems.00463-19,Gut Microbiota Dysbiosis Is Associated with Altered Bile Acid Metabolism in Infantile Cholestasis.,"Wang Y, Gao X, Zhang X, Xiao Y, Huang J, Yu D, Li X, Hu H, Ge T, Li D, Zhang T.",,2019,2019-12-17,52,Y,Gut Microbiota; bacterial; Clostridium; Streptococcus; bacteria; microbiome
Zhang X,"((ACCESSION_TYPE:""metabolights"") OR (LABS_PUBS:""1782"")) AND AUTH:""Zhang X""",29276770,MED,29276770,PMC5739065,10.1016/j.clinms.2016.11.002,SPE-IMS-MS: An automated platform for sub-sixty second surveillance of endogenous metabolites and xenobiotics in biofluids.,"Zhang X, Romm M, Zheng X, Zink EM, Kim YM, Burnum-Johnson KE, Orton DJ, Apffel A, Ibrahim YM, Monroe ME, Moore RJ, Smith JN, Ma J, Renslow RS, Thomas DG, Blackwell AE, Swinford G, Sausen J, Kurulugama RT, Eno N, Darland E, Stafford G, Fjeldsted J, Metz TO, Teeguarden JG, Smith RD, Baker ES.",,2016,2016-12-29,60,Y,surveillance; exposure
Chen Z,"((ACCESSION_TYPE:""metabolights"") OR (LABS_PUBS:""1782"")) AND AUTH:""Chen Z""",40220715,MED,40220715,PMC12013117,10.1016/j.ebiom.2025.105686,Multi-kingdom gut microbiota dysbiosis is associated with the development of pulmonary arterial hypertension.,"Chen Y, Chen Z, Liang L, Li J, Meng L, Yuan W, Xie B, Zhang X, Feng L, Jia Y, Fu Z, Su P, Tong Z, Zhong J, Liu X.",,2025,2025-04-11,10,Y,gut microbiota; bacteria; fungi; metagenomics; microbiota; bacterial; fungal
Chen Z,"((ACCESSION_TYPE:""metabolights"") OR (LABS_PUBS:""1782"")) AND AUTH:""Chen Z""",41024283,MED,41024283,PMC12481999,10.1186/s13321-025-01095-0,TraceMetrix: a traceable metabolomics interactive analysis platform.,"Chen W, An Y, Chen Z, Luo R, Lu Q, Li C, Zhang C, Huang Q, Chen Q, Zhang L, Yi X, Li Y, Tang H, Zhang G.",,2025,2025-09-29,1,Y,data sharing
Chen Z,"((ACCESSION_TYPE:""metabolights"") OR (LABS_PUBS:""1782"")) AND AUTH:""Chen Z""",37179393,MED,37179393,PMC10183000,10.1038/s41597-023-02191-2,Integrated microbiome-metabolome-genome axis data of Laiwu and Lulai pigs.,"Lai X, Zhang Z, Zhang Z, Liu S, Bai C, Chen Z, Qadri QR, Fang Y, Wang Z, Pan Y, Wang Q.",,2023,2023-05-13,7,Y,microbiome; Treponema; microbiota
Chen Z,"((ACCESSION_TYPE:""metabolights"") OR (LABS_PUBS:""1782"")) AND AUTH:""Chen Z""",36941428,MED,36941428,,10.1038/s41593-023-01288-6,Lipid-accumulated reactive astrocytes promote disease progression in epilepsy.,"Chen ZP, Wang S, Zhao X, Fang W, Wang Z, Ye H, Wang MJ, Ke L, Huang T, Lv P, Jiang X, Zhang Q, Li L, Xie ST, Zhu JN, Hang C, Chen D, Liu X, Yan C.",,2023,2023-03-20,173,N,subtype
Chen Z,"((ACCESSION_TYPE:""metabolights"") OR (LABS_PUBS:""1782"")) AND AUTH:""Chen Z""",36602428,MED,36602428,PMC10009668,10.1002/cac2.12403,METTL5 stabilizes c-Myc by facilitating USP5 translation to reprogram glucose metabolism and promote hepatocellular carcinoma progression.,"Xia P, Zhang H, Lu H, Xu K, Jiang X, Jiang Y, Gongye X, Chen Z, Liu J, Chen X, Ma W, Zhang Z, Yuan Y.",,2023,2023-01-05,148,Y,carrier; adenovirus
Chen Z,"((ACCESSION_TYPE:""metabolights"") OR (LABS_PUBS:""1782"")) AND AUTH:""Chen Z""",34427522,MED,34427522,PMC8407201,10.1128/msystems.00426-21,Serine Metabolism Tunes Immune Responses To Promote <i>Oreochromis niloticus</i> Survival upon <i>Edwardsiella tarda</i> Infection.,"Yang DX, Yang MJ, Yin Y, Kou TS, Peng LT, Chen ZG, Zheng J, Peng B.",,2021,2021-08-24,37,Y,Infection; host; bacterial; virulence
Chen Z,"((ACCESSION_TYPE:""metabolights"") OR (LABS_PUBS:""1782"")) AND AUTH:""Chen Z""",31196218,MED,31196218,PMC6567409,10.1186/s13071-019-3554-0,Deciphering the metabolic perturbation in hepatic alveolar echinococcosis: a <sup>1</sup>H NMR-based metabolomics study.,"Lin C, Chen Z, Zhang L, Wei Z, Cheng KK, Liu Y, Shen G, Fan H, Dong J.",,2019,2019-06-13,26,Y,echinococcosis; Echinococcus; parasitic; incubation period
Gao H,"((ACCESSION_TYPE:""metabolights"") OR (LABS_PUBS:""1782"")) AND AUTH:""Gao H""",42164888,MED,42164888,PMC13185062,10.1021/envhealth.5c00553,Effects of Antibiotic-Induced Gut Microbiota Dysbiosis on Arsenic Bioaccumulation and Transformation in Mice and Its Potential Mechanisms.,"Jiang X, Zhao F, Li R, Xiong S, Xiao P, Wang P, Gao H, Wu Y, Xiao K, Cai X, Yin N, Sun G, Cui Y.",,2026,2025-12-27,0,Y,Antibiotic; Gut Microbiota; exposure; bacterial; bacteria
Gao H,"((ACCESSION_TYPE:""metabolights"") OR (LABS_PUBS:""1782"")) AND AUTH:""Gao H""",33841749,MED,33841749,PMC8021501,10.1016/j.csbj.2021.03.039,Metabolomics reveals sex-specific metabolic shifts and predicts the duration from positive to negative in non-severe COVID-19 patients during recovery process.,"Zheng H, Jin S, Li T, Ying W, Ying B, Chen D, Ning J, Zheng C, Li Y, Li C, Chen C, Li X, Gao H.",,2021,2021-04-06,23,Y,COVID
Gao H,"((ACCESSION_TYPE:""metabolights"") OR (LABS_PUBS:""1782"")) AND AUTH:""Gao H""",33062444,MED,33062444,PMC7532762,10.7717/peerj.10047,Metabolomics analysis identifies metabolites associated with systemic acquired resistance in Arabidopsis.,"Gao H, Zhou Q, Yang L, Zhang K, Ma Y, Xu ZQ.",,2020,2020-09-30,11,Y,localized infection; Pseudomonas
Witting M,"((ACCESSION_TYPE:""metabolights"") OR (LABS_PUBS:""1782"")) AND AUTH:""Witting M""",40461452,MED,40461452,PMC12134224,10.1038/s41467-025-60234-1,Polyketide synthase-derived sphingolipids mediate microbiota protection against a bacterial pathogen in C. elegans.,"Peters L, Drechsler M, Herrera MA, Liu J, Pees B, Jarstorff J, Czerwinski A, Lubbock F, Angelidou G, Salzer L, Moors KA, Paczia N, Shi YM, Schulenburg H, Kaleta C, Witting M, Liebeke M, Campopiano DJ, Bode HB, Dierking K.",,2025,2025-06-03,7,Y,microbiota; bacterial; pathogen; gut microbiota; host; Pseudomonas; Bacillus; infection; bacteria
Witting M,"((ACCESSION_TYPE:""metabolights"") OR (LABS_PUBS:""1782"")) AND AUTH:""Witting M""",38746662,MED,38746662,PMC11091686,10.1016/j.isci.2024.109789,SIN-3 transcriptional coregulator maintains mitochondrial homeostasis and polyamine flux.,"Giovannetti M, Giovannetti M, Rodríguez-Palero MJ, Fabrizio P, Nicolle O, Bedet C, Michaux G, Witting M, Artal-Sanz M, Palladino F.",,2024,2024-04-22,9,Y,transmission
Singh K,"((ACCESSION_TYPE:""metabolights"") OR (LABS_PUBS:""1782"")) AND AUTH:""Singh K""",36157573,MED,36157573,PMC9490032,10.1016/j.isci.2022.105080,Rapid detection of <i>Staphylococcus aureus</i> and <i>Streptococcus pneumoniae</i> by real-time analysis of volatile metabolites.,"Gómez-Mejia A, Arnold K, Bär J, Singh KD, Scheier TC, Brugger SD, Zinkernagel AS, Sinues P.",,2022,2022-09-06,13,Y,Staphylococcus aureus; Streptococcus pneumoniae; bacteria; bacterial; strain
Wang Y,"((ACCESSION_TYPE:""metabolights"") OR (LABS_PUBS:""1782"")) AND AUTH:""Wang Y""",41016739,MED,41016739,,10.1111/bph.70209,Oral administration of low-molecular-weight heparin ameliorates colitis by enhancing the gut mucus barrier via microbial tryptophan metabolites.,"Zheng D, Chen S, Feng H, Zhang S, Zhang C, Wang Y, Tan W, Qing Q, Liu L, Liu X, Wang Z, Liang L, Sun J, Chen Y.",,2026,2025-09-28,0,N,gut microbiota; antibiotic; microbiota; Amplicon sequencing; Escherichia; Shigella
Wang Y,"((ACCESSION_TYPE:""metabolights"") OR (LABS_PUBS:""1782"")) AND AUTH:""Wang Y""",42023154,MED,42023154,PMC13098509,10.1016/j.isci.2026.115587,Exploratory metabolomic profiling in migraine with PFO reveals dysregulated pathways and highlights indoleacrylic acid.,"Luo T, Xi Q, Wang Q, Wang Y, Huang R, Wang X, Zhou Y, Huang H, Zeng J, Lu C.",,2026,2026-04-03,0,Y,gut microbiota
Wang Y,"((ACCESSION_TYPE:""metabolights"") OR (LABS_PUBS:""1782"")) AND AUTH:""Wang Y""",40698822,MED,40698822,PMC12406662,10.1128/aac.00427-25,Osh2 mediates &lt;i&gt;Candida&lt;/i&gt; species resistance to miltefosine by regulating zymosterol accumulation.,"Wu Y, Dai Y, Lu H, Jiang X, Wang Y.",,2025,2025-07-23,2,Y,Candida; candidiasis; public health; antifungal; exposure; Candida albicans; fungal
Wang Y,"((ACCESSION_TYPE:""metabolights"") OR (LABS_PUBS:""1782"")) AND AUTH:""Wang Y""",42006288,MED,42006288,PMC13091023,10.1016/j.isci.2026.115436,Creatine uptake promotes dendritic cell activation and enhances antitumor immunity.,"Kang E, Elsten-Brown J, Wang YC, Lam A, Sanchez E, Wen R, Wang T, Chiang J, Scarborough Q, Li YR, Zhu Y, Huang J, Williams M, Eckl S, Li B, Yang L.",,2026,2026-03-21,1,Y,antigen
Wang Y,"((ACCESSION_TYPE:""metabolights"") OR (LABS_PUBS:""1782"")) AND AUTH:""Wang Y""",42025165,MED,42025165,PMC13198249,10.1016/j.xcrm.2026.102765,Nano-granulated zoledronate sensitizes innate immune metabolism to enhance vaccine-induced and antitumor immunity.,"Chen M, Jiao X, Yan Z, Wang Y, Zhang J, Wu Q, Li M, Fan S, Wang Y, Dai W, Zhang H, Wang X, Zhang Q, He B.",,2026,2026-04-22,0,Y,vaccine; antiviral
Wang Y,"((ACCESSION_TYPE:""metabolights"") OR (LABS_PUBS:""1782"")) AND AUTH:""Wang Y""",41243964,MED,41243964,PMC12618071,10.1172/jci188947,Subcutaneous white adipose tissue-derived extracellular vesicles maintain intestinal homeostasis via IgA biosynthesis in aging mice.,"Long K, Liu P, Wang Y, Sulaiman JE, Hoque M, Li GHY, Zhao DD, Lee PK, Siu GK, Lee AW, Liu Z, So PK, Cai Y, Woo CW, Chan CB, Xu A, Cheng KK.",,2025,2025-11-17,2,Y,microbiota; gut microbiota; pathogen; infection
Wang Y,"((ACCESSION_TYPE:""metabolights"") OR (LABS_PUBS:""1782"")) AND AUTH:""Wang Y""",41377665,MED,41377665,PMC12686710,10.1016/j.isci.2025.114001,"Integrative analysis of the gut microbiota, bile acid pathways, and immune dysregulation in dyslipidemia models.","Xia J, Shao Y, Li B, Wu T, He Z, Feng Z, Zhang Z, Yin S, Wang Y, Yu J, Wang J, Sun G.",,2025,2025-11-10,5,Y,gut microbiota; case
Wang Y,"((ACCESSION_TYPE:""metabolights"") OR (LABS_PUBS:""1782"")) AND AUTH:""Wang Y""",41067230,MED,41067230,PMC12629829,10.1016/j.xcrm.2025.102410,Intestinal Lachnospiraceae bacterium-derived propionate inhibits the progression of clear cell renal cell carcinoma.,"Xu JY, Chen H, Yu YY, Chen TY, Wang YQ, Xue W, Zheng JH, Liu JY, Zhai W.",,2025,2025-10-08,5,Y,bacterium; Gut microbiota; biofilm
Wang Y,"((ACCESSION_TYPE:""metabolights"") OR (LABS_PUBS:""1782"")) AND AUTH:""Wang Y""",41189596,MED,41189596,PMC12581646,10.1016/j.isci.2025.113657,Sevoflurane-induced gut microbiota dysbiosis drives adolescent neurobehavioral deficits in neonatal rats: Protective role of eicosapentaenoic acid.,"Fan P, Wang K, Wei H, Yang L, Zhang S, Cheng Y, Li C, Zhang Y, Jia P, Zhang Y, Xun Y, Wang Y, Yang P, Zhang P, Wang N.",,2025,2025-09-27,1,Y,gut microbiota; microbiota; exposure; bacterial
Wang Y,"((ACCESSION_TYPE:""metabolights"") OR (LABS_PUBS:""1782"")) AND AUTH:""Wang Y""",41089307,MED,41089307,PMC12516555,10.1016/j.eehl.2025.100184,Co-exposure of di(2-ethylhexyl) phthalate (DEHP) decreased the submicron plastic stress in soil-plant system.,"Wang Y, Wang F, Xiang L, Liao M, Wang M, Bian Y, Jiang X, Naidu R, Rillig MC, Amelung W.",,2025,2025-09-12,3,Y,exposure; bacterial; variant
Wang Y,"((ACCESSION_TYPE:""metabolights"") OR (LABS_PUBS:""1782"")) AND AUTH:""Wang Y""",38172782,MED,38172782,PMC10763682,10.1186/s12917-023-03849-0,Analysis of fecal microbiome and metabolome changes in goats with pregnant toxemia.,"Jin B, Wang R, Hu J, Wang Y, Cheng P, Zhang J, Zhang J, Xue G, Zhu Y, Zhang Y, Fang F, Liu Y, Li Y.",,2024,2024-01-03,7,Y,microbiome; microbiota; gut microbiota
Wang Y,"((ACCESSION_TYPE:""metabolights"") OR (LABS_PUBS:""1782"")) AND AUTH:""Wang Y""",37246562,MED,37246562,,10.1093/infdis/jiad175,Serum Metabolomic Profiles for Distinguishing Lung Cancer From Pulmonary Tuberculosis: Identification of Rapid and Noninvasive Biomarker.,"Chen S, Li C, Qin Z, Song L, Zhang S, Sun C, Zhuang P, Wang Y, Yang B, Ning L, Li Y.",,2023,2023-11-01,9,N,Tuberculosis
Wang Y,"((ACCESSION_TYPE:""metabolights"") OR (LABS_PUBS:""1782"")) AND AUTH:""Wang Y""",39078849,MED,39078849,PMC11315280,10.1371/journal.ppat.1012425,Citrate serves as a signal molecule to modulate carbon metabolism and iron homeostasis in Staphylococcus aureus.,"Chen F, Zhao Q, Yang Z, Chen R, Pan H, Wang Y, Liu H, Cao Q, Gan J, Liu X, Zhang N, Yang CG, Liang H, Lan L.",,2024,2024-07-30,14,Y,Staphylococcus aureus; bacteria; bacterial; virulence; S. aureus; infection
Wang Y,"((ACCESSION_TYPE:""metabolights"") OR (LABS_PUBS:""1782"")) AND AUTH:""Wang Y""",37226855,MED,37226855,,10.1111/jipb.13536,Cell type-specific proteomics uncovers a RAF15-SnRK2.6/OST1 kinase cascade in guard cells.,"Wang H, Wang Y, Sang T, Lin Z, Li R, Ren W, Shen X, Zhao B, Wang X, Zhang X, Zhou S, Dai S, Hu H, Song CP, Wang P.",,2023,2023-07-27,38,N,isolation
Wang Y,"((ACCESSION_TYPE:""metabolights"") OR (LABS_PUBS:""1782"")) AND AUTH:""Wang Y""",37453063,MED,37453063,,10.1016/j.celrep.2023.112798,Spermine is a natural suppressor of AR signaling in castration-resistant prostate cancer.,"Li X, Li F, Ye F, Guo H, Chen W, Jin J, Wang Y, Dai P, Shi H, Tao H, Dang W, Ding Y, Wang M, Jiang H, Chen K, Zhang N, Gao D, Zhang Y, Luo C.",,2023,2023-07-14,14,N,variant
Wang Y,"((ACCESSION_TYPE:""metabolights"") OR (LABS_PUBS:""1782"")) AND AUTH:""Wang Y""",37289658,MED,37289658,PMC10249823,10.1371/journal.pgen.1010746,Spatio-temporal transcriptome dynamics coordinate rapid transition of core crop functions in 'lactating' pigeon.,"Wang Y, Wang X, Luo Y, Zhang J, Lin Y, Wu J, Zeng B, Liu L, Yan P, Liang J, Guo H, Jin L, Tang Q, Long K, Li M.",,2023,2023-06-08,8,Y,avian; assembly
Wang Y,"((ACCESSION_TYPE:""metabolights"") OR (LABS_PUBS:""1782"")) AND AUTH:""Wang Y""",39820425,MED,39820425,PMC11739686,10.1038/s41597-025-04429-7,Multi-omics dataset of individual variations in growth performance of large yellow croaker.,"Huang H, Cheng Z, Wang Y, Qiao G, Wang X, Yue Y, Gao Q, Peng S.",,2025,2025-01-16,0,Y,Gut microbiota; metagenomics; microbiome; host
Wang Y,"((ACCESSION_TYPE:""metabolights"") OR (LABS_PUBS:""1782"")) AND AUTH:""Wang Y""",37180171,MED,37180171,PMC10172510,10.3389/fimmu.2023.1181697,Integrative single-cell RNA sequencing and metabolomics decipher the imbalanced lipid-metabolism in maladaptive immune responses during sepsis.,"She H, Tan L, Wang Y, Du Y, Zhou Y, Zhang J, Du Y, Guo N, Wu Z, Li Q, Bao D, Mao Q, Hu Y, Liu L, Li T.",,2023,2023-04-27,41,Y,sepsis; vector
Wang Y,"((ACCESSION_TYPE:""metabolights"") OR (LABS_PUBS:""1782"")) AND AUTH:""Wang Y""",37636040,MED,37636040,PMC10457452,10.1016/j.isci.2023.107514,Intergenerational association of gut microbiota and metabolism with perinatal folate metabolism and neural tube defects.,"Wang S, He X, Wang Y, Zeng Y, Pei P, Zhan X, Zhang M, Zhang T.",,2023,2023-07-29,7,Y,gut microbiota
Wang Y,"((ACCESSION_TYPE:""metabolights"") OR (LABS_PUBS:""1782"")) AND AUTH:""Wang Y""",35451091,MED,35451091,PMC9156967,10.15252/embj.2021110324,TFAM loss induces nuclear actin assembly upon mDia2 malonylation to promote liver cancer metastasis.,"Huang Q, Wu D, Zhao J, Yan Z, Chen L, Guo S, Wang D, Yuan C, Wang Y, Liu X, Xing J.",,2022,2022-04-22,61,N,assembly
Wang Y,"((ACCESSION_TYPE:""metabolights"") OR (LABS_PUBS:""1782"")) AND AUTH:""Wang Y""",37522815,MED,37522815,PMC10434036,10.1128/spectrum.00577-23,Integration of Metabolomics and Transcriptomics Reveals Major Metabolic Pathways and Potential Biomarkers Involved in Pulmonary Tuberculosis and Pulmonary Tuberculosis-Complicated Diabetes.,"Wang Y, He X, Zheng D, He Q, Sun L, Jin J, Jin J.",,2023,2023-07-31,15,Y,Tuberculosis; infection
Wang Y,"((ACCESSION_TYPE:""metabolights"") OR (LABS_PUBS:""1782"")) AND AUTH:""Wang Y""",35795389,MED,35795389,PMC9251601,10.1093/hr/uhac100,Pan-transcriptome assembly combined with multiple association analysis provides new insights into the regulatory network of specialized metabolites in the tea plant <i>Camellia sinensis</i>.,"Kong W, Jiang M, Wang Y, Chen S, Zhang S, Lei W, Chai K, Wang P, Liu R, Zhang X.",,2022,2022-07-02,30,Y,assembly
Wang Y,"((ACCESSION_TYPE:""metabolights"") OR (LABS_PUBS:""1782"")) AND AUTH:""Wang Y""",35296075,MED,35296075,PMC8919725,10.3389/fimmu.2022.812996,Altered Fecal Metabolomics and Potential Biomarkers of Psoriatic Arthritis Differing From Rheumatoid Arthritis.,"Wang N, Yang L, Shang L, Liang Z, Wang Y, Feng M, Yu S, Li X, Gao C, Li Z, Luo J.",,2022,2022-02-28,13,Y,vector
Wang Y,"((ACCESSION_TYPE:""metabolights"") OR (LABS_PUBS:""1782"")) AND AUTH:""Wang Y""",32324219,MED,32324219,PMC7319444,10.1093/nar/gkaa258,NOREVA: enhanced normalization and evaluation of time-course and multi-class metabolomic data.,"Yang Q, Wang Y, Zhang Y, Li F, Xia W, Zhou Y, Qiu Y, Li H, Zhu F.",,2020,2020-07-01,146,Y,case
Wang Y,"((ACCESSION_TYPE:""metabolights"") OR (LABS_PUBS:""1782"")) AND AUTH:""Wang Y""",34512584,MED,34512584,PMC8430895,10.3389/fmicb.2021.706772,Heat Stress Alters the Intestinal Microbiota and Metabolomic Profiles in Mice.,"Wen C, Li S, Wang J, Zhu Y, Zong X, Wang Y, Jin M.",,2021,2021-08-20,53,Y,Microbiota; bacterium
Wang Y,"((ACCESSION_TYPE:""metabolights"") OR (LABS_PUBS:""1782"")) AND AUTH:""Wang Y""",35464908,MED,35464908,PMC9024415,10.3389/fmicb.2022.857160,Comparative Metabolomic Profiling of Compatible and Incompatible Interactions Between Potato and <i>Phytophthora infestans</i>.,"Zhu J, Tang X, Sun Y, Li Y, Wang Y, Jiang Y, Shao H, Yong B, Li H, Tao X.",,2022,2022-04-08,12,Y,infection; pathogen; antifungal
Wang Y,"((ACCESSION_TYPE:""metabolights"") OR (LABS_PUBS:""1782"")) AND AUTH:""Wang Y""",29453015,MED,29453015,,10.1016/j.jchromb.2018.02.009,Metabolomic profiling of Campylobacter jejuni with resistance gene ermB by ultra-high performance liquid chromatography-quadrupole time-of-flight mass spectrometry and tandem quadrupole mass spectrometry.,"Fu Q, Liu D, Wang Y, Li X, Wang L, Yu F, Shen J, Xia X.",,2018,2018-02-10,2,N,Campylobacter jejuni; resistance gene; C. jejuni; strain; biofilm
Wang Y,"((ACCESSION_TYPE:""metabolights"") OR (LABS_PUBS:""1782"")) AND AUTH:""Wang Y""",31848302,MED,31848302,PMC6918028,10.1128/msystems.00463-19,Gut Microbiota Dysbiosis Is Associated with Altered Bile Acid Metabolism in Infantile Cholestasis.,"Wang Y, Gao X, Zhang X, Xiao Y, Huang J, Yu D, Li X, Hu H, Ge T, Li D, Zhang T.",,2019,2019-12-17,52,Y,Gut Microbiota; bacterial; Clostridium; Streptococcus; bacteria; microbiome
Wang Y,"((ACCESSION_TYPE:""metabolights"") OR (LABS_PUBS:""1782"")) AND AUTH:""Wang Y""",28280153,MED,28280153,PMC5390853,10.1126/science.aaf4791,"Deep functional analysis of synII, a 770-kilobase synthetic yeast chromosome.","Shen Y, Wang Y, Chen T, Gao F, Gong J, Abramczyk D, Walker R, Zhao H, Chen S, Liu W, Luo Y, Müller CA, Paul-Dubois-Taine A, Alver B, Stracquadanio G, Mitchell LA, Luo Z, Fan Y, Zhou B, Wen B, Tan F, Wang Y, Zi J, Xie Z, Li B, Yang K, Richardson SM, Jiang H, French CE, Nieduszynski CA, Koszul R, Marston AL, Yuan Y, Wang J, Bader JS, Dai J, Boeke JD, Xu X, Cai Y, Yang H.",,2017,2017-03-01,143,N,strain
Wang Y,"((ACCESSION_TYPE:""metabolights"") OR (LABS_PUBS:""1782"")) AND AUTH:""Wang Y""",26786581,MED,26786581,,10.1007/s11356-015-5940-2,NMR- and LC-MS/MS-based urine metabolomic investigation of the subacute effects of hexabromocyclododecane in mice.,"Wang D, Zhang P, Wang X, Wang Y, Zhou Z, Zhu W.",,2016,2016-01-20,15,N,exposure
Wang Y,"((ACCESSION_TYPE:""metabolights"") OR (LABS_PUBS:""1782"")) AND AUTH:""Wang Y""",25598765,MED,25598765,PMC4289537,10.1007/s11306-014-0677-3,"Metabonomics of human fecal extracts characterize ulcerative colitis, Crohn's disease and healthy individuals.","Bjerrum JT, Wang Y, Hao F, Coskun M, Ludwig C, Günther U, Nielsen OH.",,2015,2014-06-01,192,Y,microbiota; bacterial; antibody
Huang S,"((ACCESSION_TYPE:""metabolights"") OR (LABS_PUBS:""1782"")) AND AUTH:""Huang S""",41629625,MED,41629625,PMC12979657,10.1038/s44319-026-00699-3,VGLL4 modulates Paneth cells and sustains intestinal homeostasis.,"Zhang H, Wang Z, Wang X, Yu W, Zhang G, Zhang H, Lu Y, Sun Y, Lu T, Li X, Yang R, Sun J, Xu J, Huang S, Ma X, Ren J, Tang N, Cheng Z, Yu J, Wei F, Zhou H, Li J, Qin J, Jin Y, Zhang L.",,2026,2026-02-02,0,Y,gut microbiota; microbiota
Huang S,"((ACCESSION_TYPE:""metabolights"") OR (LABS_PUBS:""1782"")) AND AUTH:""Huang S""",40797237,MED,40797237,PMC12341299,10.1186/s12887-025-05922-z,Gut microbiota and urine metabolomics signature in autism spectrum disorder children from Southern China.,"Huang Z, Wei A, Yuan H, Huang S, Chen X, Han Y, Li X.",,2025,2025-08-12,3,Y,Gut microbiota; microbiota
Huang S,"((ACCESSION_TYPE:""metabolights"") OR (LABS_PUBS:""1782"")) AND AUTH:""Huang S""",31249058,MED,31249058,PMC7012645,10.1126/science.aat9689,Subcellular antibiotic visualization reveals a dynamic drug reservoir in infected macrophages.,"Greenwood DJ, Dos Santos MS, Huang S, Russell MRG, Collinson LM, MacRae JI, West A, Jiang H, Gutierrez MG.",,2019,2019-06-27,127,N,antibiotic; reservoir; Tuberculosis; pathogen; Mycobacterium tuberculosis; infectious disease; antibiotics; host
Huang S,"((ACCESSION_TYPE:""metabolights"") OR (LABS_PUBS:""1782"")) AND AUTH:""Huang S""",28552780,MED,28552780,,10.1016/j.molp.2017.05.007,The Genome of Medicinal Plant Macleaya cordata Provides New Insights into Benzylisoquinoline Alkaloids Metabolism.,"Liu X, Liu Y, Huang P, Ma Y, Qing Z, Tang Q, Cao H, Cheng P, Zheng Y, Yuan Z, Zhou Y, Liu J, Tang Z, Zhuo Y, Zhang Y, Yu L, Huang J, Yang P, Peng Q, Zhang J, Jiang W, Zhang Z, Lin K, Ro DK, Chen X, Xiong X, Shang Y, Huang S, Zeng J.",,2017,2017-05-26,102,N,antibiotics; public health
Shen Y,"((ACCESSION_TYPE:""metabolights"") OR (LABS_PUBS:""1782"")) AND AUTH:""Shen Y""",41339929,MED,41339929,PMC12781782,10.1186/s40168-025-02267-8,Modulating the gut-bladder axis: fecal transplantation protects antibiotic-treated mice from E. coli cystitis via the Ahr/Prg4 pathway.,"Yang Y, Chen H, Lu J, Yang N, Liu L, Zhang Q, Tang M, Li X, Meng B, Li Y, Yu L, Gao L, Zhang H, Wu T, Zheng Y, Liu Y, Shen Y, Li J.",,2025,2025-12-03,1,Y,antibiotic; E. coli; Bacterial; Escherichia coli; urinary tract infection; infection; gut microbiota; microbiota
Shen Y,"((ACCESSION_TYPE:""metabolights"") OR (LABS_PUBS:""1782"")) AND AUTH:""Shen Y""",35568757,MED,35568757,PMC9107070,10.1038/s41396-022-01247-2,Adaptation of gut microbiome and host metabolic systems to lignocellulosic degradation in bamboo rats.,"Xiao K, Liang X, Lu H, Li X, Zhang Z, Lu X, Wang H, Meng Y, Roy A, Luo W, Shen X, Irwin DM, Shen Y.",,2022,2022-05-14,37,Y,gut microbiome; host; bacteria
Shen Y,"((ACCESSION_TYPE:""metabolights"") OR (LABS_PUBS:""1782"")) AND AUTH:""Shen Y""",28280153,MED,28280153,PMC5390853,10.1126/science.aaf4791,"Deep functional analysis of synII, a 770-kilobase synthetic yeast chromosome.","Shen Y, Wang Y, Chen T, Gao F, Gong J, Abramczyk D, Walker R, Zhao H, Chen S, Liu W, Luo Y, Müller CA, Paul-Dubois-Taine A, Alver B, Stracquadanio G, Mitchell LA, Luo Z, Fan Y, Zhou B, Wen B, Tan F, Wang Y, Zi J, Xie Z, Li B, Yang K, Richardson SM, Jiang H, French CE, Nieduszynski CA, Koszul R, Marston AL, Yuan Y, Wang J, Bader JS, Dai J, Boeke JD, Xu X, Cai Y, Yang H.",,2017,2017-03-01,143,N,strain
Wang X,"((ACCESSION_TYPE:""metabolights"") OR (LABS_PUBS:""1782"")) AND AUTH:""Wang X""",41629625,MED,41629625,PMC12979657,10.1038/s44319-026-00699-3,VGLL4 modulates Paneth cells and sustains intestinal homeostasis.,"Zhang H, Wang Z, Wang X, Yu W, Zhang G, Zhang H, Lu Y, Sun Y, Lu T, Li X, Yang R, Sun J, Xu J, Huang S, Ma X, Ren J, Tang N, Cheng Z, Yu J, Wei F, Zhou H, Li J, Qin J, Jin Y, Zhang L.",,2026,2026-02-02,0,Y,gut microbiota; microbiota
Wang X,"((ACCESSION_TYPE:""metabolights"") OR (LABS_PUBS:""1782"")) AND AUTH:""Wang X""",41923623,MED,41923623,PMC13130635,10.1016/j.xcrm.2026.102726,A metabolite-augmented FIB-4 machine learning panel achieves superior liver fibrosis staging in chronic liver disease.,"Chen Y, Yang T, Chen T, Xiao H, Zhou K, Ding K, Liu Q, Li M, Peng X, Sun T, Wang X, Liu P, Deng X, Zhang Z, Zhang K, Huang X, Chi X, Pik-Shan Kong A, Wai-Sun Wong V, Jia W, Xie G.",,2026,2026-03-31,0,Y,hepatitis B
Wang X,"((ACCESSION_TYPE:""metabolights"") OR (LABS_PUBS:""1782"")) AND AUTH:""Wang X""",42023154,MED,42023154,PMC13098509,10.1016/j.isci.2026.115587,Exploratory metabolomic profiling in migraine with PFO reveals dysregulated pathways and highlights indoleacrylic acid.,"Luo T, Xi Q, Wang Q, Wang Y, Huang R, Wang X, Zhou Y, Huang H, Zeng J, Lu C.",,2026,2026-04-03,0,Y,gut microbiota
Wang X,"((ACCESSION_TYPE:""metabolights"") OR (LABS_PUBS:""1782"")) AND AUTH:""Wang X""",40763903,MED,40763903,,10.1016/j.bbalip.2025.159679,Distinct lipidomic profiles in breast cancer cell lines relate to proliferation and EMT phenotypes.,"Leegwater H, Zhang Z, Zhang X, Wang X, Hankemeier T, Zweemer AJM, van de Water B, Danen E, Hoekstra M, Harms AC, Kindt A, Le Dévédec SE.",,2025,2025-08-05,4,N,subtype; droplet
Wang X,"((ACCESSION_TYPE:""metabolights"") OR (LABS_PUBS:""1782"")) AND AUTH:""Wang X""",37821210,MED,37821210,,10.1136/bjo-2023-324125,Comparison of intestinal microbes and metabolites in active VKH versus acute anterior uveitis associated with ankylosing spondylitis.,"Li M, Liu M, Wang X, Wei H, Jin S, Liu X.",,2025,2025-02-24,6,N,gut microbiome; Microbiome; Pseudomonas
Wang X,"((ACCESSION_TYPE:""metabolights"") OR (LABS_PUBS:""1782"")) AND AUTH:""Wang X""",42025165,MED,42025165,PMC13198249,10.1016/j.xcrm.2026.102765,Nano-granulated zoledronate sensitizes innate immune metabolism to enhance vaccine-induced and antitumor immunity.,"Chen M, Jiao X, Yan Z, Wang Y, Zhang J, Wu Q, Li M, Fan S, Wang Y, Dai W, Zhang H, Wang X, Zhang Q, He B.",,2026,2026-04-22,0,Y,vaccine; antiviral
Wang X,"((ACCESSION_TYPE:""metabolights"") OR (LABS_PUBS:""1782"")) AND AUTH:""Wang X""",41584685,MED,41584685,PMC12828522,10.1016/j.aninu.2025.09.008,Engineered &lt;i&gt;Bacillus subtilis&lt;/i&gt; WB600/ZD reduces post-weaning diarrhea in piglets by modulating gut microbiota and aryl hydrocarbon receptor (AHR) signaling.,"Li W, Wang X, Zhang Y, Yang H, Wang X, Meng W, Hu T, Zhang W, Zhu Y, Wang J, Yang G.",,2026,2025-11-20,0,Y,Bacillus; gut microbiota; Salmonella; incidence; microbiota; antibiotic; Salmonella enterica; infection
Wang X,"((ACCESSION_TYPE:""metabolights"") OR (LABS_PUBS:""1782"")) AND AUTH:""Wang X""",37155900,MED,37155900,PMC10193931,10.1073/pnas.2208673120,Croquemort elicits activation of the immune deficiency pathway in ticks.,"O'Neal AJ, Singh N, Rolandelli A, Laukaitis HJ, Wang X, Shaw DK, Young BD, Narasimhan S, Dutta S, Snyder GA, Samaddar S, Marnin L, Butler LR, Mendes MT, Cabrera Paz FE, Valencia LM, Sundberg EJ, Fikrig E, Pal U, Weber DJ, Pedra JHF.",,2023,2023-05-08,22,Y,host; bacterial; infection; Lyme disease
Wang X,"((ACCESSION_TYPE:""metabolights"") OR (LABS_PUBS:""1782"")) AND AUTH:""Wang X""",38997520,MED,38997520,PMC11926704,10.1038/s41564-024-01756-0,Bacterial reprogramming of tick metabolism impacts vector fitness and susceptibility to infection.,"Samaddar S, Rolandelli A, O'Neal AJ, Laukaitis-Yousey HJ, Marnin L, Singh N, Wang X, Butler LR, Rangghran P, Kitsou C, Cabrera Paz FE, Valencia L, R Ferraz C, Munderloh UG, Khoo B, Cull B, Rosche KL, Shaw DK, Oliver J, Narasimhan S, Fikrig E, Pal U, Fiskum GM, Polster BM, Pedra JHF.",,2024,2024-07-12,8,N,Bacterial; vector; infection; Lyme disease; Borrelia burgdorferi; rickettsial; bacterium; Rickettsia
Wang X,"((ACCESSION_TYPE:""metabolights"") OR (LABS_PUBS:""1782"")) AND AUTH:""Wang X""",38321225,MED,38321225,PMC10950786,10.1038/s43587-024-00572-9,"Age-, sex- and proximal-distal-resolved multi-omics identifies regulators of intestinal aging in non-human primates.","Wang X, Luo Y, He S, Lu Y, Gong Y, Gao L, Mao S, Liu X, Jiang N, Pu Q, Du D, Shu Y, Hai S, Li S, Chen HN, Zhao Y, Xie D, Qi S, Lei P, Hu H, Xu H, Zhou ZG, Dong B, Zhang H, Zhang Y, Dai L.",,2024,2024-02-06,34,Y,incidence
Wang X,"((ACCESSION_TYPE:""metabolights"") OR (LABS_PUBS:""1782"")) AND AUTH:""Wang X""",38172101,MED,38172101,PMC10764789,10.1038/s41467-023-44090-5,Features of acute COVID-19 associated with post-acute sequelae of SARS-CoV-2 phenotypes: results from the IMPACC study.,"Ozonoff A, Jayavelu ND, Liu S, Melamed E, Milliren CE, Qi J, Geng LN, McComsey GA, Cairns CB, Baden LR, Schaenman J, Shaw AC, Samaha H, Seyfert-Margolis V, Krammer F, Rosen LB, Steen H, Syphurs C, Dandekar R, Shannon CP, Sekaly RP, Ehrlich LIR, Corry DB, Kheradmand F, Atkinson MA, Brakenridge SC, Higuita NIA, Metcalf JP, Hough CL, Messer WB, Pulendran B, Nadeau KC, Davis MM, Sesma AF, Simon V, van Bakel H, Kim-Schulze S, Hafler DA, Levy O, Kraft M, Bime C, Haddad EK, Calfee CS, Erle DJ, Langelier CR, Eckalbar W, Bosinger SE, IMPACC Network, Peters B, Kleinstein SH, Reed EF, Augustine AD, Diray-Arce J, Maecker HT, Altman MC, Montgomery RR, Becker PM, Rouphael N.",,2024,2024-01-03,61,Y,COVID; SARS; public health; viral; antibody; host
Wang X,"((ACCESSION_TYPE:""metabolights"") OR (LABS_PUBS:""1782"")) AND AUTH:""Wang X""",35222333,MED,35222333,PMC8866958,10.3389/fmicb.2022.810403,Cell Membrane Remodeling Mediates Polymyxin B Resistance in <i>Klebsiella pneumoniae</i>: An Integrated Proteomics and Metabolomics Study.,"Chen X, Tian J, Luo C, Wang X, Li X, Wang M.",,2022,2022-02-10,14,Y,Klebsiella pneumoniae; carbapenem-resistant; biofilm; Exposure
Wang X,"((ACCESSION_TYPE:""metabolights"") OR (LABS_PUBS:""1782"")) AND AUTH:""Wang X""",37226855,MED,37226855,,10.1111/jipb.13536,Cell type-specific proteomics uncovers a RAF15-SnRK2.6/OST1 kinase cascade in guard cells.,"Wang H, Wang Y, Sang T, Lin Z, Li R, Ren W, Shen X, Zhao B, Wang X, Zhang X, Zhou S, Dai S, Hu H, Song CP, Wang P.",,2023,2023-07-27,38,N,isolation
Wang X,"((ACCESSION_TYPE:""metabolights"") OR (LABS_PUBS:""1782"")) AND AUTH:""Wang X""",37289658,MED,37289658,PMC10249823,10.1371/journal.pgen.1010746,Spatio-temporal transcriptome dynamics coordinate rapid transition of core crop functions in 'lactating' pigeon.,"Wang Y, Wang X, Luo Y, Zhang J, Lin Y, Wu J, Zeng B, Liu L, Yan P, Liang J, Guo H, Jin L, Tang Q, Long K, Li M.",,2023,2023-06-08,8,Y,avian; assembly
Wang X,"((ACCESSION_TYPE:""metabolights"") OR (LABS_PUBS:""1782"")) AND AUTH:""Wang X""",39820425,MED,39820425,PMC11739686,10.1038/s41597-025-04429-7,Multi-omics dataset of individual variations in growth performance of large yellow croaker.,"Huang H, Cheng Z, Wang Y, Qiao G, Wang X, Yue Y, Gao Q, Peng S.",,2025,2025-01-16,0,Y,Gut microbiota; metagenomics; microbiome; host
Wang X,"((ACCESSION_TYPE:""metabolights"") OR (LABS_PUBS:""1782"")) AND AUTH:""Wang X""",35803927,MED,35803927,PMC9270418,10.1038/s41467-022-31548-1,Cardiac disruption of SDHAF4-mediated mitochondrial complex II assembly promotes dilated cardiomyopathy.,"Wang X, Zhang X, Cao K, Zeng M, Fu X, Zheng A, Zhang F, Gao F, Zou X, Li H, Li M, Lv W, Xu J, Long J, Zang W, Chen J, Gao F, Ding J, Liu J, Feng Z.",,2022,2022-07-08,45,Y,assembly
Wang X,"((ACCESSION_TYPE:""metabolights"") OR (LABS_PUBS:""1782"")) AND AUTH:""Wang X""",35867475,MED,35867475,PMC9430912,10.1128/spectrum.00689-22,Effects of l-Serine on Macrolide Resistance in Streptococcus suis.,"Wu T, Wang X, Dong Y, Xing C, Chen X, Li L, Dong C, Li Y.",,2022,2022-07-18,18,Y,Streptococcus; zoonotic; pathogen; bacterial; antimicrobial resistance
Wang X,"((ACCESSION_TYPE:""metabolights"") OR (LABS_PUBS:""1782"")) AND AUTH:""Wang X""",35286988,MED,35286988,,10.1016/j.jpba.2022.114718,Long-term low-dose ionizing radiation induced chromosome-aberration-specific metabolic phenotype changes in radiation workers.,"Guo L, Wu B, Wang X, Kou X, Zhu X, Fu K, Zhang Q, Hong S, Wang X.",,2022,2022-03-08,3,N,exposure
Wang X,"((ACCESSION_TYPE:""metabolights"") OR (LABS_PUBS:""1782"")) AND AUTH:""Wang X""",32241904,MED,32241904,PMC7677483,10.1136/gutjnl-2019-319766,Aberrant gut microbiota alters host metabolome and impacts renal failure in humans and rodents.,"Wang X, Yang S, Li S, Zhao L, Hao Y, Qin J, Zhang L, Zhang C, Bian W, Zuo L, Gao X, Zhu B, Lei XG, Gu Z, Cui W, Xu X, Li Z, Zhu B, Li Y, Chen S, Guo H, Zhang H, Sun J, Zhang M, Hui Y, Zhang X, Liu X, Sun B, Wang L, Qiu Q, Zhang Y, Li X, Liu W, Xue R, Wu H, Shao D, Li J, Zhou Y, Li S, Yang R, Pedersen OB, Yu Z, Ehrlich SD, Ren F.",,2020,2020-04-02,458,Y,gut microbiota; host; microbiome; gut microbiome; Microbiota; antibiotic
Wang X,"((ACCESSION_TYPE:""metabolights"") OR (LABS_PUBS:""1782"")) AND AUTH:""Wang X""",34315889,MED,34315889,PMC8316550,10.1038/s41467-021-24482-1,The trans-omics landscape of COVID-19.,"Wu P, Chen D, Ding W, Wu P, Hou H, Bai Y, Zhou Y, Li K, Xiang S, Liu P, Ju J, Guo E, Liu J, Yang B, Fan J, He L, Sun Z, Feng L, Wang J, Wu T, Wang H, Cheng J, Xing H, Meng Y, Li Y, Zhang Y, Luo H, Xie G, Lan X, Tao Y, Li J, Yuan H, Huang K, Sun W, Qian X, Li Z, Huang M, Ding P, Wang H, Qiu J, Wang F, Wang S, Zhu J, Ding X, Chai C, Liang L, Wang X, Luo L, Sun Y, Yang Y, Zhuang Z, Li T, Tian L, Zhang S, Zhu L, Chang A, Chen L, Wu Y, Ma X, Chen F, Ren Y, Xu X, Liu S, Wang J, Yang H, Wang L, Sun C, Ma D, Jin X, Chen G.",,2021,2021-07-27,105,Y,COVID; outbreak; coronavirus
Wang X,"((ACCESSION_TYPE:""metabolights"") OR (LABS_PUBS:""1782"")) AND AUTH:""Wang X""",34103526,MED,34103526,PMC8187647,10.1038/s41467-021-23827-0,Low chorionic villous succinate accumulation associates with recurrent spontaneous abortion risk.,"Wang XH, Xu S, Zhou XY, Zhao R, Lin Y, Cao J, Zang WD, Tao H, Xu W, Li MQ, Zhao SM, Jin LP, Zhao JY.",,2021,2021-06-08,127,Y,case
Wang X,"((ACCESSION_TYPE:""metabolights"") OR (LABS_PUBS:""1782"")) AND AUTH:""Wang X""",30618166,MED,30618166,,10.1002/mrd.23102,Identification of amniotic fluid metabolomic and placental transcriptomic changes associated with abnormal development of cloned pig fetuses.,"Ao Z, Li Z, Wang X, Zhao C, Gan Y, Wu X, Zeng F, Shi J, Gu T, Hong L, Zheng E, Liu D, Xu Z, Wu Z, Cai G.",,2019,2019-01-17,16,N,incidence
Wang X,"((ACCESSION_TYPE:""metabolights"") OR (LABS_PUBS:""1782"")) AND AUTH:""Wang X""",26786581,MED,26786581,,10.1007/s11356-015-5940-2,NMR- and LC-MS/MS-based urine metabolomic investigation of the subacute effects of hexabromocyclododecane in mice.,"Wang D, Zhang P, Wang X, Wang Y, Zhou Z, Zhu W.",,2016,2016-01-20,15,N,exposure
Zhou X,"((ACCESSION_TYPE:""metabolights"") OR (LABS_PUBS:""1782"")) AND AUTH:""Zhou X""",42229426,MED,42229426,PMC13293997,10.1016/j.xcrm.2026.102842,Metabolically engineered probiotic OMVs as nanovaccine mediating sequential immunomodulation for chronic bone infection immunotherapy.,"Lei J, Tong B, Zhang S, Ou Z, Zhu D, Zhou X, Liang H, Zhang Z, Tan L, Yang C, Feng X.",,2026,2026-06-02,0,Y,infection; methicillin-resistant; Staphylococcus aureus; MRSA; persistent infection; bacterial
Zhou X,"((ACCESSION_TYPE:""metabolights"") OR (LABS_PUBS:""1782"")) AND AUTH:""Zhou X""",34354984,MED,34354984,PMC8329484,10.3389/fbioe.2021.662655,Metabolic Responses of a Model Green Microalga <i>Euglena gracilis</i> to Different Environmental Stresses.,"He J, Liu C, Du M, Zhou X, Hu Z, Lei A, Wang J.",,2021,2021-07-20,24,Y,antibiotics
Zhou X,"((ACCESSION_TYPE:""metabolights"") OR (LABS_PUBS:""1782"")) AND AUTH:""Zhou X""",35943976,MED,35943976,PMC9407385,10.1073/pnas.2117089119,Plasma metabolome and cytokine profile reveal glycylproline modulating antibody fading in convalescent COVID-19 patients.,"Yang Z, Wu D, Lu S, Qiu Y, Hua Z, Tan F, Zhang C, Zhang L, Zhang DY, Zhou X, Cai Z, Shang Y, Lin SH.",,2022,2022-08-09,12,Y,antibody; COVID; pandemic; public health; neutralizing antibody; coronavirus; SARS; vaccination; infection
Zhou X,"((ACCESSION_TYPE:""metabolights"") OR (LABS_PUBS:""1782"")) AND AUTH:""Zhou X""",35758253,MED,35758253,PMC9235893,10.1080/19490976.2022.2091369,Intestinal accumulation of microbiota-produced succinate caused by loss of microRNAs leads to diarrhea in weanling piglets.,"Zhou X, Liu Y, Xiong X, Chen J, Tang W, He L, Zhang Z, Yin Y, Li F.",,2022,2022-01-01,59,Y,microbiota; Diarrheal disease; microbiome
Zhou X,"((ACCESSION_TYPE:""metabolights"") OR (LABS_PUBS:""1782"")) AND AUTH:""Zhou X""",34103526,MED,34103526,PMC8187647,10.1038/s41467-021-23827-0,Low chorionic villous succinate accumulation associates with recurrent spontaneous abortion risk.,"Wang XH, Xu S, Zhou XY, Zhao R, Lin Y, Cao J, Zang WD, Tao H, Xu W, Li MQ, Zhao SM, Jin LP, Zhao JY.",,2021,2021-06-08,127,Y,case
Zhou X,"((ACCESSION_TYPE:""metabolights"") OR (LABS_PUBS:""1782"")) AND AUTH:""Zhou X""",34539394,MED,34539394,PMC8443775,10.3389/fphar.2021.695035,Efficacy of Zhuyu Pill Intervention in a Cholestasis Rat Model: Mutual Effects on Fecal Metabolism and Microbial Diversity.,"Yu H, Liu C, Zhang F, Wang J, Han J, Zhou X, Wen Y, Shen T.",,2021,2021-09-02,13,Y,microbiota
Zhao Q,"((ACCESSION_TYPE:""metabolights"") OR (LABS_PUBS:""1782"")) AND AUTH:""Zhao Q""",42338586,MED,42338586,PMC13283874,10.3389/fimmu.2026.1785747,Differentiation defects reposition sebaceous glands as inflammatory instigators in the early pathogenesis of hidradenitis suppurativa.,"Chen X, Li J, Feng Y, Pan Z, Wu Q, Xu X, Zhao Q, Hu T, Chen G, Zouboulis CC, Mo X, Ju Q.",,2026,2026-06-08,0,Y,lineage
Zhao Q,"((ACCESSION_TYPE:""metabolights"") OR (LABS_PUBS:""1782"")) AND AUTH:""Zhao Q""",39078849,MED,39078849,PMC11315280,10.1371/journal.ppat.1012425,Citrate serves as a signal molecule to modulate carbon metabolism and iron homeostasis in Staphylococcus aureus.,"Chen F, Zhao Q, Yang Z, Chen R, Pan H, Wang Y, Liu H, Cao Q, Gan J, Liu X, Zhang N, Yang CG, Liang H, Lan L.",,2024,2024-07-30,14,Y,Staphylococcus aureus; bacteria; bacterial; virulence; S. aureus; infection
Zhao Q,"((ACCESSION_TYPE:""metabolights"") OR (LABS_PUBS:""1782"")) AND AUTH:""Zhao Q""",39629129,MED,39629129,PMC11610149,10.7150/thno.99926,Gut microbiota depletion and FXR inhibition exacerbates zonal hepatotoxicity of sunitinib.,"Zhao Q, Lu Y, Duan J, Du D, Pu Q, Li F.",,2024,2024-10-28,8,Y,Gut microbiota; transmission; isolation; metagenomics; bacteria; bacterial
Liu C,"((ACCESSION_TYPE:""metabolights"") OR (LABS_PUBS:""1782"")) AND AUTH:""Liu C""",40244671,MED,40244671,PMC12036984,10.1073/pnas.2423628122,Elevated brain manganese induces motor disease by upregulating the kynurenine pathway of tryptophan metabolism.,"Warden AS, Sharma N, Hutchens S, Liu C, Haggerty NR, Gurol KC, Jursa T, Smith DR, Dayne Mayfield R, Mukhopadhyay S.",,2025,2025-04-17,6,Y,public health; exposure
Liu C,"((ACCESSION_TYPE:""metabolights"") OR (LABS_PUBS:""1782"")) AND AUTH:""Liu C""",40565146,MED,40565146,PMC12193217,10.3390/ijms26125678,Induction of Resistance Against <i>Sclerotinia sclerotiorum</i> in Rapeseed by β-Ocimene Through Enhanced Production of Coniferyl Aldehyde.,"Xie X, Yang Z, Zhong W, Li H, Deng W, Ruan Y, Liu C.",,2025,2025-06-13,1,Y,infection
Liu C,"((ACCESSION_TYPE:""metabolights"") OR (LABS_PUBS:""1782"")) AND AUTH:""Liu C""",36408242,MED,36408242,PMC9666482,10.3389/fphar.2022.1038188,Mechanism of interventional effect and targets of Zhuyu pill in regulating and suppressing colitis and cholestasis.,"Yu H, Zhang F, Wen Y, Zheng Z, Chen G, Pan Y, Wu P, Ye Q, Han J, Chen X, Liu C, Shen T.",,2022,2022-11-02,5,Y,microorganism; microbiota
Liu C,"((ACCESSION_TYPE:""metabolights"") OR (LABS_PUBS:""1782"")) AND AUTH:""Liu C""",38837945,MED,38837945,,10.1093/gigascience/giae025,The telomere-to-telomere (T2T) genome of Peucedanum praeruptorum Dunn provides insights into the genome evolution and coumarin biosynthesis.,"Bai M, Jiang S, Chu S, Yu Y, Shan D, Liu C, Zong L, Liu Q, Liu N, Xu W, Mei Z, Jian J, Zhang C, Zhao S, Chiu TY, Simonsen HT.",,2024,2024-01-01,9,N,assembly
Liu C,"((ACCESSION_TYPE:""metabolights"") OR (LABS_PUBS:""1782"")) AND AUTH:""Liu C""",34354984,MED,34354984,PMC8329484,10.3389/fbioe.2021.662655,Metabolic Responses of a Model Green Microalga <i>Euglena gracilis</i> to Different Environmental Stresses.,"He J, Liu C, Du M, Zhou X, Hu Z, Lei A, Wang J.",,2021,2021-07-20,24,Y,antibiotics
Liu C,"((ACCESSION_TYPE:""metabolights"") OR (LABS_PUBS:""1782"")) AND AUTH:""Liu C""",35365608,MED,35365608,PMC8976029,10.1038/s41467-022-29060-7,Gut microbiota production of trimethyl-5-aminovaleric acid reduces fatty acid oxidation and accelerates cardiac hypertrophy.,"Zhao M, Wei H, Li C, Zhan R, Liu C, Gao J, Yi Y, Cui X, Shan W, Ji L, Pan B, Cheng S, Song M, Sun H, Jiang H, Cai J, Garcia-Barrio MT, Chen YE, Meng X, Dong E, Wang DW, Zheng L.",,2022,2022-04-01,90,Y,Gut microbiota; microbiota
Liu C,"((ACCESSION_TYPE:""metabolights"") OR (LABS_PUBS:""1782"")) AND AUTH:""Liu C""",36985339,MED,36985339,PMC10056694,10.3390/microorganisms11030766,BZINB Model-Based Pathway Analysis and Module Identification Facilitates Integration of Microbiome and Metabolome Data.,"Lin BM, Cho H, Liu C, Roach J, Ribeiro AA, Divaris K, Wu D.",,2023,2023-03-16,2,Y,Microbiome
Liu C,"((ACCESSION_TYPE:""metabolights"") OR (LABS_PUBS:""1782"")) AND AUTH:""Liu C""",34539394,MED,34539394,PMC8443775,10.3389/fphar.2021.695035,Efficacy of Zhuyu Pill Intervention in a Cholestasis Rat Model: Mutual Effects on Fecal Metabolism and Microbial Diversity.,"Yu H, Liu C, Zhang F, Wang J, Han J, Zhou X, Wen Y, Shen T.",,2021,2021-09-02,13,Y,microbiota
Liu C,"((ACCESSION_TYPE:""metabolights"") OR (LABS_PUBS:""1782"")) AND AUTH:""Liu C""",32210233,MED,32210233,PMC7093461,10.1038/s41467-020-15270-4,Different regions of synaptic vesicle membrane regulate VAMP2 conformation for the SNARE assembly.,"Wang C, Tu J, Zhang S, Cai B, Liu Z, Hou S, Zhong Q, Hu X, Liu W, Li G, Liu Z, He L, Diao J, Zhu ZJ, Li D, Liu C.",,2020,2020-03-24,49,Y,assembly
D'Amato M,"((ACCESSION_TYPE:""metabolights"") OR (LABS_PUBS:""1782"")) AND AUTH:""D'Amato M""",32916129,MED,32916129,PMC8109273,10.1016/j.cell.2020.08.007,Longitudinal Multi-omics Reveals Subset-Specific Mechanisms Underlying Irritable Bowel Syndrome.,"Mars RAT, Yang Y, Ward T, Houtti M, Priya S, Lekatz HR, Tang X, Sun Z, Kalari KR, Korem T, Bhattarai Y, Zheng T, Bar N, Frost G, Johnson AJ, van Treuren W, Han S, Ordog T, Grover M, Sonnenburg J, D'Amato M, Camilleri M, Elinav E, Segal E, Blekhman R, Farrugia G, Swann JR, Knights D, Kashyap PC.",,2020,2020-09-10,330,N,gut microbiome; host; subtype
Sun S,"((ACCESSION_TYPE:""metabolights"") OR (LABS_PUBS:""1782"")) AND AUTH:""Sun S""",36895044,MED,36895044,PMC9999515,10.1186/s13059-023-02887-z,Genetic mapping and molecular mechanism behind color variation in the Asian vine snake.,"Tang CY, Zhang X, Xu X, Sun S, Peng C, Song MH, Yan C, Sun H, Liu M, Xie L, Luo SJ, Li JT.",,2023,2023-03-09,18,Y,Transmission
Zeng Y,"((ACCESSION_TYPE:""metabolights"") OR (LABS_PUBS:""1782"")) AND AUTH:""Zeng Y""",37636040,MED,37636040,PMC10457452,10.1016/j.isci.2023.107514,Intergenerational association of gut microbiota and metabolism with perinatal folate metabolism and neural tube defects.,"Wang S, He X, Wang Y, Zeng Y, Pei P, Zhan X, Zhang M, Zhang T.",,2023,2023-07-29,7,Y,gut microbiota
Zeng Y,"((ACCESSION_TYPE:""metabolights"") OR (LABS_PUBS:""1782"")) AND AUTH:""Zeng Y""",36338029,MED,36338029,PMC9631217,10.3389/fmicb.2022.993146,Sodium butyrate mediates histone crotonylation and alleviated neonatal rats hypoxic-ischemic brain injury through gut-brain axis.,"He X, Zhang T, Zeng Y, Pei P, Liu Y, Jia W, Zhao H, Bi M, Wang S.",,2022,2022-10-20,43,Y,bacteria; gut microbiota
Piotrowski M,"((ACCESSION_TYPE:""metabolights"") OR (LABS_PUBS:""1782"")) AND AUTH:""Piotrowski M""",40355754,MED,40355754,PMC12130231,10.1038/s44320-025-00106-4,Metabolic mapping of the human solute carrier superfamily.,"Wiedmer T, Teoh ST, Christodoulaki E, Wolf G, Tian C, Sedlyarov V, Jarret A, Leippe P, Frommelt F, Ingles-Prieto A, Lindinger S, Barbosa BMG, Onstein S, Klimek C, Garcia J, Serrano I, Reil D, Santacruz D, Piotrowski M, Noell S, Bueschl C, Li H, Chi G, Mereiter S, Oliveira T, Penninger JM, Sauer DB, Steppan CM, Viollet C, Klavins K, Hannich JT, Goldmann U, Superti-Furga G.",,2025,2025-05-12,12,Y,carrier
Smeekens S,"((ACCESSION_TYPE:""metabolights"") OR (LABS_PUBS:""1782"")) AND AUTH:""Smeekens S""",34229738,MED,34229738,PMC8259168,10.1186/s13059-021-02413-z,"Integration of metabolomics, genomics, and immune phenotypes reveals the causal roles of metabolites in disease.","Chu X, Jaeger M, Beumer J, Bakker OB, Aguirre-Gamboa R, Oosting M, Smeekens SP, Moorlag S, Mourits VP, Koeken VACM, de Bree C, Jansen T, Mathews IT, Dao K, Najhawan M, Watrous JD, Joosten I, Sharma S, Koenen HJPM, Withoff S, Jonkers IH, Netea-Maier RT, Xavier RJ, Franke L, Xu CJ, Joosten LAB, Sanna S, Jain M, Kumar V, Clevers H, Wijmenga C, Netea MG, Li Y.",,2021,2021-07-06,58,Y,host
Szuba A,"((ACCESSION_TYPE:""metabolights"") OR (LABS_PUBS:""1782"")) AND AUTH:""Szuba A""",33919023,MED,33919023,PMC8122328,10.3390/ijms22094300,Pb Stress and Ectomycorrhizas: Strong Protective Proteomic Responses in Poplar Roots Inoculated with <i>Paxillus involutus</i> Isolate and Characterized by Low Root Colonization Intensity.,"Szuba A, Marczak Ł, Kozłowski R.",,2021,2021-04-21,8,Y,fungal
Bai Y,"((ACCESSION_TYPE:""metabolights"") OR (LABS_PUBS:""1782"")) AND AUTH:""Bai Y""",34315889,MED,34315889,PMC8316550,10.1038/s41467-021-24482-1,The trans-omics landscape of COVID-19.,"Wu P, Chen D, Ding W, Wu P, Hou H, Bai Y, Zhou Y, Li K, Xiang S, Liu P, Ju J, Guo E, Liu J, Yang B, Fan J, He L, Sun Z, Feng L, Wang J, Wu T, Wang H, Cheng J, Xing H, Meng Y, Li Y, Zhang Y, Luo H, Xie G, Lan X, Tao Y, Li J, Yuan H, Huang K, Sun W, Qian X, Li Z, Huang M, Ding P, Wang H, Qiu J, Wang F, Wang S, Zhu J, Ding X, Chai C, Liang L, Wang X, Luo L, Sun Y, Yang Y, Zhuang Z, Li T, Tian L, Zhang S, Zhu L, Chang A, Chen L, Wu Y, Ma X, Chen F, Ren Y, Xu X, Liu S, Wang J, Yang H, Wang L, Sun C, Ma D, Jin X, Chen G.",,2021,2021-07-27,105,Y,COVID; outbreak; coronavirus
Xu D,"((ACCESSION_TYPE:""metabolights"") OR (LABS_PUBS:""1782"")) AND AUTH:""Xu D""",33689815,MED,33689815,,10.1016/j.micpath.2021.104826,Alterations in the gut microbiota and metabolic profiles coincide with intestinal damage in mice with a bloodborne Candida albicans infection.,"Hu W, Xu D, Zhou Z, Zhu J, Wang D, Tang J.",,2021,2021-03-06,17,N,gut microbiota; bloodborne; Candida albicans; infection; fungus; candidemia; gut microbiome; microbiota; bacteria; Escherichia; Shigella
Liang W,"((ACCESSION_TYPE:""metabolights"") OR (LABS_PUBS:""1782"")) AND AUTH:""Liang W""",37399531,MED,37399531,PMC10427961,10.1093/stcltm/szad036,Short-Term Clinical Response and Changes in the Fecal Microbiota and Metabolite Levels in Patients with Crohn's Disease After Stem Cell Infusions.,"Yang F, Zheng X, Liang W, Ni B, Lu J, Liu Q, Xu R, He Y, Yee Waye MM, Zhang Q, Chen Y, Zou X, Chen W.",,2023,2023-08-01,5,Y,Microbiota; gut microbiota; gut microbiome; bacterial; host
Liang W,"((ACCESSION_TYPE:""metabolights"") OR (LABS_PUBS:""1782"")) AND AUTH:""Liang W""",37207649,MED,37207649,,10.1016/j.chom.2023.04.018,Airway dysbiosis accelerates lung function decline in chronic obstructive pulmonary disease.,"Liang W, Yang Y, Gong S, Wei M, Ma Y, Feng R, Gao J, Liu X, Tu F, Ma W, Yi X, Liang Z, Wang F, Wang L, Chen D, Shu W, Miller BE, Tal-Singer R, Donaldson GC, Wedzicha JA, Singh D, Singh D, Wilkinson TMA, Brightling CE, Chen R, Zhong N, Wang Z.",,2023,2023-05-18,72,N,microbiota; Staphylococcus aureus; microbiome
Zetterberg H,"((ACCESSION_TYPE:""metabolights"") OR (LABS_PUBS:""1782"")) AND AUTH:""Zetterberg H""",30214633,MED,30214633,PMC6134925,10.7150/thno.26249,Integration of magnetic resonance imaging and protein and metabolite CSF measurements to enable early diagnosis of secondary progressive multiple sclerosis.,"Herman S, Khoonsari PE, Tolf A, Steinmetz J, Zetterberg H, Åkerfeldt T, Jakobsson PJ, Larsson A, Spjuth O, Burman J, Kultima K.",,2018,2018-08-07,42,Y,isolation
Mähler N,"((ACCESSION_TYPE:""metabolights"") OR (LABS_PUBS:""1782"")) AND AUTH:""Mähler N""",29298676,MED,29298676,PMC5753437,10.1186/s12864-017-4411-1,A multi-omics approach reveals function of Secretory Carrier-Associated Membrane Proteins in wood formation of​ ​​Populus​​ ​trees.,"Obudulu O, Mähler N, Skotare T, Bygdell J, Abreu IN, Ahnlund M, Latha Gandla M, Petterle A, Moritz T, Hvidsten TR, Jönsson LJ, Wingsle G, Trygg J, Tuominen H.",,2018,2018-01-03,19,Y,Carrier
Skotare T,"((ACCESSION_TYPE:""metabolights"") OR (LABS_PUBS:""1782"")) AND AUTH:""Skotare T""",29298676,MED,29298676,PMC5753437,10.1186/s12864-017-4411-1,A multi-omics approach reveals function of Secretory Carrier-Associated Membrane Proteins in wood formation of​ ​​Populus​​ ​trees.,"Obudulu O, Mähler N, Skotare T, Bygdell J, Abreu IN, Ahnlund M, Latha Gandla M, Petterle A, Moritz T, Hvidsten TR, Jönsson LJ, Wingsle G, Trygg J, Tuominen H.",,2018,2018-01-03,19,Y,Carrier
Obudulu O,"((ACCESSION_TYPE:""metabolights"") OR (LABS_PUBS:""1782"")) AND AUTH:""Obudulu O""",29298676,MED,29298676,PMC5753437,10.1186/s12864-017-4411-1,A multi-omics approach reveals function of Secretory Carrier-Associated Membrane Proteins in wood formation of​ ​​Populus​​ ​trees.,"Obudulu O, Mähler N, Skotare T, Bygdell J, Abreu IN, Ahnlund M, Latha Gandla M, Petterle A, Moritz T, Hvidsten TR, Jönsson LJ, Wingsle G, Trygg J, Tuominen H.",,2018,2018-01-03,19,Y,Carrier
Bygdell J,"((ACCESSION_TYPE:""metabolights"") OR (LABS_PUBS:""1782"")) AND AUTH:""Bygdell J""",29298676,MED,29298676,PMC5753437,10.1186/s12864-017-4411-1,A multi-omics approach reveals function of Secretory Carrier-Associated Membrane Proteins in wood formation of​ ​​Populus​​ ​trees.,"Obudulu O, Mähler N, Skotare T, Bygdell J, Abreu IN, Ahnlund M, Latha Gandla M, Petterle A, Moritz T, Hvidsten TR, Jönsson LJ, Wingsle G, Trygg J, Tuominen H.",,2018,2018-01-03,19,Y,Carrier
Hvidsten TR,"((ACCESSION_TYPE:""metabolights"") OR (LABS_PUBS:""1782"")) AND AUTH:""Hvidsten TR""",40623969,MED,40623969,PMC12234698,10.1038/s41467-025-61302-2,Protozoal populations drive system-wide variation in the rumen microbiome.,"Kobel CM, Leu A, Vera-Ponce de León A, Øyås O, Lai W, Altshuler I, Hagen LH, Wollenberg RD, Søndergaard MT, Bakshani CR, Willats WGT, Nicoll L, McIlroy SJ, Hvidsten TR, Schmidt O, Greening C, Tyson GW, Roehe R, Aho VTE, Pope PB.",,2025,2025-07-07,8,Y,microbiome; bacterial; host
Hvidsten TR,"((ACCESSION_TYPE:""metabolights"") OR (LABS_PUBS:""1782"")) AND AUTH:""Hvidsten TR""",32648607,MED,32648607,,10.1111/nph.16799,A metabolite roadmap of the wood-forming tissue in Populus tremula.,"Abreu IN, Johansson AI, Sokołowska K, Niittylä T, Sundberg B, Hvidsten TR, Street NR, Moritz T.",,2020,2020-08-27,28,N,host
Hvidsten TR,"((ACCESSION_TYPE:""metabolights"") OR (LABS_PUBS:""1782"")) AND AUTH:""Hvidsten TR""",29298676,MED,29298676,PMC5753437,10.1186/s12864-017-4411-1,A multi-omics approach reveals function of Secretory Carrier-Associated Membrane Proteins in wood formation of​ ​​Populus​​ ​trees.,"Obudulu O, Mähler N, Skotare T, Bygdell J, Abreu IN, Ahnlund M, Latha Gandla M, Petterle A, Moritz T, Hvidsten TR, Jönsson LJ, Wingsle G, Trygg J, Tuominen H.",,2018,2018-01-03,19,Y,Carrier
Wingsle G,"((ACCESSION_TYPE:""metabolights"") OR (LABS_PUBS:""1782"")) AND AUTH:""Wingsle G""",29298676,MED,29298676,PMC5753437,10.1186/s12864-017-4411-1,A multi-omics approach reveals function of Secretory Carrier-Associated Membrane Proteins in wood formation of​ ​​Populus​​ ​trees.,"Obudulu O, Mähler N, Skotare T, Bygdell J, Abreu IN, Ahnlund M, Latha Gandla M, Petterle A, Moritz T, Hvidsten TR, Jönsson LJ, Wingsle G, Trygg J, Tuominen H.",,2018,2018-01-03,19,Y,Carrier
Tuominen H,"((ACCESSION_TYPE:""metabolights"") OR (LABS_PUBS:""1782"")) AND AUTH:""Tuominen H""",29298676,MED,29298676,PMC5753437,10.1186/s12864-017-4411-1,A multi-omics approach reveals function of Secretory Carrier-Associated Membrane Proteins in wood formation of​ ​​Populus​​ ​trees.,"Obudulu O, Mähler N, Skotare T, Bygdell J, Abreu IN, Ahnlund M, Latha Gandla M, Petterle A, Moritz T, Hvidsten TR, Jönsson LJ, Wingsle G, Trygg J, Tuominen H.",,2018,2018-01-03,19,Y,Carrier
Sundberg E,"((ACCESSION_TYPE:""metabolights"") OR (LABS_PUBS:""1782"")) AND AUTH:""Sundberg E""",37155900,MED,37155900,PMC10193931,10.1073/pnas.2208673120,Croquemort elicits activation of the immune deficiency pathway in ticks.,"O'Neal AJ, Singh N, Rolandelli A, Laukaitis HJ, Wang X, Shaw DK, Young BD, Narasimhan S, Dutta S, Snyder GA, Samaddar S, Marnin L, Butler LR, Mendes MT, Cabrera Paz FE, Valencia LM, Sundberg EJ, Fikrig E, Pal U, Weber DJ, Pedra JHF.",,2023,2023-05-08,22,Y,host; bacterial; infection; Lyme disease
Zhang L,"((ACCESSION_TYPE:""metabolights"") OR (LABS_PUBS:""1782"")) AND AUTH:""Zhang L""",41629625,MED,41629625,PMC12979657,10.1038/s44319-026-00699-3,VGLL4 modulates Paneth cells and sustains intestinal homeostasis.,"Zhang H, Wang Z, Wang X, Yu W, Zhang G, Zhang H, Lu Y, Sun Y, Lu T, Li X, Yang R, Sun J, Xu J, Huang S, Ma X, Ren J, Tang N, Cheng Z, Yu J, Wei F, Zhou H, Li J, Qin J, Jin Y, Zhang L.",,2026,2026-02-02,0,Y,gut microbiota; microbiota
Zhang L,"((ACCESSION_TYPE:""metabolights"") OR (LABS_PUBS:""1782"")) AND AUTH:""Zhang L""",41024283,MED,41024283,PMC12481999,10.1186/s13321-025-01095-0,TraceMetrix: a traceable metabolomics interactive analysis platform.,"Chen W, An Y, Chen Z, Luo R, Lu Q, Li C, Zhang C, Huang Q, Chen Q, Zhang L, Yi X, Li Y, Tang H, Zhang G.",,2025,2025-09-29,1,Y,data sharing
Zhang L,"((ACCESSION_TYPE:""metabolights"") OR (LABS_PUBS:""1782"")) AND AUTH:""Zhang L""",39731500,MED,39731500,PMC12915399,10.1080/21505594.2024.2440541,"Arginine depletion-induced autophagy and metabolic dysregulation are involved in the disease severity of hand, foot, and mouth disease.","Jin Y, Ji W, Zhang L, Dang D, Yu B, Zhang X, Zhang Y, Li J, Zhang Y, Yang R, Yang H, Chen S, Wang F, Duan G.",,2025,2024-12-28,0,Y,viral; virus
Zhang L,"((ACCESSION_TYPE:""metabolights"") OR (LABS_PUBS:""1782"")) AND AUTH:""Zhang L""",36717749,MED,36717749,PMC9970874,10.1038/s42255-022-00730-6,Extracellular acidosis restricts one-carbon metabolism and preserves T cell stemness.,"Cheng H, Qiu Y, Xu Y, Chen L, Ma K, Tao M, Frankiw L, Yin H, Xie E, Pan X, Du J, Wang Z, Zhu W, Chen L, Zhang L, Li G.",,2023,2023-01-30,125,Y,exposure
Zhang L,"((ACCESSION_TYPE:""metabolights"") OR (LABS_PUBS:""1782"")) AND AUTH:""Zhang L""",36482895,MED,36482895,PMC9723241,10.3389/fgene.2022.1021103,Transcript variants of long-chain acyl-CoA synthase 1 have distinct roles in sheep lipid metabolism.,"Cao Y, Yu Y, Zhang L, Liu Y, Zheng K, Wang S, Jin H, Liu L, Cao Y.",,2022,2022-11-22,6,Y,subtype
Zhang L,"((ACCESSION_TYPE:""metabolights"") OR (LABS_PUBS:""1782"")) AND AUTH:""Zhang L""",35985811,MED,35985811,PMC9664099,10.1136/ard-2022-222871,Stage-specific roles of microbial dysbiosis and metabolic disorders in rheumatoid arthritis.,"Cheng M, Zhao Y, Cui Y, Zhong C, Zha Y, Li S, Cao G, Li M, Zhang L, Ning K, Han J.",,2022,2022-11-10,79,Y,gut microbiome; bacterial; isolation; Escherichia coli
Zhang L,"((ACCESSION_TYPE:""metabolights"") OR (LABS_PUBS:""1782"")) AND AUTH:""Zhang L""",35943976,MED,35943976,PMC9407385,10.1073/pnas.2117089119,Plasma metabolome and cytokine profile reveal glycylproline modulating antibody fading in convalescent COVID-19 patients.,"Yang Z, Wu D, Lu S, Qiu Y, Hua Z, Tan F, Zhang C, Zhang L, Zhang DY, Zhou X, Cai Z, Shang Y, Lin SH.",,2022,2022-08-09,12,Y,antibody; COVID; pandemic; public health; neutralizing antibody; coronavirus; SARS; vaccination; infection
Zhang L,"((ACCESSION_TYPE:""metabolights"") OR (LABS_PUBS:""1782"")) AND AUTH:""Zhang L""",35306701,MED,35306701,,10.1111/tpj.15739,Chromosome-level genome of Camellia lanceoleosa provides a valuable resource for understanding genome evolution and self-incompatibility.,"Gong W, Xiao S, Wang L, Liao Z, Chang Y, Mo W, Hu G, Li W, Zhao G, Zhu H, Hu X, Ji K, Xiang X, Song Q, Yuan D, Jin S, Zhang L.",,2022,2022-04-26,59,N,assembly
Zhang L,"((ACCESSION_TYPE:""metabolights"") OR (LABS_PUBS:""1782"")) AND AUTH:""Zhang L""",32241904,MED,32241904,PMC7677483,10.1136/gutjnl-2019-319766,Aberrant gut microbiota alters host metabolome and impacts renal failure in humans and rodents.,"Wang X, Yang S, Li S, Zhao L, Hao Y, Qin J, Zhang L, Zhang C, Bian W, Zuo L, Gao X, Zhu B, Lei XG, Gu Z, Cui W, Xu X, Li Z, Zhu B, Li Y, Chen S, Guo H, Zhang H, Sun J, Zhang M, Hui Y, Zhang X, Liu X, Sun B, Wang L, Qiu Q, Zhang Y, Li X, Liu W, Xue R, Wu H, Shao D, Li J, Zhou Y, Li S, Yang R, Pedersen OB, Yu Z, Ehrlich SD, Ren F.",,2020,2020-04-02,458,Y,gut microbiota; host; microbiome; gut microbiome; Microbiota; antibiotic
Zhang L,"((ACCESSION_TYPE:""metabolights"") OR (LABS_PUBS:""1782"")) AND AUTH:""Zhang L""",29773840,MED,29773840,PMC5958133,10.1038/s41598-018-26139-4,RNA-Seq and UHPLC-Q-TOF/MS Based Lipidomics Study in Lysiphlebia japonica.,"Gao X, Luo J, Lü L, Zhang L, Zhang S, Cui J.",,2018,2018-05-17,8,Y,parasitic
Zhang L,"((ACCESSION_TYPE:""metabolights"") OR (LABS_PUBS:""1782"")) AND AUTH:""Zhang L""",32648886,MED,32648886,,10.1039/d0fo01178a,Sacha inchi oil alleviates gut microbiota dysbiosis and improves hepatic lipid dysmetabolism in high-fat diet-fed rats.,"Li P, Huang J, Xiao N, Cai X, Yang Y, Deng J, Zhang LH, Du B.",,2020,2020-07-10,30,N,gut microbiota
Zhang L,"((ACCESSION_TYPE:""metabolights"") OR (LABS_PUBS:""1782"")) AND AUTH:""Zhang L""",31196218,MED,31196218,PMC6567409,10.1186/s13071-019-3554-0,Deciphering the metabolic perturbation in hepatic alveolar echinococcosis: a <sup>1</sup>H NMR-based metabolomics study.,"Lin C, Chen Z, Zhang L, Wei Z, Cheng KK, Liu Y, Shen G, Fan H, Dong J.",,2019,2019-06-13,26,Y,echinococcosis; Echinococcus; parasitic; incubation period
Sundberg B,"((ACCESSION_TYPE:""metabolights"") OR (LABS_PUBS:""1782"")) AND AUTH:""Sundberg B""",32648607,MED,32648607,,10.1111/nph.16799,A metabolite roadmap of the wood-forming tissue in Populus tremula.,"Abreu IN, Johansson AI, Sokołowska K, Niittylä T, Sundberg B, Hvidsten TR, Street NR, Moritz T.",,2020,2020-08-27,28,N,host
Dong Y,"((ACCESSION_TYPE:""metabolights"") OR (LABS_PUBS:""1782"")) AND AUTH:""Dong Y""",35867475,MED,35867475,PMC9430912,10.1128/spectrum.00689-22,Effects of l-Serine on Macrolide Resistance in Streptococcus suis.,"Wu T, Wang X, Dong Y, Xing C, Chen X, Li L, Dong C, Li Y.",,2022,2022-07-18,18,Y,Streptococcus; zoonotic; pathogen; bacterial; antimicrobial resistance
Dong Y,"((ACCESSION_TYPE:""metabolights"") OR (LABS_PUBS:""1782"")) AND AUTH:""Dong Y""",30718847,MED,30718847,PMC6420086,10.1038/s41564-018-0336-y,In plaque-mass spectrometry imaging of a bloom-forming alga during viral infection reveals a metabolic shift towards odd-chain fatty acid lipids.,"Schleyer G, Shahaf N, Ziv C, Dong Y, Meoded RA, Helfrich EJN, Schatz D, Rosenwasser S, Rogachev I, Aharoni A, Piel J, Vardi A.",,2019,2019-02-04,56,Y,viral; infection; host; virus
Dong Y,"((ACCESSION_TYPE:""metabolights"") OR (LABS_PUBS:""1782"")) AND AUTH:""Dong Y""",34276585,MED,34276585,PMC8283677,10.3389/fmicb.2021.649091,Multi-Omics Analysis Reveals Disturbance of Nanosecond Pulsed Electric Field in the Serum Metabolic Spectrum and Gut Microbiota.,"Dong Y, Lu J, Wang T, Huang Z, Chen X, Ren Z, Hong L, Wang H, Yang D, Xie H, Zhang W.",,2021,2021-07-02,2,Y,Gut Microbiota; bacteria
Zhong W,"((ACCESSION_TYPE:""metabolights"") OR (LABS_PUBS:""1782"")) AND AUTH:""Zhong W""",40565146,MED,40565146,PMC12193217,10.3390/ijms26125678,Induction of Resistance Against <i>Sclerotinia sclerotiorum</i> in Rapeseed by β-Ocimene Through Enhanced Production of Coniferyl Aldehyde.,"Xie X, Yang Z, Zhong W, Li H, Deng W, Ruan Y, Liu C.",,2025,2025-06-13,1,Y,infection
Lee S,"((ACCESSION_TYPE:""metabolights"") OR (LABS_PUBS:""1782"")) AND AUTH:""Lee S""",38197630,MED,38197630,PMC10878077,10.1128/jvi.01776-23,Ceramide promotes lytic reactivation of Epstein-Barr virus in gastric carcinoma.,"Kim JY, Min YJ, Lee M-H, An YR, Ashktorab H, Smoot DT, Kwon SW, Lee SK.",,2024,2024-01-10,13,N,Epstein-Barr; virus; EBV; infection; viral; host
Lee S,"((ACCESSION_TYPE:""metabolights"") OR (LABS_PUBS:""1782"")) AND AUTH:""Lee S""",38172101,MED,38172101,PMC10764789,10.1038/s41467-023-44090-5,Features of acute COVID-19 associated with post-acute sequelae of SARS-CoV-2 phenotypes: results from the IMPACC study.,"Ozonoff A, Jayavelu ND, Liu S, Melamed E, Milliren CE, Qi J, Geng LN, McComsey GA, Cairns CB, Baden LR, Schaenman J, Shaw AC, Samaha H, Seyfert-Margolis V, Krammer F, Rosen LB, Steen H, Syphurs C, Dandekar R, Shannon CP, Sekaly RP, Ehrlich LIR, Corry DB, Kheradmand F, Atkinson MA, Brakenridge SC, Higuita NIA, Metcalf JP, Hough CL, Messer WB, Pulendran B, Nadeau KC, Davis MM, Sesma AF, Simon V, van Bakel H, Kim-Schulze S, Hafler DA, Levy O, Kraft M, Bime C, Haddad EK, Calfee CS, Erle DJ, Langelier CR, Eckalbar W, Bosinger SE, IMPACC Network, Peters B, Kleinstein SH, Reed EF, Augustine AD, Diray-Arce J, Maecker HT, Altman MC, Montgomery RR, Becker PM, Rouphael N.",,2024,2024-01-03,61,Y,COVID; SARS; public health; viral; antibody; host
Lee S,"((ACCESSION_TYPE:""metabolights"") OR (LABS_PUBS:""1782"")) AND AUTH:""Lee S""",37263307,MED,37263307,,10.1053/j.gastro.2023.05.032,Gut Microbiome Composition Is Associated With Future Onset of Crohn's Disease in Healthy First-Degree Relatives.,"Raygoza Garay JA, Turpin W, Lee SH, Smith MI, Goethel A, Griffiths AM, Moayyedi P, Espin-Garcia O, Abreu M, Aumais GL, Bernstein CN, Biron IA, Cino M, Deslandres C, Dotan I, El-Matary W, Feagan B, Guttman DS, Huynh H, Dieleman LA, Hyams JS, Jacobson K, Mack D, Marshall JK, Otley A, Panaccione R, Ropeleski M, Silverberg MS, Steinhart AH, Turner D, Yerushalmi B, Paterson AD, Xu W, CCC GEM Project Research Consortium, Croitoru K.",,2023,2023-05-30,170,N,Gut Microbiome; Case; microbiome
Lee S,"((ACCESSION_TYPE:""metabolights"") OR (LABS_PUBS:""1782"")) AND AUTH:""Lee S""",29884364,MED,29884364,,10.1016/j.foodchem.2018.05.093,"Role of jeotgal, a Korean traditional fermented fish sauce, in microbial dynamics and metabolite profiles during kimchi fermentation.","Jung MY, Kim TW, Lee C, Kim JY, Song HS, Kim YB, Ahn SW, Kim JS, Roh SW, Lee SH.",,2018,2018-05-22,58,N,Bacterial
Lee S,"((ACCESSION_TYPE:""metabolights"") OR (LABS_PUBS:""1782"")) AND AUTH:""Lee S""",28024298,MED,28024298,,10.1038/nature20786,Genome sequence and genetic diversity of European ash trees.,"Sollars ES, Harper AL, Kelly LJ, Sambles CM, Ramirez-Gonzalez RH, Swarbreck D, Kaithakottil G, Cooper ED, Uauy C, Havlickova L, Worswick G, Studholme DJ, Zohren J, Salmon DL, Clavijo BJ, Li Y, He Z, Fellgett A, McKinney LV, Nielsen LR, Douglas GC, Kjær ED, Downie JA, Boshier D, Lee S, Clark J, Grant M, Bancroft I, Caccamo M, Buggs RJ.",,2017,2016-12-26,133,N,fungus; epidemic
Chen Y,"((ACCESSION_TYPE:""metabolights"") OR (LABS_PUBS:""1782"")) AND AUTH:""Chen Y""",40220715,MED,40220715,PMC12013117,10.1016/j.ebiom.2025.105686,Multi-kingdom gut microbiota dysbiosis is associated with the development of pulmonary arterial hypertension.,"Chen Y, Chen Z, Liang L, Li J, Meng L, Yuan W, Xie B, Zhang X, Feng L, Jia Y, Fu Z, Su P, Tong Z, Zhong J, Liu X.",,2025,2025-04-11,10,Y,gut microbiota; bacteria; fungi; metagenomics; microbiota; bacterial; fungal
Chen Y,"((ACCESSION_TYPE:""metabolights"") OR (LABS_PUBS:""1782"")) AND AUTH:""Chen Y""",41016739,MED,41016739,,10.1111/bph.70209,Oral administration of low-molecular-weight heparin ameliorates colitis by enhancing the gut mucus barrier via microbial tryptophan metabolites.,"Zheng D, Chen S, Feng H, Zhang S, Zhang C, Wang Y, Tan W, Qing Q, Liu L, Liu X, Wang Z, Liang L, Sun J, Chen Y.",,2026,2025-09-28,0,N,gut microbiota; antibiotic; microbiota; Amplicon sequencing; Escherichia; Shigella
Chen Y,"((ACCESSION_TYPE:""metabolights"") OR (LABS_PUBS:""1782"")) AND AUTH:""Chen Y""",41923623,MED,41923623,PMC13130635,10.1016/j.xcrm.2026.102726,A metabolite-augmented FIB-4 machine learning panel achieves superior liver fibrosis staging in chronic liver disease.,"Chen Y, Yang T, Chen T, Xiao H, Zhou K, Ding K, Liu Q, Li M, Peng X, Sun T, Wang X, Liu P, Deng X, Zhang Z, Zhang K, Huang X, Chi X, Pik-Shan Kong A, Wai-Sun Wong V, Jia W, Xie G.",,2026,2026-03-31,0,Y,hepatitis B
Chen Y,"((ACCESSION_TYPE:""metabolights"") OR (LABS_PUBS:""1782"")) AND AUTH:""Chen Y""",41544443,MED,41544443,PMC12830193,10.1016/j.psj.2026.106388,Multi-omics reveals co-regulation of hepatic bile acid metabolism in laying hens by host genetics and the cecal Anaerostipes.,"Yang W, Zhao Y, Liu X, Cai Y, Dai Y, Zhang H, Chen Y, Chen F, Liu F, Sun C, Yang N, Yan W.",,2026,2026-01-04,1,Y,host; gut microbiota; Microbiome
Chen Y,"((ACCESSION_TYPE:""metabolights"") OR (LABS_PUBS:""1782"")) AND AUTH:""Chen Y""",39351301,MED,39351301,PMC11441332,10.3389/fmicb.2024.1442235,Unveiling superior phenol detoxification and degradation ability in <i>Candida tropicalis</i> SHC-03: a comparative study with <i>Saccharomyces cerevisiae</i> BY4742.,"Li Q, Chen Y, Tang H, Shu B, Zhang Z, Tang J, Li D, Jiang L, Shen J, Yang Y, Wang H, Ma M.",,2024,2024-09-11,1,Y,Candida
Chen Y,"((ACCESSION_TYPE:""metabolights"") OR (LABS_PUBS:""1782"")) AND AUTH:""Chen Y""",38575565,MED,38575565,PMC10995168,10.1038/s41467-024-47159-x,Legume rhizodeposition promotes nitrogen fixation by soil microbiota under crop diversification.,"Qiao M, Sun R, Wang Z, Dumack K, Xie X, Dai C, Wang E, Zhou J, Sun B, Peng X, Bonkowski M, Chen Y.",,2024,2024-04-04,81,Y,microbiota; bacteria; bacterial; microbiome
Chen Y,"((ACCESSION_TYPE:""metabolights"") OR (LABS_PUBS:""1782"")) AND AUTH:""Chen Y""",38229330,MED,38229330,PMC10789680,10.1007/s00253-023-12841-5,Integrated omics analysis reveals the alteration of gut microbiota and fecal metabolites in Cervus elaphus kansuensis.,"Zhang Z, Bao C, Li Z, He C, Jin W, Li C, Chen Y.",,2024,2024-01-15,9,Y,gut microbiota; host; endemic; gut microbiome; metagenomics; Bacillus
Chen Y,"((ACCESSION_TYPE:""metabolights"") OR (LABS_PUBS:""1782"")) AND AUTH:""Chen Y""",40749683,MED,40749683,PMC12432381,10.1016/j.xcrm.2025.102260,High-fat diet increases circulating palmitic acid produced by gut Bacteroides thetaiotaomicron to promote thrombosis.,"Huang X, Tang X, He Q, Tadese DA, Cao K, Gao J, Xu Q, Cheng R, Lu Q, Chen Y, Yang M, Du Y, Mwangi J, Ni H, Lai R.",,2025,2025-07-31,8,Y,gut microbiota; host
Chen Y,"((ACCESSION_TYPE:""metabolights"") OR (LABS_PUBS:""1782"")) AND AUTH:""Chen Y""",37750696,MED,37750696,PMC10581225,10.1128/spectrum.02145-23,Gut microbiota-driven regulation of queen bee ovarian metabolism.,"Li W-L, Huang Q, Li J-L, Wu P, Wei B, Li X-J, Tang Q-H, Dong Z-X, Xiong J, Tang H, Zhang J, Zhao C-H, Cao Z, Chen Y, Zhao W-z, Wang K, Guo J.",,2023,2023-09-26,14,Y,Gut microbiota
Chen Y,"((ACCESSION_TYPE:""metabolights"") OR (LABS_PUBS:""1782"")) AND AUTH:""Chen Y""",37399531,MED,37399531,PMC10427961,10.1093/stcltm/szad036,Short-Term Clinical Response and Changes in the Fecal Microbiota and Metabolite Levels in Patients with Crohn's Disease After Stem Cell Infusions.,"Yang F, Zheng X, Liang W, Ni B, Lu J, Liu Q, Xu R, He Y, Yee Waye MM, Zhang Q, Chen Y, Zou X, Chen W.",,2023,2023-08-01,5,Y,Microbiota; gut microbiota; gut microbiome; bacterial; host
Chen Y,"((ACCESSION_TYPE:""metabolights"") OR (LABS_PUBS:""1782"")) AND AUTH:""Chen Y""",37120634,MED,37120634,PMC10148826,10.1038/s41467-023-38009-3,Single-cell metabolic fingerprints discover a cluster of circulating tumor cells with distinct metastatic potential.,"Zhang W, Xu F, Yao J, Mao C, Zhu M, Qian M, Hu J, Zhong H, Zhou J, Shi X, Chen Y.",,2023,2023-04-29,49,Y,incidence
Chen Y,"((ACCESSION_TYPE:""metabolights"") OR (LABS_PUBS:""1782"")) AND AUTH:""Chen Y""",37040763,MED,37040763,,10.1016/j.cmet.2023.03.013,DT-109 ameliorates nonalcoholic steatohepatitis in nonhuman primates.,"Qu P, Rom O, Li K, Jia L, Gao X, Liu Z, Ding S, Zhao M, Wang H, Chen S, Xiong X, Zhao Y, Xue C, Zhao Y, Chu C, Wen B, Finney AC, Zheng Z, Cao W, Zhao J, Bai L, Zhao S, Sun D, Zeng R, Lin J, Liu W, Zheng L, Zhang J, Liu E, Chen YE.",,2023,2023-04-10,60,N,prevalence; metagenomics
Chen Y,"((ACCESSION_TYPE:""metabolights"") OR (LABS_PUBS:""1782"")) AND AUTH:""Chen Y""",39026673,MED,39026673,PMC11254637,10.3389/fimmu.2024.1424332,L-valine derived from the gut microbiota protects sepsis-induced intestinal injury and negatively correlates with the severity of sepsis.,"Chen Y, Sun K, Qi Y, Tang J, Zhu H, Wang Z.",,2024,2024-07-04,12,Y,gut microbiota; sepsis; antibiotic; microbiota
Chen Y,"((ACCESSION_TYPE:""metabolights"") OR (LABS_PUBS:""1782"")) AND AUTH:""Chen Y""",35922508,MED,35922508,PMC9365697,10.1038/s41586-022-05030-3,Brown-fat-mediated tumour suppression by cold-altered global metabolism.,"Seki T, Yang Y, Sun X, Lim S, Xie S, Guo Z, Xiong W, Kuroda M, Sakaue H, Hosaka K, Jing X, Yoshihara M, Qu L, Li X, Chen Y, Cao Y.",,2022,2022-08-03,222,Y,exposure
Chen Y,"((ACCESSION_TYPE:""metabolights"") OR (LABS_PUBS:""1782"")) AND AUTH:""Chen Y""",35595797,MED,35595797,PMC9122918,10.1038/s41467-022-30513-2,Proteome allocations change linearly with the specific growth rate of Saccharomyces cerevisiae under glucose limitation.,"Xia J, Sánchez BJ, Chen Y, Campbell K, Kasvandik S, Nielsen J.",,2022,2022-05-20,76,Y,strain
Chen Y,"((ACCESSION_TYPE:""metabolights"") OR (LABS_PUBS:""1782"")) AND AUTH:""Chen Y""",35590378,MED,35590378,PMC9118806,10.1186/s13071-022-05290-y,Multiple biochemical indices and metabolomics of Clonorchis sinensis provide a novel interpretation of biomarkers.,"Qiu YY, Chang QC, Gao JF, Bao MJ, Luo HT, Song JH, Hong SJ, Mao RF, Sun YY, Chen YY, Liu MY, Wang CR, Liu XL.",,2022,2022-05-19,11,Y,infectious disease; host; pathogen; infection
Chen Y,"((ACCESSION_TYPE:""metabolights"") OR (LABS_PUBS:""1782"")) AND AUTH:""Chen Y""",35365608,MED,35365608,PMC8976029,10.1038/s41467-022-29060-7,Gut microbiota production of trimethyl-5-aminovaleric acid reduces fatty acid oxidation and accelerates cardiac hypertrophy.,"Zhao M, Wei H, Li C, Zhan R, Liu C, Gao J, Yi Y, Cui X, Shan W, Ji L, Pan B, Cheng S, Song M, Sun H, Jiang H, Cai J, Garcia-Barrio MT, Chen YE, Meng X, Dong E, Wang DW, Zheng L.",,2022,2022-04-01,90,Y,Gut microbiota; microbiota
Chen Y,"((ACCESSION_TYPE:""metabolights"") OR (LABS_PUBS:""1782"")) AND AUTH:""Chen Y""",34489732,MED,34489732,PMC8416897,10.3389/fphys.2021.716654,Changes and Correlations of the Intestinal Flora and Liver Metabolite Profiles in Mice With Gallstones.,"Chen Y, Wang Q, Gao W, Ma B, Xue D, Hao C.",,2021,2021-08-19,9,Y,gut microbiome
Johnson A,"((ACCESSION_TYPE:""metabolights"") OR (LABS_PUBS:""1782"")) AND AUTH:""Johnson A""",32916129,MED,32916129,PMC8109273,10.1016/j.cell.2020.08.007,Longitudinal Multi-omics Reveals Subset-Specific Mechanisms Underlying Irritable Bowel Syndrome.,"Mars RAT, Yang Y, Ward T, Houtti M, Priya S, Lekatz HR, Tang X, Sun Z, Kalari KR, Korem T, Bhattarai Y, Zheng T, Bar N, Frost G, Johnson AJ, van Treuren W, Han S, Ordog T, Grover M, Sonnenburg J, D'Amato M, Camilleri M, Elinav E, Segal E, Blekhman R, Farrugia G, Swann JR, Knights D, Kashyap PC.",,2020,2020-09-10,330,N,gut microbiome; host; subtype
Johnson A,"((ACCESSION_TYPE:""metabolights"") OR (LABS_PUBS:""1782"")) AND AUTH:""Johnson A""",33021695,MED,33021695,PMC10614666,10.1007/s11306-020-01729-4,Changes in lipid profiles of epileptic mouse model.,"Johnson A, Grove RA, Madhavan D, Boone CHT, Braga C, Kyllo H, Samson K, Simeone K, Simeone T, Helikar T, Hanson CK, Adamec J.",,2020,2020-10-06,15,N,transmission
Weber D,"((ACCESSION_TYPE:""metabolights"") OR (LABS_PUBS:""1782"")) AND AUTH:""Weber D""",37155900,MED,37155900,PMC10193931,10.1073/pnas.2208673120,Croquemort elicits activation of the immune deficiency pathway in ticks.,"O'Neal AJ, Singh N, Rolandelli A, Laukaitis HJ, Wang X, Shaw DK, Young BD, Narasimhan S, Dutta S, Snyder GA, Samaddar S, Marnin L, Butler LR, Mendes MT, Cabrera Paz FE, Valencia LM, Sundberg EJ, Fikrig E, Pal U, Weber DJ, Pedra JHF.",,2023,2023-05-08,22,Y,host; bacterial; infection; Lyme disease
Beekman M,"((ACCESSION_TYPE:""metabolights"") OR (LABS_PUBS:""1782"")) AND AUTH:""Beekman M""",19682117,MED,19682117,,10.1111/j.1532-5415.2009.02381.x,Nonagenarian siblings and their offspring display lower risk of mortality and morbidity than sporadic nonagenarians: The Leiden Longevity Study.,"Westendorp RG, van Heemst D, Rozing MP, Frölich M, Mooijaart SP, Blauw GJ, Beekman M, Heijmans BT, de Craen AJ, Slagboom PE, Leiden Longevity Study Group.",,2009,2009-07-17,212,N,prevalence
Slagboom PE,"((ACCESSION_TYPE:""metabolights"") OR (LABS_PUBS:""1782"")) AND AUTH:""Slagboom PE""",19682117,MED,19682117,,10.1111/j.1532-5415.2009.02381.x,Nonagenarian siblings and their offspring display lower risk of mortality and morbidity than sporadic nonagenarians: The Leiden Longevity Study.,"Westendorp RG, van Heemst D, Rozing MP, Frölich M, Mooijaart SP, Blauw GJ, Beekman M, Heijmans BT, de Craen AJ, Slagboom PE, Leiden Longevity Study Group.",,2009,2009-07-17,212,N,prevalence
van Heemst D,"((ACCESSION_TYPE:""metabolights"") OR (LABS_PUBS:""1782"")) AND AUTH:""van Heemst D""",19682117,MED,19682117,,10.1111/j.1532-5415.2009.02381.x,Nonagenarian siblings and their offspring display lower risk of mortality and morbidity than sporadic nonagenarians: The Leiden Longevity Study.,"Westendorp RG, van Heemst D, Rozing MP, Frölich M, Mooijaart SP, Blauw GJ, Beekman M, Heijmans BT, de Craen AJ, Slagboom PE, Leiden Longevity Study Group.",,2009,2009-07-17,212,N,prevalence
Nookaew I,"((ACCESSION_TYPE:""metabolights"") OR (LABS_PUBS:""1782"")) AND AUTH:""Nookaew I""",35876501,MED,35876501,PMC9431495,10.1128/spectrum.01755-21,"Analysis of Growth Phases of Enterotoxigenic Escherichia coli Reveals a Distinct Transition Phase before Entry into Early Stationary Phase with Shifts in Tryptophan, Fucose, and Putrescine Metabolism and Degradation of Neurotransmitter Precursors.","Joffré E, Xiao X, Correia MSP, Nookaew I, Sasse S, Globisch D, Zhu B, Sjöling Å.",,2022,2022-07-25,11,Y,Escherichia coli; ETEC; endemic; virulence; E. coli; bacterial; bacteria
Nookaew I,"((ACCESSION_TYPE:""metabolights"") OR (LABS_PUBS:""1782"")) AND AUTH:""Nookaew I""",27200001,MED,27200001,PMC4845692,10.3389/fpls.2016.00497,Two Poplar-Associated Bacterial Isolates Induce Additive Favorable Responses in a Constructed Plant-Microbiome System.,"Timm CM, Pelletier DA, Jawdy SS, Gunter LE, Henning JA, Engle N, Aufrecht J, Gee E, Nookaew I, Yang Z, Lu TY, Tschaplinski TJ, Doktycz MJ, Tuskan GA, Weston DJ.",,2016,2016-04-26,58,Y,Bacterial; Microbiome; host; Pseudomonas; Burkholderia
Sen P,"((ACCESSION_TYPE:""metabolights"") OR (LABS_PUBS:""1782"")) AND AUTH:""Sen P""",31082858,MED,31082858,PMC6602763,10.14309/ctg.0000000000000044,Persistent Alterations in Plasma Lipid Profiles Before Introduction of Gluten in the Diet Associated With Progression to Celiac Disease.,"Sen P, Carlsson C, Virtanen SM, Simell S, Hyöty H, Ilonen J, Toppari J, Veijola R, Hyötyläinen T, Knip M, Orešič M.",,2019,2019-05-01,33,Y,host; antigen
Sen P,"((ACCESSION_TYPE:""metabolights"") OR (LABS_PUBS:""1782"")) AND AUTH:""Sen P""",32043185,MED,32043185,PMC7145788,10.1007/s00125-020-05107-6,Metabolic alterations in immune cells associate with progression to type 1 diabetes.,"Sen P, Dickens AM, López-Bascón MA, Lindeman T, Kemppainen E, Lamichhane S, Rönkkö T, Ilonen J, Toppari J, Veijola R, Hyöty H, Hyötyläinen T, Knip M, Orešič M.",,2020,2020-02-11,51,Y,clinical metadata
Nielsen J,"((ACCESSION_TYPE:""metabolights"") OR (LABS_PUBS:""1782"")) AND AUTH:""Nielsen J""",35595797,MED,35595797,PMC9122918,10.1038/s41467-022-30513-2,Proteome allocations change linearly with the specific growth rate of Saccharomyces cerevisiae under glucose limitation.,"Xia J, Sánchez BJ, Chen Y, Campbell K, Kasvandik S, Nielsen J.",,2022,2022-05-20,76,Y,strain
Wu J,"((ACCESSION_TYPE:""metabolights"") OR (LABS_PUBS:""1782"")) AND AUTH:""Wu J""",37289658,MED,37289658,PMC10249823,10.1371/journal.pgen.1010746,Spatio-temporal transcriptome dynamics coordinate rapid transition of core crop functions in 'lactating' pigeon.,"Wang Y, Wang X, Luo Y, Zhang J, Lin Y, Wu J, Zeng B, Liu L, Yan P, Liang J, Guo H, Jin L, Tang Q, Long K, Li M.",,2023,2023-06-08,8,Y,avian; assembly
He X,"((ACCESSION_TYPE:""metabolights"") OR (LABS_PUBS:""1782"")) AND AUTH:""He X""",37636040,MED,37636040,PMC10457452,10.1016/j.isci.2023.107514,Intergenerational association of gut microbiota and metabolism with perinatal folate metabolism and neural tube defects.,"Wang S, He X, Wang Y, Zeng Y, Pei P, Zhan X, Zhang M, Zhang T.",,2023,2023-07-29,7,Y,gut microbiota
He X,"((ACCESSION_TYPE:""metabolights"") OR (LABS_PUBS:""1782"")) AND AUTH:""He X""",32341085,MED,32341085,PMC7190274,10.26508/lsa.202000700,Immunoglobulin expression in the endoplasmic reticulum shapes the metabolic fitness of B lymphocytes.,"Jumaa H, Caganova M, McAllister EJ, Hoenig L, He X, Saltukoglu D, Brenker K, Köhler M, Leben R, Hauser AE, Niesner R, Rajewsky K, Reth M, Jellusova J.",,2020,2020-04-27,16,Y,antigen
He X,"((ACCESSION_TYPE:""metabolights"") OR (LABS_PUBS:""1782"")) AND AUTH:""He X""",37522815,MED,37522815,PMC10434036,10.1128/spectrum.00577-23,Integration of Metabolomics and Transcriptomics Reveals Major Metabolic Pathways and Potential Biomarkers Involved in Pulmonary Tuberculosis and Pulmonary Tuberculosis-Complicated Diabetes.,"Wang Y, He X, Zheng D, He Q, Sun L, Jin J, Jin J.",,2023,2023-07-31,15,Y,Tuberculosis; infection
He X,"((ACCESSION_TYPE:""metabolights"") OR (LABS_PUBS:""1782"")) AND AUTH:""He X""",37292198,MED,37292198,PMC10245275,10.3389/fimmu.2023.1159112,Disturbed microbiota-metabolites-immune interaction network is associated with olfactory dysfunction in patients with chronic rhinosinusitis.,"Han X, He X, Zhan X, Yao L, Sun Z, Gao X, Wang S, Wang Z.",,2023,2023-05-23,17,Y,microbiota; microbiome; Acinetobacter; Mycoplasma; Salmonella enterica
He X,"((ACCESSION_TYPE:""metabolights"") OR (LABS_PUBS:""1782"")) AND AUTH:""He X""",36338029,MED,36338029,PMC9631217,10.3389/fmicb.2022.993146,Sodium butyrate mediates histone crotonylation and alleviated neonatal rats hypoxic-ischemic brain injury through gut-brain axis.,"He X, Zhang T, Zeng Y, Pei P, Liu Y, Jia W, Zhao H, Bi M, Wang S.",,2022,2022-10-20,43,Y,bacteria; gut microbiota
He X,"((ACCESSION_TYPE:""metabolights"") OR (LABS_PUBS:""1782"")) AND AUTH:""He X""",28421049,MED,28421049,PMC5377924,10.3389/fmicb.2017.00548,Transcriptomic and Metabolomics Profiling of Phage-Host Interactions between Phage PaP1 and <i>Pseudomonas aeruginosa</i>.,"Zhao X, Shen M, Jiang X, Shen W, Zhong Q, Yang Y, Tan Y, Agnello M, He X, Hu F, Le S.",,2017,2017-03-30,40,Y,Host; Pseudomonas aeruginosa; bacterial; infection; P. aeruginosa
Ma Q,"((ACCESSION_TYPE:""metabolights"") OR (LABS_PUBS:""1782"")) AND AUTH:""Ma Q""",38837944,MED,38837944,PMC11152177,10.1093/gigascience/giae023,"Mechanisms of hepatic steatosis in chickens: integrated analysis of the host genome, molecular phenomics and gut microbiome.","Sun C, Lan F, Zhou Q, Guo X, Jin J, Wen C, Guo Y, Hou Z, Zheng J, Wu G, Li G, Yan Y, Li J, Ma Q, Yang N.",,2024,2024-01-01,9,Y,host; gut microbiome; microbiota
Wang P,"((ACCESSION_TYPE:""metabolights"") OR (LABS_PUBS:""1782"")) AND AUTH:""Wang P""",40236482,MED,40236482,PMC11997625,10.3389/fmicb.2025.1541683,Exploring the gut microbiome and serum metabolome interplay in non-functioning pituitary neuroendocrine tumors.,"Liu J, Ye Z, Zhang Y, Su W, Liu J, Chen T, Shi Y, Liu L, Lu J, Cai Z, Zhong Q, Wang P, Pu J, Liu J, Wei Y, Pan H, Zhu H, Deng K, Wang R, Lu L, Hu X, Yao Y.",,2025,2025-04-01,2,Y,gut microbiome; bacteria; microbiota; host
Wang P,"((ACCESSION_TYPE:""metabolights"") OR (LABS_PUBS:""1782"")) AND AUTH:""Wang P""",42164888,MED,42164888,PMC13185062,10.1021/envhealth.5c00553,Effects of Antibiotic-Induced Gut Microbiota Dysbiosis on Arsenic Bioaccumulation and Transformation in Mice and Its Potential Mechanisms.,"Jiang X, Zhao F, Li R, Xiong S, Xiao P, Wang P, Gao H, Wu Y, Xiao K, Cai X, Yin N, Sun G, Cui Y.",,2026,2025-12-27,0,Y,Antibiotic; Gut Microbiota; exposure; bacterial; bacteria
Wang P,"((ACCESSION_TYPE:""metabolights"") OR (LABS_PUBS:""1782"")) AND AUTH:""Wang P""",37267943,MED,37267943,PMC10313936,10.1016/j.xcrm.2023.101061,Profiling the metabolome of uterine fluid for early detection of ovarian cancer.,"Wang P, Ma J, Li W, Wang Q, Xiao Y, Jiang Y, Gu X, Wu Y, Dong S, Guo H, Li M.",,2023,2023-06-01,18,Y,exposure
Wang P,"((ACCESSION_TYPE:""metabolights"") OR (LABS_PUBS:""1782"")) AND AUTH:""Wang P""",37226855,MED,37226855,,10.1111/jipb.13536,Cell type-specific proteomics uncovers a RAF15-SnRK2.6/OST1 kinase cascade in guard cells.,"Wang H, Wang Y, Sang T, Lin Z, Li R, Ren W, Shen X, Zhao B, Wang X, Zhang X, Zhou S, Dai S, Hu H, Song CP, Wang P.",,2023,2023-07-27,38,N,isolation
Wang P,"((ACCESSION_TYPE:""metabolights"") OR (LABS_PUBS:""1782"")) AND AUTH:""Wang P""",34313944,MED,34313944,,10.1007/s12072-021-10231-5,Alterations of gut microbiome and metabolite profiles in choledocholithiasis concurrent with cholangitis.,"Hao Z, Tao K, Wu K, Luo Y, Lu Y, Li B, Shi P, Wang P, Zeng X, Lin Y.",,2022,2021-07-27,11,N,gut microbiome; Gut microbiota; case; microbiota; biofilm; Escherichia coli
Wang P,"((ACCESSION_TYPE:""metabolights"") OR (LABS_PUBS:""1782"")) AND AUTH:""Wang P""",35795389,MED,35795389,PMC9251601,10.1093/hr/uhac100,Pan-transcriptome assembly combined with multiple association analysis provides new insights into the regulatory network of specialized metabolites in the tea plant <i>Camellia sinensis</i>.,"Kong W, Jiang M, Wang Y, Chen S, Zhang S, Lei W, Chai K, Wang P, Liu R, Zhang X.",,2022,2022-07-02,30,Y,assembly
Wang P,"((ACCESSION_TYPE:""metabolights"") OR (LABS_PUBS:""1782"")) AND AUTH:""Wang P""",33563986,MED,33563986,PMC7873081,10.1038/s41467-021-21186-4,Salmonella Typhimurium reprograms macrophage metabolism via T3SS effector SopE2 to promote intracellular replication and virulence.,"Jiang L, Wang P, Song X, Zhang H, Ma S, Wang J, Li W, Lv R, Liu X, Ma S, Yan J, Zhou H, Huang D, Cheng Z, Yang C, Feng L, Wang L.",,2021,2021-02-09,184,Y,Salmonella Typhimurium; virulence; systemic infection; host; bacterial
Wang P,"((ACCESSION_TYPE:""metabolights"") OR (LABS_PUBS:""1782"")) AND AUTH:""Wang P""",33291848,MED,33291848,PMC7729479,10.3390/molecules25235739,Determination and Comparison of Short-Chain Fatty Acids in Serum and Colon Content Samples: Alzheimer's Disease Rat as a Case Study.,"Guo LX, Tong Y, Wang J, Yin G, Huang HS, Zeng L, Wang P, Li JP, Bi KS, Wang TJ.",,2020,2020-12-04,13,Y,Case
Hyötyläinen T,"((ACCESSION_TYPE:""metabolights"") OR (LABS_PUBS:""1782"")) AND AUTH:""Hyötyläinen T""",31082858,MED,31082858,PMC6602763,10.14309/ctg.0000000000000044,Persistent Alterations in Plasma Lipid Profiles Before Introduction of Gluten in the Diet Associated With Progression to Celiac Disease.,"Sen P, Carlsson C, Virtanen SM, Simell S, Hyöty H, Ilonen J, Toppari J, Veijola R, Hyötyläinen T, Knip M, Orešič M.",,2019,2019-05-01,33,Y,host; antigen
Hyötyläinen T,"((ACCESSION_TYPE:""metabolights"") OR (LABS_PUBS:""1782"")) AND AUTH:""Hyötyläinen T""",32043185,MED,32043185,PMC7145788,10.1007/s00125-020-05107-6,Metabolic alterations in immune cells associate with progression to type 1 diabetes.,"Sen P, Dickens AM, López-Bascón MA, Lindeman T, Kemppainen E, Lamichhane S, Rönkkö T, Ilonen J, Toppari J, Veijola R, Hyöty H, Hyötyläinen T, Knip M, Orešič M.",,2020,2020-02-11,51,Y,clinical metadata
Hyötyläinen T,"((ACCESSION_TYPE:""metabolights"") OR (LABS_PUBS:""1782"")) AND AUTH:""Hyötyläinen T""",31444528,MED,31444528,PMC6861356,10.1007/s00125-019-04980-0,Circulating metabolites in progression to islet autoimmunity and type 1 diabetes.,"Lamichhane S, Kemppainen E, Trošt K, Siljander H, Hyöty H, Ilonen J, Toppari J, Veijola R, Hyötyläinen T, Knip M, Orešič M.",,2019,2019-08-23,35,Y,antibody
Knip M,"((ACCESSION_TYPE:""metabolights"") OR (LABS_PUBS:""1782"")) AND AUTH:""Knip M""",31082858,MED,31082858,PMC6602763,10.14309/ctg.0000000000000044,Persistent Alterations in Plasma Lipid Profiles Before Introduction of Gluten in the Diet Associated With Progression to Celiac Disease.,"Sen P, Carlsson C, Virtanen SM, Simell S, Hyöty H, Ilonen J, Toppari J, Veijola R, Hyötyläinen T, Knip M, Orešič M.",,2019,2019-05-01,33,Y,host; antigen
Knip M,"((ACCESSION_TYPE:""metabolights"") OR (LABS_PUBS:""1782"")) AND AUTH:""Knip M""",32043185,MED,32043185,PMC7145788,10.1007/s00125-020-05107-6,Metabolic alterations in immune cells associate with progression to type 1 diabetes.,"Sen P, Dickens AM, López-Bascón MA, Lindeman T, Kemppainen E, Lamichhane S, Rönkkö T, Ilonen J, Toppari J, Veijola R, Hyöty H, Hyötyläinen T, Knip M, Orešič M.",,2020,2020-02-11,51,Y,clinical metadata
Knip M,"((ACCESSION_TYPE:""metabolights"") OR (LABS_PUBS:""1782"")) AND AUTH:""Knip M""",31444528,MED,31444528,PMC6861356,10.1007/s00125-019-04980-0,Circulating metabolites in progression to islet autoimmunity and type 1 diabetes.,"Lamichhane S, Kemppainen E, Trošt K, Siljander H, Hyöty H, Ilonen J, Toppari J, Veijola R, Hyötyläinen T, Knip M, Orešič M.",,2019,2019-08-23,35,Y,antibody
Yang J,"((ACCESSION_TYPE:""metabolights"") OR (LABS_PUBS:""1782"")) AND AUTH:""Yang J""",38007572,MED,38007572,PMC10676405,10.1038/s41467-023-43622-3,Parabacteroides distasonis ameliorates insulin resistance via activation of intestinal GPR109a.,"Sun Y, Nie Q, Zhang S, He H, Zuo S, Chen C, Yang J, Chen H, Hu J, Li S, Cheng J, Zhang B, Zheng Z, Pan S, Huang P, Lian L, Nie S.",,2023,2023-11-25,122,Y,Gut microbiota; case
Yang J,"((ACCESSION_TYPE:""metabolights"") OR (LABS_PUBS:""1782"")) AND AUTH:""Yang J""",37929962,MED,37929962,PMC10688316,10.1128/jvi.00719-23,<i>Bacillus subtilis</i> partially inhibits African swine fever virus infection <i>in vivo</i> and <i>in vitro</i> based on its metabolites arctiin and genistein interfering with the function of viral topoisomerase II.,"Lv C, Yang J, Zhao L, Zou Z, Kang C, Zhang Q, Wu C, Yang L, Cheng C, Zhao Y, Liao Q, Hu X, Li C, Sun X, Jin M.",,2023,2023-11-06,16,N,Bacillus; swine; virus; infection; viral; vaccines; antiviral
Yang J,"((ACCESSION_TYPE:""metabolights"") OR (LABS_PUBS:""1782"")) AND AUTH:""Yang J""",37735415,MED,37735415,PMC10512658,10.1186/s13287-023-03499-x,Human umbilical cord-derived mesenchymal stem cells ameliorate perioperative neurocognitive disorder by inhibiting inflammatory responses and activating BDNF/TrkB/CREB signaling pathway in aged mice.,"Wei P, Jia M, Kong X, Lyu W, Feng H, Sun X, Li J, Yang JJ.",,2023,2023-09-21,20,Y,exposure
Yang J,"((ACCESSION_TYPE:""metabolights"") OR (LABS_PUBS:""1782"")) AND AUTH:""Yang J""",36813769,MED,36813769,PMC9947163,10.1038/s41467-023-36571-4,The Toxoplasma micropore mediates endocytosis for selective nutrient salvage from host cell compartments.,"Wan W, Dong H, Lai DH, Yang J, He K, Tang X, Liu Q, Hide G, Zhu XQ, Sibley LD, Lun ZR, Long S.",,2023,2023-02-22,63,Y,Toxoplasma; host; parasite; Toxoplasma gondii
Yang J,"((ACCESSION_TYPE:""metabolights"") OR (LABS_PUBS:""1782"")) AND AUTH:""Yang J""",36044853,MED,36044853,,10.1016/j.celrep.2022.111308,Enterobacter ludwigii protects DSS-induced colitis through choline-mediated immune tolerance.,"Li Q, Sun X, Yu K, Lv J, Miao C, Yang J, Wang S, Fu Z, Sun Y, Zhang H, Zhang ZS, Keller ET, Yao Z, Wang Q.",,2022,2022-08-01,41,N,bacteria; host; bacterial; antibiotic; microbiota
Yang J,"((ACCESSION_TYPE:""metabolights"") OR (LABS_PUBS:""1782"")) AND AUTH:""Yang J""",36814581,MED,36814581,PMC9939769,10.3389/fendo.2023.1122709,Effects of Yulin Tong Bu formula on modulating gut microbiota and fecal metabolite interactions in mice with polycystic ovary syndrome.,"Su YN, Wang MJ, Yang JP, Wu XL, Xia M, Bao MH, Ding YB, Feng Q, Fu LJ.",,2023,2023-02-06,33,Y,gut microbiota; antibiotic; microbiota; bacterial
Zhang D,"((ACCESSION_TYPE:""metabolights"") OR (LABS_PUBS:""1782"")) AND AUTH:""Zhang D""",41356823,MED,41356823,PMC12677068,10.3389/fnut.2025.1668786,&lt;i&gt;Christensenella intestinihominis&lt;/i&gt; MNO-863 improve obesity and related metabolic disorders via SCFAs-induced GLP-1 hormone secretion.,"Kong P, Xian Y, Lao C, Huang B, Zhang D, Tai L, Zhao Y, Pu Z, Lan Z, Zhang C, Liu Z, Xiao C, Zhao G, Zhu R, Liang Y, Lin CS, Lin JH, Sun JZ, Wang T, Liu HW, Jiang X.",,2025,2025-11-20,0,Y,microbiota; bacteria
Zhang D,"((ACCESSION_TYPE:""metabolights"") OR (LABS_PUBS:""1782"")) AND AUTH:""Zhang D""",35943976,MED,35943976,PMC9407385,10.1073/pnas.2117089119,Plasma metabolome and cytokine profile reveal glycylproline modulating antibody fading in convalescent COVID-19 patients.,"Yang Z, Wu D, Lu S, Qiu Y, Hua Z, Tan F, Zhang C, Zhang L, Zhang DY, Zhou X, Cai Z, Shang Y, Lin SH.",,2022,2022-08-09,12,Y,antibody; COVID; pandemic; public health; neutralizing antibody; coronavirus; SARS; vaccination; infection
Wei Y,"((ACCESSION_TYPE:""metabolights"") OR (LABS_PUBS:""1782"")) AND AUTH:""Wei Y""",41732270,MED,41732270,PMC12925244,10.1016/j.isci.2026.114861,Multi-omics and machine learning-based profiling of severity signatures in &lt;i&gt;Mycoplasma pneumoniae&lt;/i&gt; infection in children.,"Li G, Wei Y, Wang W, Hu Z, Yang Q, He L, Gao Y, Lai X.",,2026,2026-01-31,1,Y,Mycoplasma pneumoniae; infection; pneumonia; respiratory infection
Wei Y,"((ACCESSION_TYPE:""metabolights"") OR (LABS_PUBS:""1782"")) AND AUTH:""Wei Y""",40236482,MED,40236482,PMC11997625,10.3389/fmicb.2025.1541683,Exploring the gut microbiome and serum metabolome interplay in non-functioning pituitary neuroendocrine tumors.,"Liu J, Ye Z, Zhang Y, Su W, Liu J, Chen T, Shi Y, Liu L, Lu J, Cai Z, Zhong Q, Wang P, Pu J, Liu J, Wei Y, Pan H, Zhu H, Deng K, Wang R, Lu L, Hu X, Yao Y.",,2025,2025-04-01,2,Y,gut microbiome; bacteria; microbiota; host
Wei Y,"((ACCESSION_TYPE:""metabolights"") OR (LABS_PUBS:""1782"")) AND AUTH:""Wei Y""",34175981,MED,34175981,PMC11446541,10.1007/s11306-021-01814-2,Impact of acute lymphoblastic leukemia induction therapy: findings from metabolomics on non-fasted plasma samples from a biorepository.,"Saito T, Wei Y, Wen L, Srinivasan C, Wolthers BO, Tsai CY, Harris MH, Stevenson K, Byersdorfer C, Oparaji JA, Fernandez C, Mukherjee A, Abu-El-Haija M, Agnihotri S, Schmiegelow K, Showalter MR, Fogle PW, McCulloch S, Contrepois K, Silverman LB, Ding Y, Husain SZ.",,2021,2021-06-27,15,N,host
Liu Q,"((ACCESSION_TYPE:""metabolights"") OR (LABS_PUBS:""1782"")) AND AUTH:""Liu Q""",41923623,MED,41923623,PMC13130635,10.1016/j.xcrm.2026.102726,A metabolite-augmented FIB-4 machine learning panel achieves superior liver fibrosis staging in chronic liver disease.,"Chen Y, Yang T, Chen T, Xiao H, Zhou K, Ding K, Liu Q, Li M, Peng X, Sun T, Wang X, Liu P, Deng X, Zhang Z, Zhang K, Huang X, Chi X, Pik-Shan Kong A, Wai-Sun Wong V, Jia W, Xie G.",,2026,2026-03-31,0,Y,hepatitis B
Liu Q,"((ACCESSION_TYPE:""metabolights"") OR (LABS_PUBS:""1782"")) AND AUTH:""Liu Q""",41724996,MED,41724996,PMC13037320,10.1186/s40168-026-02335-7,Stress-induced enrichment of Pseudomonas sp. stimulates the adaptive response of Auxenochlorella pyrenoidosa and antibiotic-resistant proliferation.,"Liu Q, Jia J, Chen X, Wu C.",,2026,2026-02-23,1,Y,Pseudomonas; antibiotic; bacteria; transmission; exposure; assembly; bacterial
Liu Q,"((ACCESSION_TYPE:""metabolights"") OR (LABS_PUBS:""1782"")) AND AUTH:""Liu Q""",38837945,MED,38837945,,10.1093/gigascience/giae025,The telomere-to-telomere (T2T) genome of Peucedanum praeruptorum Dunn provides insights into the genome evolution and coumarin biosynthesis.,"Bai M, Jiang S, Chu S, Yu Y, Shan D, Liu C, Zong L, Liu Q, Liu N, Xu W, Mei Z, Jian J, Zhang C, Zhao S, Chiu TY, Simonsen HT.",,2024,2024-01-01,9,N,assembly
Liu Q,"((ACCESSION_TYPE:""metabolights"") OR (LABS_PUBS:""1782"")) AND AUTH:""Liu Q""",37399531,MED,37399531,PMC10427961,10.1093/stcltm/szad036,Short-Term Clinical Response and Changes in the Fecal Microbiota and Metabolite Levels in Patients with Crohn's Disease After Stem Cell Infusions.,"Yang F, Zheng X, Liang W, Ni B, Lu J, Liu Q, Xu R, He Y, Yee Waye MM, Zhang Q, Chen Y, Zou X, Chen W.",,2023,2023-08-01,5,Y,Microbiota; gut microbiota; gut microbiome; bacterial; host
Liu Q,"((ACCESSION_TYPE:""metabolights"") OR (LABS_PUBS:""1782"")) AND AUTH:""Liu Q""",36813769,MED,36813769,PMC9947163,10.1038/s41467-023-36571-4,The Toxoplasma micropore mediates endocytosis for selective nutrient salvage from host cell compartments.,"Wan W, Dong H, Lai DH, Yang J, He K, Tang X, Liu Q, Hide G, Zhu XQ, Sibley LD, Lun ZR, Long S.",,2023,2023-02-22,63,Y,Toxoplasma; host; parasite; Toxoplasma gondii
Liu Q,"((ACCESSION_TYPE:""metabolights"") OR (LABS_PUBS:""1782"")) AND AUTH:""Liu Q""",31383652,MED,31383652,PMC6761496,10.1128/aac.00312-19,Sulfadiazine Sodium Ameliorates the Metabolomic Perturbation in Mice Infected with Toxoplasma gondii.,"Zhou CX, Gan Y, Elsheikha HM, Chen XQ, Cong H, Liu Q, Zhu XQ.",,2019,2019-09-23,15,N,Toxoplasma gondii; infection; strain; latent infection; toxoplasmosis
Moraes C,"((ACCESSION_TYPE:""metabolights"") OR (LABS_PUBS:""1782"")) AND AUTH:""Moraes C""",34936866,MED,34936866,PMC8785211,10.1016/j.celrep.2021.110139,ATAD3A has a scaffolding role regulating mitochondria inner membrane structure and protein assembly.,"Arguello T, Peralta S, Antonicka H, Gaidosh G, Diaz F, Tu YT, Garcia S, Shiekhattar R, Barrientos A, Moraes CT.",,2021,2021-12-01,66,Y,assembly
Moraes C,"((ACCESSION_TYPE:""metabolights"") OR (LABS_PUBS:""1782"")) AND AUTH:""Moraes C""",32694534,MED,32694534,PMC7374592,10.1038/s41467-020-17472-2,Mitochondrial respiration controls neoangiogenesis during wound healing and tumour growth.,"Schiffmann LM, Werthenbach JP, Heintges-Kleinhofer F, Seeger JM, Fritsch M, Günther SD, Willenborg S, Brodesser S, Lucas C, Jüngst C, Albert MC, Schorn F, Witt A, Moraes CT, Bruns CJ, Pasparakis M, Krönke M, Eming SA, Coutelle O, Kashkar H.",,2020,2020-07-21,71,Y,assembly
Latha Gandla M,"((ACCESSION_TYPE:""metabolights"") OR (LABS_PUBS:""1782"")) AND AUTH:""Latha Gandla M""",29298676,MED,29298676,PMC5753437,10.1186/s12864-017-4411-1,A multi-omics approach reveals function of Secretory Carrier-Associated Membrane Proteins in wood formation of​ ​​Populus​​ ​trees.,"Obudulu O, Mähler N, Skotare T, Bygdell J, Abreu IN, Ahnlund M, Latha Gandla M, Petterle A, Moritz T, Hvidsten TR, Jönsson LJ, Wingsle G, Trygg J, Tuominen H.",,2018,2018-01-03,19,Y,Carrier
Petterle A,"((ACCESSION_TYPE:""metabolights"") OR (LABS_PUBS:""1782"")) AND AUTH:""Petterle A""",29298676,MED,29298676,PMC5753437,10.1186/s12864-017-4411-1,A multi-omics approach reveals function of Secretory Carrier-Associated Membrane Proteins in wood formation of​ ​​Populus​​ ​trees.,"Obudulu O, Mähler N, Skotare T, Bygdell J, Abreu IN, Ahnlund M, Latha Gandla M, Petterle A, Moritz T, Hvidsten TR, Jönsson LJ, Wingsle G, Trygg J, Tuominen H.",,2018,2018-01-03,19,Y,Carrier
Schmidt S,"((ACCESSION_TYPE:""metabolights"") OR (LABS_PUBS:""1782"")) AND AUTH:""Schmidt S""",32872268,MED,32872268,PMC7569767,10.3390/metabo10090352,Comparative Lipidomics of Different Yeast Species Associated to <i>Drosophila suzukii</i>.,"Bianchi F, Spitaler U, Robatscher P, Vogel RF, Schmidt S, Eisenstecken D.",,2020,2020-08-28,6,Y,Candida; strain
Martins S,"((ACCESSION_TYPE:""metabolights"") OR (LABS_PUBS:""1782"")) AND AUTH:""Martins S""",35534493,MED,35534493,PMC9085807,10.1038/s41597-022-01264-y,"RA-MAP, molecular immunological landscapes in early rheumatoid arthritis and healthy vaccine recipients.",RA-MAP Consortium.,,2022,2022-05-09,19,Y,vaccine
Yan Z,"((ACCESSION_TYPE:""metabolights"") OR (LABS_PUBS:""1782"")) AND AUTH:""Yan Z""",42025165,MED,42025165,PMC13198249,10.1016/j.xcrm.2026.102765,Nano-granulated zoledronate sensitizes innate immune metabolism to enhance vaccine-induced and antitumor immunity.,"Chen M, Jiao X, Yan Z, Wang Y, Zhang J, Wu Q, Li M, Fan S, Wang Y, Dai W, Zhang H, Wang X, Zhang Q, He B.",,2026,2026-04-22,0,Y,vaccine; antiviral
Yan Z,"((ACCESSION_TYPE:""metabolights"") OR (LABS_PUBS:""1782"")) AND AUTH:""Yan Z""",35451091,MED,35451091,PMC9156967,10.15252/embj.2021110324,TFAM loss induces nuclear actin assembly upon mDia2 malonylation to promote liver cancer metastasis.,"Huang Q, Wu D, Zhao J, Yan Z, Chen L, Guo S, Wang D, Yuan C, Wang Y, Liu X, Xing J.",,2022,2022-04-22,61,N,assembly
Yan Z,"((ACCESSION_TYPE:""metabolights"") OR (LABS_PUBS:""1782"")) AND AUTH:""Yan Z""",36222683,MED,36222683,PMC9769586,10.1128/spectrum.01972-22,Altered Fecal Microbiome and Correlations of the Metabolome with Plasma Metabolites in Dairy Cows with Left Displaced Abomasum.,"Luo Z, Yong K, Luo Q, Du Z, Ma L, Huang Y, Zhou T, Yao X, Shen L, Yu S, Deng J, Ren Z, Zhang Y, Yan Z, Zuo Z, Cao S.",,2022,2022-10-12,18,Y,Microbiome; gut microbiota; microbiota; amplicon sequencing; host; microbe
Liu X,"((ACCESSION_TYPE:""metabolights"") OR (LABS_PUBS:""1782"")) AND AUTH:""Liu X""",40220715,MED,40220715,PMC12013117,10.1016/j.ebiom.2025.105686,Multi-kingdom gut microbiota dysbiosis is associated with the development of pulmonary arterial hypertension.,"Chen Y, Chen Z, Liang L, Li J, Meng L, Yuan W, Xie B, Zhang X, Feng L, Jia Y, Fu Z, Su P, Tong Z, Zhong J, Liu X.",,2025,2025-04-11,10,Y,gut microbiota; bacteria; fungi; metagenomics; microbiota; bacterial; fungal
Liu X,"((ACCESSION_TYPE:""metabolights"") OR (LABS_PUBS:""1782"")) AND AUTH:""Liu X""",41016739,MED,41016739,,10.1111/bph.70209,Oral administration of low-molecular-weight heparin ameliorates colitis by enhancing the gut mucus barrier via microbial tryptophan metabolites.,"Zheng D, Chen S, Feng H, Zhang S, Zhang C, Wang Y, Tan W, Qing Q, Liu L, Liu X, Wang Z, Liang L, Sun J, Chen Y.",,2026,2025-09-28,0,N,gut microbiota; antibiotic; microbiota; Amplicon sequencing; Escherichia; Shigella
Liu X,"((ACCESSION_TYPE:""metabolights"") OR (LABS_PUBS:""1782"")) AND AUTH:""Liu X""",37821210,MED,37821210,,10.1136/bjo-2023-324125,Comparison of intestinal microbes and metabolites in active VKH versus acute anterior uveitis associated with ankylosing spondylitis.,"Li M, Liu M, Wang X, Wei H, Jin S, Liu X.",,2025,2025-02-24,6,N,gut microbiome; Microbiome; Pseudomonas
Liu X,"((ACCESSION_TYPE:""metabolights"") OR (LABS_PUBS:""1782"")) AND AUTH:""Liu X""",41544443,MED,41544443,PMC12830193,10.1016/j.psj.2026.106388,Multi-omics reveals co-regulation of hepatic bile acid metabolism in laying hens by host genetics and the cecal Anaerostipes.,"Yang W, Zhao Y, Liu X, Cai Y, Dai Y, Zhang H, Chen Y, Chen F, Liu F, Sun C, Yang N, Yan W.",,2026,2026-01-04,1,Y,host; gut microbiota; Microbiome
Liu X,"((ACCESSION_TYPE:""metabolights"") OR (LABS_PUBS:""1782"")) AND AUTH:""Liu X""",38321225,MED,38321225,PMC10950786,10.1038/s43587-024-00572-9,"Age-, sex- and proximal-distal-resolved multi-omics identifies regulators of intestinal aging in non-human primates.","Wang X, Luo Y, He S, Lu Y, Gong Y, Gao L, Mao S, Liu X, Jiang N, Pu Q, Du D, Shu Y, Hai S, Li S, Chen HN, Zhao Y, Xie D, Qi S, Lei P, Hu H, Xu H, Zhou ZG, Dong B, Zhang H, Zhang Y, Dai L.",,2024,2024-02-06,34,Y,incidence
Liu X,"((ACCESSION_TYPE:""metabolights"") OR (LABS_PUBS:""1782"")) AND AUTH:""Liu X""",38267428,MED,38267428,PMC10808224,10.1038/s41467-024-44774-6,Lsr2 acts as a cyclic di-GMP receptor that promotes keto-mycolic acid synthesis and biofilm formation in mycobacteria.,"Ling X, Liu X, Wang K, Guo M, Ou Y, Li D, Xiang Y, Zheng J, Hu L, Zhang H, Li W.",,2024,2024-01-24,32,Y,biofilm; bacterial
Liu X,"((ACCESSION_TYPE:""metabolights"") OR (LABS_PUBS:""1782"")) AND AUTH:""Liu X""",39078849,MED,39078849,PMC11315280,10.1371/journal.ppat.1012425,Citrate serves as a signal molecule to modulate carbon metabolism and iron homeostasis in Staphylococcus aureus.,"Chen F, Zhao Q, Yang Z, Chen R, Pan H, Wang Y, Liu H, Cao Q, Gan J, Liu X, Zhang N, Yang CG, Liang H, Lan L.",,2024,2024-07-30,14,Y,Staphylococcus aureus; bacteria; bacterial; virulence; S. aureus; infection
Liu X,"((ACCESSION_TYPE:""metabolights"") OR (LABS_PUBS:""1782"")) AND AUTH:""Liu X""",37585413,MED,37585413,PMC10431649,10.1371/journal.pntd.0011479,The gut microbiota contributes to changes in the host immune response induced by Trichinella spiralis.,"Li C, Liu Y, Liu X, Bai X, Jin X, Xu F, Chen H, Zhang Y, Vallee I, Liu M, Yang Y.",,2023,2023-08-16,12,Y,gut microbiota; host; parasite; zoonotic; infection; worm; Antibiotic; bacterial; microbiota
Liu X,"((ACCESSION_TYPE:""metabolights"") OR (LABS_PUBS:""1782"")) AND AUTH:""Liu X""",37207649,MED,37207649,,10.1016/j.chom.2023.04.018,Airway dysbiosis accelerates lung function decline in chronic obstructive pulmonary disease.,"Liang W, Yang Y, Gong S, Wei M, Ma Y, Feng R, Gao J, Liu X, Tu F, Ma W, Yi X, Liang Z, Wang F, Wang L, Chen D, Shu W, Miller BE, Tal-Singer R, Donaldson GC, Wedzicha JA, Singh D, Singh D, Wilkinson TMA, Brightling CE, Chen R, Zhong N, Wang Z.",,2023,2023-05-18,72,N,microbiota; Staphylococcus aureus; microbiome
Liu X,"((ACCESSION_TYPE:""metabolights"") OR (LABS_PUBS:""1782"")) AND AUTH:""Liu X""",36941428,MED,36941428,,10.1038/s41593-023-01288-6,Lipid-accumulated reactive astrocytes promote disease progression in epilepsy.,"Chen ZP, Wang S, Zhao X, Fang W, Wang Z, Ye H, Wang MJ, Ke L, Huang T, Lv P, Jiang X, Zhang Q, Li L, Xie ST, Zhu JN, Hang C, Chen D, Liu X, Yan C.",,2023,2023-03-20,173,N,subtype
Liu X,"((ACCESSION_TYPE:""metabolights"") OR (LABS_PUBS:""1782"")) AND AUTH:""Liu X""",35590378,MED,35590378,PMC9118806,10.1186/s13071-022-05290-y,Multiple biochemical indices and metabolomics of Clonorchis sinensis provide a novel interpretation of biomarkers.,"Qiu YY, Chang QC, Gao JF, Bao MJ, Luo HT, Song JH, Hong SJ, Mao RF, Sun YY, Chen YY, Liu MY, Wang CR, Liu XL.",,2022,2022-05-19,11,Y,infectious disease; host; pathogen; infection
Liu X,"((ACCESSION_TYPE:""metabolights"") OR (LABS_PUBS:""1782"")) AND AUTH:""Liu X""",35451091,MED,35451091,PMC9156967,10.15252/embj.2021110324,TFAM loss induces nuclear actin assembly upon mDia2 malonylation to promote liver cancer metastasis.,"Huang Q, Wu D, Zhao J, Yan Z, Chen L, Guo S, Wang D, Yuan C, Wang Y, Liu X, Xing J.",,2022,2022-04-22,61,N,assembly
Liu X,"((ACCESSION_TYPE:""metabolights"") OR (LABS_PUBS:""1782"")) AND AUTH:""Liu X""",32241904,MED,32241904,PMC7677483,10.1136/gutjnl-2019-319766,Aberrant gut microbiota alters host metabolome and impacts renal failure in humans and rodents.,"Wang X, Yang S, Li S, Zhao L, Hao Y, Qin J, Zhang L, Zhang C, Bian W, Zuo L, Gao X, Zhu B, Lei XG, Gu Z, Cui W, Xu X, Li Z, Zhu B, Li Y, Chen S, Guo H, Zhang H, Sun J, Zhang M, Hui Y, Zhang X, Liu X, Sun B, Wang L, Qiu Q, Zhang Y, Li X, Liu W, Xue R, Wu H, Shao D, Li J, Zhou Y, Li S, Yang R, Pedersen OB, Yu Z, Ehrlich SD, Ren F.",,2020,2020-04-02,458,Y,gut microbiota; host; microbiome; gut microbiome; Microbiota; antibiotic
Liu X,"((ACCESSION_TYPE:""metabolights"") OR (LABS_PUBS:""1782"")) AND AUTH:""Liu X""",33563986,MED,33563986,PMC7873081,10.1038/s41467-021-21186-4,Salmonella Typhimurium reprograms macrophage metabolism via T3SS effector SopE2 to promote intracellular replication and virulence.,"Jiang L, Wang P, Song X, Zhang H, Ma S, Wang J, Li W, Lv R, Liu X, Ma S, Yan J, Zhou H, Huang D, Cheng Z, Yang C, Feng L, Wang L.",,2021,2021-02-09,184,Y,Salmonella Typhimurium; virulence; systemic infection; host; bacterial
Liu X,"((ACCESSION_TYPE:""metabolights"") OR (LABS_PUBS:""1782"")) AND AUTH:""Liu X""",28552780,MED,28552780,,10.1016/j.molp.2017.05.007,The Genome of Medicinal Plant Macleaya cordata Provides New Insights into Benzylisoquinoline Alkaloids Metabolism.,"Liu X, Liu Y, Huang P, Ma Y, Qing Z, Tang Q, Cao H, Cheng P, Zheng Y, Yuan Z, Zhou Y, Liu J, Tang Z, Zhuo Y, Zhang Y, Yu L, Huang J, Yang P, Peng Q, Zhang J, Jiang W, Zhang Z, Lin K, Ro DK, Chen X, Xiong X, Shang Y, Huang S, Zeng J.",,2017,2017-05-26,102,N,antibiotics; public health
Li S,"((ACCESSION_TYPE:""metabolights"") OR (LABS_PUBS:""1782"")) AND AUTH:""Li S""",41316248,MED,41316248,PMC12763994,10.1186/s12967-025-07443-w,Characterization of the gut virome in patients with nonalcoholic fatty liver disease.,"Wang L, Wang L, Liu M, Yuan Q, Cheng L, Chen H, Mao S, Li S, Yan Q, Xing G, Zheng N.",,2025,2025-11-28,0,Y,virome; gut microbiome; bacterial; viral; host; virus
Li S,"((ACCESSION_TYPE:""metabolights"") OR (LABS_PUBS:""1782"")) AND AUTH:""Li S""",42266460,MED,42266460,PMC13245178,10.1093/ismeco/ycag119,Niacinamide modulation by hemocyanin shapes hemolymph microbial communities in Penaeid shrimp.,"Bao S, Jiang M, Aweya JJ, Zhang Y, Zhao X, Zhao Y, Yang C, Li S, Zheng Z, Zhang Y.",,2026,2026-01-01,0,Y,host; Vibrio; bacterial load; infection; Staphylococcus aureus
Li S,"((ACCESSION_TYPE:""metabolights"") OR (LABS_PUBS:""1782"")) AND AUTH:""Li S""",38321225,MED,38321225,PMC10950786,10.1038/s43587-024-00572-9,"Age-, sex- and proximal-distal-resolved multi-omics identifies regulators of intestinal aging in non-human primates.","Wang X, Luo Y, He S, Lu Y, Gong Y, Gao L, Mao S, Liu X, Jiang N, Pu Q, Du D, Shu Y, Hai S, Li S, Chen HN, Zhao Y, Xie D, Qi S, Lei P, Hu H, Xu H, Zhou ZG, Dong B, Zhang H, Zhang Y, Dai L.",,2024,2024-02-06,34,Y,incidence
Li S,"((ACCESSION_TYPE:""metabolights"") OR (LABS_PUBS:""1782"")) AND AUTH:""Li S""",38007572,MED,38007572,PMC10676405,10.1038/s41467-023-43622-3,Parabacteroides distasonis ameliorates insulin resistance via activation of intestinal GPR109a.,"Sun Y, Nie Q, Zhang S, He H, Zuo S, Chen C, Yang J, Chen H, Hu J, Li S, Cheng J, Zhang B, Zheng Z, Pan S, Huang P, Lian L, Nie S.",,2023,2023-11-25,122,Y,Gut microbiota; case
Li S,"((ACCESSION_TYPE:""metabolights"") OR (LABS_PUBS:""1782"")) AND AUTH:""Li S""",39797569,MED,39797569,PMC11724189,10.1093/database/baae112,HoloFood Data Portal: holo-omic datasets for analysing host-microbiota interactions in animal production.,"Rogers AB, Kale V, Baldi G, Alberdi A, Gilbert MTP, Gupta D, Limborg MT, Li S, Payne T, Petersen B, Rasmussen JA, Richardson L, Finn RD.",,2025,2025-01-01,5,Y,host; microbiota; gut microbiome; viral
Li S,"((ACCESSION_TYPE:""metabolights"") OR (LABS_PUBS:""1782"")) AND AUTH:""Li S""",38403655,MED,38403655,PMC10894479,10.1186/s12967-024-05004-1,Altered gut mycobiome in patients with end-stage renal disease and its correlations with serum and fecal metabolomes.,"Ren Y, Chen L, Guo R, Ma S, Li S, Zhang Y, Jiang H, Shi H, Zhang P.",,2024,2024-02-25,21,Y,mycobiome; fungal; host; Aspergillus fumigatus; Trichophyton
Li S,"((ACCESSION_TYPE:""metabolights"") OR (LABS_PUBS:""1782"")) AND AUTH:""Li S""",35985811,MED,35985811,PMC9664099,10.1136/ard-2022-222871,Stage-specific roles of microbial dysbiosis and metabolic disorders in rheumatoid arthritis.,"Cheng M, Zhao Y, Cui Y, Zhong C, Zha Y, Li S, Cao G, Li M, Zhang L, Ning K, Han J.",,2022,2022-11-10,79,Y,gut microbiome; bacterial; isolation; Escherichia coli
Li S,"((ACCESSION_TYPE:""metabolights"") OR (LABS_PUBS:""1782"")) AND AUTH:""Li S""",32241904,MED,32241904,PMC7677483,10.1136/gutjnl-2019-319766,Aberrant gut microbiota alters host metabolome and impacts renal failure in humans and rodents.,"Wang X, Yang S, Li S, Zhao L, Hao Y, Qin J, Zhang L, Zhang C, Bian W, Zuo L, Gao X, Zhu B, Lei XG, Gu Z, Cui W, Xu X, Li Z, Zhu B, Li Y, Chen S, Guo H, Zhang H, Sun J, Zhang M, Hui Y, Zhang X, Liu X, Sun B, Wang L, Qiu Q, Zhang Y, Li X, Liu W, Xue R, Wu H, Shao D, Li J, Zhou Y, Li S, Yang R, Pedersen OB, Yu Z, Ehrlich SD, Ren F.",,2020,2020-04-02,458,Y,gut microbiota; host; microbiome; gut microbiome; Microbiota; antibiotic
Li S,"((ACCESSION_TYPE:""metabolights"") OR (LABS_PUBS:""1782"")) AND AUTH:""Li S""",34600680,MED,34600680,,10.1016/j.foodres.2021.110678,Dynamic metabolic and transcriptomic profiling reveals the biosynthetic characteristics of hydroxycinnamic acid amides (HCAAs) in sunflower pollen.,"Li S, Yaermaimaiti S, Tian XM, Wang ZW, Xu WJ, Luo J, Kong LY.",,2021,2021-08-31,6,N,virus
Li S,"((ACCESSION_TYPE:""metabolights"") OR (LABS_PUBS:""1782"")) AND AUTH:""Li S""",33077707,MED,33077707,PMC7572474,10.1038/s41467-020-19006-2,Integration of time-series meta-omics data reveals how microbial ecosystems respond to disturbance.,"Herold M, Martínez Arbas S, Narayanasamy S, Sheik AR, Kleine-Borgmann LAK, Lebrun LA, Kunath BJ, Roume H, Bessarab I, Williams RBH, Gillece JD, Schupp JM, Keim PS, Jäger C, Hoopmann MR, Moritz RL, Ye Y, Li S, Tang H, Heintz-Buschart A, May P, Muller EEL, Laczny CC, Wilmes P.",,2020,2020-10-19,74,Y,metagenomics
Li S,"((ACCESSION_TYPE:""metabolights"") OR (LABS_PUBS:""1782"")) AND AUTH:""Li S""",29698924,MED,29698924,PMC6007173,10.1016/j.redox.2018.04.011,Integrative metabolomics and transcriptomics signatures of clinical tolerance to Plasmodium vivax reveal activation of innate cell immunity and T cell signaling.,"Gardinassi LG, Arévalo-Herrera M, Herrera S, Cordy RJ, Tran V, Smith MR, Johnson MS, Chacko B, Liu KH, Darley-Usmar VM, Go YM, MaHPIC Consortium, Jones DP, Galinski MR, Li S.",,2018,2018-04-11,60,Y,Plasmodium vivax; malaria; exposure; Plasmodium; infection
Li S,"((ACCESSION_TYPE:""metabolights"") OR (LABS_PUBS:""1782"")) AND AUTH:""Li S""",34512584,MED,34512584,PMC8430895,10.3389/fmicb.2021.706772,Heat Stress Alters the Intestinal Microbiota and Metabolomic Profiles in Mice.,"Wen C, Li S, Wang J, Zhu Y, Zong X, Wang Y, Jin M.",,2021,2021-08-20,53,Y,Microbiota; bacterium
Li S,"((ACCESSION_TYPE:""metabolights"") OR (LABS_PUBS:""1782"")) AND AUTH:""Li S""",31045574,MED,31045574,PMC6538326,10.1172/jci.insight.125156,Distinct amino acid and lipid perturbations characterize acute versus chronic malaria.,"Cordy RJ, Patrapuvich R, Lili LN, Cabrera-Mora M, Chien JT, Tharp GK, Khadka M, Meyer EV, Lapp SA, Joyner CJ, Garcia A, Banton S, Tran V, Luvira V, Rungin S, Saeseu T, Rachaphaew N, Pakala SB, DeBarry JD, MaHPIC Consortium, Kissinger JC, Ortlund EA, Bosinger SE, Barnwell JW, Jones DP, Uppal K, Li S, Sattabongkot J, Moreno A, Galinski MR.",,2019,2019-05-02,51,N,malaria; public health; host; transmission; Plasmodium; variant; antigen; Plasmodium falciparum; parasite
Zhao W,"((ACCESSION_TYPE:""metabolights"") OR (LABS_PUBS:""1782"")) AND AUTH:""Zhao W""",37750696,MED,37750696,PMC10581225,10.1128/spectrum.02145-23,Gut microbiota-driven regulation of queen bee ovarian metabolism.,"Li W-L, Huang Q, Li J-L, Wu P, Wei B, Li X-J, Tang Q-H, Dong Z-X, Xiong J, Tang H, Zhang J, Zhao C-H, Cao Z, Chen Y, Zhao W-z, Wang K, Guo J.",,2023,2023-09-26,14,Y,Gut microbiota
Yang F,"((ACCESSION_TYPE:""metabolights"") OR (LABS_PUBS:""1782"")) AND AUTH:""Yang F""",37399531,MED,37399531,PMC10427961,10.1093/stcltm/szad036,Short-Term Clinical Response and Changes in the Fecal Microbiota and Metabolite Levels in Patients with Crohn's Disease After Stem Cell Infusions.,"Yang F, Zheng X, Liang W, Ni B, Lu J, Liu Q, Xu R, He Y, Yee Waye MM, Zhang Q, Chen Y, Zou X, Chen W.",,2023,2023-08-01,5,Y,Microbiota; gut microbiota; gut microbiome; bacterial; host
Yang F,"((ACCESSION_TYPE:""metabolights"") OR (LABS_PUBS:""1782"")) AND AUTH:""Yang F""",34190609,MED,34190609,PMC8388829,10.1128/aem.00834-21,"Integrated Analyses of the Gut Microbiota, Intestinal Permeability, and Serum Metabolome Phenotype in Rats with Alcohol Withdrawal Syndrome.","Yang F, Wei J, Shen M, Ding Y, Lu Y, Ishaq HM, Li D, Yan D, Wang Q, Zhang R.",,2021,2021-08-26,19,N,Gut Microbiota; microbiota
Wang M,"((ACCESSION_TYPE:""metabolights"") OR (LABS_PUBS:""1782"")) AND AUTH:""Wang M""",41089307,MED,41089307,PMC12516555,10.1016/j.eehl.2025.100184,Co-exposure of di(2-ethylhexyl) phthalate (DEHP) decreased the submicron plastic stress in soil-plant system.,"Wang Y, Wang F, Xiang L, Liao M, Wang M, Bian Y, Jiang X, Naidu R, Rillig MC, Amelung W.",,2025,2025-09-12,3,Y,exposure; bacterial; variant
Wang M,"((ACCESSION_TYPE:""metabolights"") OR (LABS_PUBS:""1782"")) AND AUTH:""Wang M""",35943267,MED,35943267,PMC9430527,10.1128/spectrum.01542-22,"2<i>E</i>,4<i>E</i>-Decadienoic Acid, a Novel Anti-Oomycete Agent from Coculture of Bacillus subtilis and Trichoderma asperellum.","Zhang XF, Li QY, Wang M, Ma SQ, Zheng YF, Li YQ, Zhao DL, Zhang CS.",,2022,2022-08-09,11,Y,Bacillus; pathogen; microbiome
Wang M,"((ACCESSION_TYPE:""metabolights"") OR (LABS_PUBS:""1782"")) AND AUTH:""Wang M""",35222333,MED,35222333,PMC8866958,10.3389/fmicb.2022.810403,Cell Membrane Remodeling Mediates Polymyxin B Resistance in <i>Klebsiella pneumoniae</i>: An Integrated Proteomics and Metabolomics Study.,"Chen X, Tian J, Luo C, Wang X, Li X, Wang M.",,2022,2022-02-10,14,Y,Klebsiella pneumoniae; carbapenem-resistant; biofilm; Exposure
Wang M,"((ACCESSION_TYPE:""metabolights"") OR (LABS_PUBS:""1782"")) AND AUTH:""Wang M""",37453063,MED,37453063,,10.1016/j.celrep.2023.112798,Spermine is a natural suppressor of AR signaling in castration-resistant prostate cancer.,"Li X, Li F, Ye F, Guo H, Chen W, Jin J, Wang Y, Dai P, Shi H, Tao H, Dang W, Ding Y, Wang M, Jiang H, Chen K, Zhang N, Gao D, Zhang Y, Luo C.",,2023,2023-07-14,14,N,variant
Wang M,"((ACCESSION_TYPE:""metabolights"") OR (LABS_PUBS:""1782"")) AND AUTH:""Wang M""",37409760,MED,37409760,PMC10357401,10.1021/acs.analchem.3c01393,Exposomic Biomonitoring of Polyphenols by Non-Targeted Analysis and Suspect Screening.,"Oesterle I, Pristner M, Berger S, Wang M, Verri Hernandes V, Rompel A, Warth B.",,2023,2023-07-06,17,Y,fungi; exposure
Wang M,"((ACCESSION_TYPE:""metabolights"") OR (LABS_PUBS:""1782"")) AND AUTH:""Wang M""",36941428,MED,36941428,,10.1038/s41593-023-01288-6,Lipid-accumulated reactive astrocytes promote disease progression in epilepsy.,"Chen ZP, Wang S, Zhao X, Fang W, Wang Z, Ye H, Wang MJ, Ke L, Huang T, Lv P, Jiang X, Zhang Q, Li L, Xie ST, Zhu JN, Hang C, Chen D, Liu X, Yan C.",,2023,2023-03-20,173,N,subtype
Wang M,"((ACCESSION_TYPE:""metabolights"") OR (LABS_PUBS:""1782"")) AND AUTH:""Wang M""",36384092,MED,36384092,PMC9729795,10.1016/j.xcrm.2022.100720,"A polyamine-centric, blood-based metabolite panel predictive of poor response to CAR-T cell therapy in large B cell lymphoma.","Fahrmann JF, Saini NY, Chia-Chi C, Irajizad E, Strati P, Nair R, Fayad LE, Ahmed S, Lee HJ, Iyer S, Steiner R, Vykoukal J, Wu R, Dennison JB, Nastoupil L, Jain P, Wang M, Green M, Westin J, Blumenberg V, Davila M, Champlin R, Shpall EJ, Kebriaei P, Flowers CR, Jain M, Jenq R, Stein-Thoeringer CK, Subklewe M, Neelapu SS, Hanash S.",,2022,2022-11-01,10,Y,antigen
Wang M,"((ACCESSION_TYPE:""metabolights"") OR (LABS_PUBS:""1782"")) AND AUTH:""Wang M""",36814581,MED,36814581,PMC9939769,10.3389/fendo.2023.1122709,Effects of Yulin Tong Bu formula on modulating gut microbiota and fecal metabolite interactions in mice with polycystic ovary syndrome.,"Su YN, Wang MJ, Yang JP, Wu XL, Xia M, Bao MH, Ding YB, Feng Q, Fu LJ.",,2023,2023-02-06,33,Y,gut microbiota; antibiotic; microbiota; bacterial
Wang M,"((ACCESSION_TYPE:""metabolights"") OR (LABS_PUBS:""1782"")) AND AUTH:""Wang M""",PPR7031,PPR,,,10.1101/049205,Omics Discovery Index - Discovering and Linking Public ‘Omics’ Datasets,"Perez-Riverol Y, Bai M, da Veiga Leprevost F, Squizzato S, Mi Park Y, Haug K, Carroll AJ, Spalding D, Paschall J, Wang M, del-Toro N, Ternent T, Zhang P, Buso N, Bandeira N, Deutsch EW, Campbell DS, Beavis RC, Salek RM, Nesvizhskii AI, Sansone S, Steinbeck C, Lopez R, Vizcaíno JA, Ping P, Hermjakob H.",,2016,2016-04-18,1,Y,data sharing
Tao Y,"((ACCESSION_TYPE:""metabolights"") OR (LABS_PUBS:""1782"")) AND AUTH:""Tao Y""",35155540,MED,35155540,PMC8833084,10.3389/fnut.2022.822033,A Combined Proteomic and Metabolomic Strategy for Allergens Characterization in Natural and Fermented <i>Brassica napus</i> Bee Pollen.,"Yin S, Tao Y, Jiang Y, Meng L, Zhao L, Xue X, Li Q, Wu L.",,2022,2022-01-28,11,Y,antigenic
Tao Y,"((ACCESSION_TYPE:""metabolights"") OR (LABS_PUBS:""1782"")) AND AUTH:""Tao Y""",34315889,MED,34315889,PMC8316550,10.1038/s41467-021-24482-1,The trans-omics landscape of COVID-19.,"Wu P, Chen D, Ding W, Wu P, Hou H, Bai Y, Zhou Y, Li K, Xiang S, Liu P, Ju J, Guo E, Liu J, Yang B, Fan J, He L, Sun Z, Feng L, Wang J, Wu T, Wang H, Cheng J, Xing H, Meng Y, Li Y, Zhang Y, Luo H, Xie G, Lan X, Tao Y, Li J, Yuan H, Huang K, Sun W, Qian X, Li Z, Huang M, Ding P, Wang H, Qiu J, Wang F, Wang S, Zhu J, Ding X, Chai C, Liang L, Wang X, Luo L, Sun Y, Yang Y, Zhuang Z, Li T, Tian L, Zhang S, Zhu L, Chang A, Chen L, Wu Y, Ma X, Chen F, Ren Y, Xu X, Liu S, Wang J, Yang H, Wang L, Sun C, Ma D, Jin X, Chen G.",,2021,2021-07-27,105,Y,COVID; outbreak; coronavirus
Davoine C,"((ACCESSION_TYPE:""metabolights"") OR (LABS_PUBS:""1782"")) AND AUTH:""Davoine C""",28640868,MED,28640868,PMC5480960,10.1371/journal.pone.0179640,Functional metabolomics as a tool to analyze Mediator function and structure in plants.,"Davoine C, Abreu IN, Khajeh K, Blomberg J, Kidd BN, Kazan K, Schenk PM, Gerber L, Nilsson O, Moritz T, Björklund S.",,2017,2017-06-22,11,Y,exposure; pathogen
Khajeh K,"((ACCESSION_TYPE:""metabolights"") OR (LABS_PUBS:""1782"")) AND AUTH:""Khajeh K""",28640868,MED,28640868,PMC5480960,10.1371/journal.pone.0179640,Functional metabolomics as a tool to analyze Mediator function and structure in plants.,"Davoine C, Abreu IN, Khajeh K, Blomberg J, Kidd BN, Kazan K, Schenk PM, Gerber L, Nilsson O, Moritz T, Björklund S.",,2017,2017-06-22,11,Y,exposure; pathogen
Blomberg J,"((ACCESSION_TYPE:""metabolights"") OR (LABS_PUBS:""1782"")) AND AUTH:""Blomberg J""",28640868,MED,28640868,PMC5480960,10.1371/journal.pone.0179640,Functional metabolomics as a tool to analyze Mediator function and structure in plants.,"Davoine C, Abreu IN, Khajeh K, Blomberg J, Kidd BN, Kazan K, Schenk PM, Gerber L, Nilsson O, Moritz T, Björklund S.",,2017,2017-06-22,11,Y,exposure; pathogen
Kidd BN,"((ACCESSION_TYPE:""metabolights"") OR (LABS_PUBS:""1782"")) AND AUTH:""Kidd BN""",28640868,MED,28640868,PMC5480960,10.1371/journal.pone.0179640,Functional metabolomics as a tool to analyze Mediator function and structure in plants.,"Davoine C, Abreu IN, Khajeh K, Blomberg J, Kidd BN, Kazan K, Schenk PM, Gerber L, Nilsson O, Moritz T, Björklund S.",,2017,2017-06-22,11,Y,exposure; pathogen
Kazan K,"((ACCESSION_TYPE:""metabolights"") OR (LABS_PUBS:""1782"")) AND AUTH:""Kazan K""",28640868,MED,28640868,PMC5480960,10.1371/journal.pone.0179640,Functional metabolomics as a tool to analyze Mediator function and structure in plants.,"Davoine C, Abreu IN, Khajeh K, Blomberg J, Kidd BN, Kazan K, Schenk PM, Gerber L, Nilsson O, Moritz T, Björklund S.",,2017,2017-06-22,11,Y,exposure; pathogen
Schenk PM,"((ACCESSION_TYPE:""metabolights"") OR (LABS_PUBS:""1782"")) AND AUTH:""Schenk PM""",28640868,MED,28640868,PMC5480960,10.1371/journal.pone.0179640,Functional metabolomics as a tool to analyze Mediator function and structure in plants.,"Davoine C, Abreu IN, Khajeh K, Blomberg J, Kidd BN, Kazan K, Schenk PM, Gerber L, Nilsson O, Moritz T, Björklund S.",,2017,2017-06-22,11,Y,exposure; pathogen
Gerber L,"((ACCESSION_TYPE:""metabolights"") OR (LABS_PUBS:""1782"")) AND AUTH:""Gerber L""",28640868,MED,28640868,PMC5480960,10.1371/journal.pone.0179640,Functional metabolomics as a tool to analyze Mediator function and structure in plants.,"Davoine C, Abreu IN, Khajeh K, Blomberg J, Kidd BN, Kazan K, Schenk PM, Gerber L, Nilsson O, Moritz T, Björklund S.",,2017,2017-06-22,11,Y,exposure; pathogen
Björklund S,"((ACCESSION_TYPE:""metabolights"") OR (LABS_PUBS:""1782"")) AND AUTH:""Björklund S""",28640868,MED,28640868,PMC5480960,10.1371/journal.pone.0179640,Functional metabolomics as a tool to analyze Mediator function and structure in plants.,"Davoine C, Abreu IN, Khajeh K, Blomberg J, Kidd BN, Kazan K, Schenk PM, Gerber L, Nilsson O, Moritz T, Björklund S.",,2017,2017-06-22,11,Y,exposure; pathogen
Jin X,"((ACCESSION_TYPE:""metabolights"") OR (LABS_PUBS:""1782"")) AND AUTH:""Jin X""",37585413,MED,37585413,PMC10431649,10.1371/journal.pntd.0011479,The gut microbiota contributes to changes in the host immune response induced by Trichinella spiralis.,"Li C, Liu Y, Liu X, Bai X, Jin X, Xu F, Chen H, Zhang Y, Vallee I, Liu M, Yang Y.",,2023,2023-08-16,12,Y,gut microbiota; host; parasite; zoonotic; infection; worm; Antibiotic; bacterial; microbiota
Jin X,"((ACCESSION_TYPE:""metabolights"") OR (LABS_PUBS:""1782"")) AND AUTH:""Jin X""",34315889,MED,34315889,PMC8316550,10.1038/s41467-021-24482-1,The trans-omics landscape of COVID-19.,"Wu P, Chen D, Ding W, Wu P, Hou H, Bai Y, Zhou Y, Li K, Xiang S, Liu P, Ju J, Guo E, Liu J, Yang B, Fan J, He L, Sun Z, Feng L, Wang J, Wu T, Wang H, Cheng J, Xing H, Meng Y, Li Y, Zhang Y, Luo H, Xie G, Lan X, Tao Y, Li J, Yuan H, Huang K, Sun W, Qian X, Li Z, Huang M, Ding P, Wang H, Qiu J, Wang F, Wang S, Zhu J, Ding X, Chai C, Liang L, Wang X, Luo L, Sun Y, Yang Y, Zhuang Z, Li T, Tian L, Zhang S, Zhu L, Chang A, Chen L, Wu Y, Ma X, Chen F, Ren Y, Xu X, Liu S, Wang J, Yang H, Wang L, Sun C, Ma D, Jin X, Chen G.",,2021,2021-07-27,105,Y,COVID; outbreak; coronavirus
Park S,"((ACCESSION_TYPE:""metabolights"") OR (LABS_PUBS:""1782"")) AND AUTH:""Park S""",34355282,MED,34355282,,10.1007/s11306-021-01826-y,Short-term changes in the serum metabolome after laparoscopic sleeve gastrectomy and Roux-en-Y gastric bypass.,"Lee G, Park YS, Cho C, Lee H, Park J, Park DJ, Lee JH, Lee HJ, Ha TK, Kim YJ, Ryu SW, Han SM, Yoo MW, Park S, Han SU, Heo Y, Jung BH.",,2021,2021-08-05,14,N,gut microbiota
Park S,"((ACCESSION_TYPE:""metabolights"") OR (LABS_PUBS:""1782"")) AND AUTH:""Park S""",36877076,MED,36877076,PMC10100834,10.1128/spectrum.02344-22,Gut Microbial Genes and Metabolism for Methionine and Branched-Chain Amino Acids in Diabetic Nephropathy.,"Kim JE, Nam H, Park JI, Cho H, Lee J, Kim HE, Kim DK, Joo KW, Kim YS, Kim BS, Park S, Lee H.",,2023,2023-03-06,17,Y,gut microbiome; bacterial; gut microbiota
Johansson A,"((ACCESSION_TYPE:""metabolights"") OR (LABS_PUBS:""1782"")) AND AUTH:""Johansson A""",32648607,MED,32648607,,10.1111/nph.16799,A metabolite roadmap of the wood-forming tissue in Populus tremula.,"Abreu IN, Johansson AI, Sokołowska K, Niittylä T, Sundberg B, Hvidsten TR, Street NR, Moritz T.",,2020,2020-08-27,28,N,host
Johansson A,"((ACCESSION_TYPE:""metabolights"") OR (LABS_PUBS:""1782"")) AND AUTH:""Johansson A""",29373578,MED,29373578,PMC5802941,10.1371/journal.pntd.0006215,Diagnostic metabolite biomarkers of chronic typhoid carriage.,"Näsström E, Jonsson P, Johansson A, Dongol S, Karkey A, Basnyat B, Tran Vu Thieu N, Trinh Van T, Thwaites GE, Antti H, Baker S.",,2018,2018-01-26,23,Y,typhoid; Salmonella; bacteria; transmission; public health; endemic; acute infection
Thwaites GE,"((ACCESSION_TYPE:""metabolights"") OR (LABS_PUBS:""1782"")) AND AUTH:""Thwaites GE""",29373578,MED,29373578,PMC5802941,10.1371/journal.pntd.0006215,Diagnostic metabolite biomarkers of chronic typhoid carriage.,"Näsström E, Jonsson P, Johansson A, Dongol S, Karkey A, Basnyat B, Tran Vu Thieu N, Trinh Van T, Thwaites GE, Antti H, Baker S.",,2018,2018-01-26,23,Y,typhoid; Salmonella; bacteria; transmission; public health; endemic; acute infection
Baker S,"((ACCESSION_TYPE:""metabolights"") OR (LABS_PUBS:""1782"")) AND AUTH:""Baker S""",29373578,MED,29373578,PMC5802941,10.1371/journal.pntd.0006215,Diagnostic metabolite biomarkers of chronic typhoid carriage.,"Näsström E, Jonsson P, Johansson A, Dongol S, Karkey A, Basnyat B, Tran Vu Thieu N, Trinh Van T, Thwaites GE, Antti H, Baker S.",,2018,2018-01-26,23,Y,typhoid; Salmonella; bacteria; transmission; public health; endemic; acute infection
Sun X,"((ACCESSION_TYPE:""metabolights"") OR (LABS_PUBS:""1782"")) AND AUTH:""Sun X""",37929962,MED,37929962,PMC10688316,10.1128/jvi.00719-23,<i>Bacillus subtilis</i> partially inhibits African swine fever virus infection <i>in vivo</i> and <i>in vitro</i> based on its metabolites arctiin and genistein interfering with the function of viral topoisomerase II.,"Lv C, Yang J, Zhao L, Zou Z, Kang C, Zhang Q, Wu C, Yang L, Cheng C, Zhao Y, Liao Q, Hu X, Li C, Sun X, Jin M.",,2023,2023-11-06,16,N,Bacillus; swine; virus; infection; viral; vaccines; antiviral
Sun X,"((ACCESSION_TYPE:""metabolights"") OR (LABS_PUBS:""1782"")) AND AUTH:""Sun X""",37735415,MED,37735415,PMC10512658,10.1186/s13287-023-03499-x,Human umbilical cord-derived mesenchymal stem cells ameliorate perioperative neurocognitive disorder by inhibiting inflammatory responses and activating BDNF/TrkB/CREB signaling pathway in aged mice.,"Wei P, Jia M, Kong X, Lyu W, Feng H, Sun X, Li J, Yang JJ.",,2023,2023-09-21,20,Y,exposure
Sun X,"((ACCESSION_TYPE:""metabolights"") OR (LABS_PUBS:""1782"")) AND AUTH:""Sun X""",36044853,MED,36044853,,10.1016/j.celrep.2022.111308,Enterobacter ludwigii protects DSS-induced colitis through choline-mediated immune tolerance.,"Li Q, Sun X, Yu K, Lv J, Miao C, Yang J, Wang S, Fu Z, Sun Y, Zhang H, Zhang ZS, Keller ET, Yao Z, Wang Q.",,2022,2022-08-01,41,N,bacteria; host; bacterial; antibiotic; microbiota
Sun X,"((ACCESSION_TYPE:""metabolights"") OR (LABS_PUBS:""1782"")) AND AUTH:""Sun X""",35922508,MED,35922508,PMC9365697,10.1038/s41586-022-05030-3,Brown-fat-mediated tumour suppression by cold-altered global metabolism.,"Seki T, Yang Y, Sun X, Lim S, Xie S, Guo Z, Xiong W, Kuroda M, Sakaue H, Hosaka K, Jing X, Yoshihara M, Qu L, Li X, Chen Y, Cao Y.",,2022,2022-08-03,222,Y,exposure
Sun X,"((ACCESSION_TYPE:""metabolights"") OR (LABS_PUBS:""1782"")) AND AUTH:""Sun X""",34395523,MED,34395523,PMC8362603,10.3389/fmolb.2021.683671,Dissecting Metabolism of Leaf Nodules in <i>Ardisia crenata</i> and <i>Psychotria punctata</i>.,"Schindler F, Fragner L, Herpell JB, Berger A, Brenner M, Tischler S, Bellaire A, Schönenberger J, Li W, Sun X, Schinnerl J, Brecker L, Weckwerth W.",,2021,2021-07-30,11,Y,microbe; isolation
He L,"((ACCESSION_TYPE:""metabolights"") OR (LABS_PUBS:""1782"")) AND AUTH:""He L""",41732270,MED,41732270,PMC12925244,10.1016/j.isci.2026.114861,Multi-omics and machine learning-based profiling of severity signatures in &lt;i&gt;Mycoplasma pneumoniae&lt;/i&gt; infection in children.,"Li G, Wei Y, Wang W, Hu Z, Yang Q, He L, Gao Y, Lai X.",,2026,2026-01-31,1,Y,Mycoplasma pneumoniae; infection; pneumonia; respiratory infection
He L,"((ACCESSION_TYPE:""metabolights"") OR (LABS_PUBS:""1782"")) AND AUTH:""He L""",40950601,MED,40950601,PMC12425974,10.3389/fmicb.2025.1637383,Combined transcriptome and metabolome analysis reveals the regulatory network of histidine kinase QseC in the two-component system of &lt;i&gt;Glaesserella parasuis&lt;/i&gt;.,"Yan X, Zhou Y, Liu S, Gu C, Xiao W, Zhao M, Yu Z, He L.",,2025,2025-08-29,1,Y,swine; transmission; virulence
He L,"((ACCESSION_TYPE:""metabolights"") OR (LABS_PUBS:""1782"")) AND AUTH:""He L""",35758253,MED,35758253,PMC9235893,10.1080/19490976.2022.2091369,Intestinal accumulation of microbiota-produced succinate caused by loss of microRNAs leads to diarrhea in weanling piglets.,"Zhou X, Liu Y, Xiong X, Chen J, Tang W, He L, Zhang Z, Yin Y, Li F.",,2022,2022-01-01,59,Y,microbiota; Diarrheal disease; microbiome
He L,"((ACCESSION_TYPE:""metabolights"") OR (LABS_PUBS:""1782"")) AND AUTH:""He L""",34315889,MED,34315889,PMC8316550,10.1038/s41467-021-24482-1,The trans-omics landscape of COVID-19.,"Wu P, Chen D, Ding W, Wu P, Hou H, Bai Y, Zhou Y, Li K, Xiang S, Liu P, Ju J, Guo E, Liu J, Yang B, Fan J, He L, Sun Z, Feng L, Wang J, Wu T, Wang H, Cheng J, Xing H, Meng Y, Li Y, Zhang Y, Luo H, Xie G, Lan X, Tao Y, Li J, Yuan H, Huang K, Sun W, Qian X, Li Z, Huang M, Ding P, Wang H, Qiu J, Wang F, Wang S, Zhu J, Ding X, Chai C, Liang L, Wang X, Luo L, Sun Y, Yang Y, Zhuang Z, Li T, Tian L, Zhang S, Zhu L, Chang A, Chen L, Wu Y, Ma X, Chen F, Ren Y, Xu X, Liu S, Wang J, Yang H, Wang L, Sun C, Ma D, Jin X, Chen G.",,2021,2021-07-27,105,Y,COVID; outbreak; coronavirus
He L,"((ACCESSION_TYPE:""metabolights"") OR (LABS_PUBS:""1782"")) AND AUTH:""He L""",32210233,MED,32210233,PMC7093461,10.1038/s41467-020-15270-4,Different regions of synaptic vesicle membrane regulate VAMP2 conformation for the SNARE assembly.,"Wang C, Tu J, Zhang S, Cai B, Liu Z, Hou S, Zhong Q, Hu X, Liu W, Li G, Liu Z, He L, Diao J, Zhu ZJ, Li D, Liu C.",,2020,2020-03-24,49,Y,assembly
He L,"((ACCESSION_TYPE:""metabolights"") OR (LABS_PUBS:""1782"")) AND AUTH:""He L""",30830373,MED,30830373,,10.1007/s11306-018-1387-z,Non-invasive urinary metabolomic profiles discriminate biliary atresia from infantile hepatitis syndrome.,"Li WW, Yang Y, Dai QG, Lin LL, Xie T, He LL, Tao JL, Shan JJ, Wang SC.",,2018,2018-06-21,8,N,hepatitis
Whelan J,"((ACCESSION_TYPE:""metabolights"") OR (LABS_PUBS:""1782"")) AND AUTH:""Whelan J""",32817170,MED,32817170,PMC7573267,10.1074/jbc.ra120.014781,"The genetic origin of evolidine, the first cyclopeptide discovered in plants, and related orbitides.","Fisher MF, Payne CD, Chetty T, Crayn D, Berkowitz O, Whelan J, Rosengren KJ, Mylne JS.",,2020,2020-08-19,15,N,antifungal
Bao D,"((ACCESSION_TYPE:""metabolights"") OR (LABS_PUBS:""1782"")) AND AUTH:""Bao D""",37180171,MED,37180171,PMC10172510,10.3389/fimmu.2023.1181697,Integrative single-cell RNA sequencing and metabolomics decipher the imbalanced lipid-metabolism in maladaptive immune responses during sepsis.,"She H, Tan L, Wang Y, Du Y, Zhou Y, Zhang J, Du Y, Guo N, Wu Z, Li Q, Bao D, Mao Q, Hu Y, Liu L, Li T.",,2023,2023-04-27,41,Y,sepsis; vector
Jia M,"((ACCESSION_TYPE:""metabolights"") OR (LABS_PUBS:""1782"")) AND AUTH:""Jia M""",37735415,MED,37735415,PMC10512658,10.1186/s13287-023-03499-x,Human umbilical cord-derived mesenchymal stem cells ameliorate perioperative neurocognitive disorder by inhibiting inflammatory responses and activating BDNF/TrkB/CREB signaling pathway in aged mice.,"Wei P, Jia M, Kong X, Lyu W, Feng H, Sun X, Li J, Yang JJ.",,2023,2023-09-21,20,Y,exposure
Zhao C,"((ACCESSION_TYPE:""metabolights"") OR (LABS_PUBS:""1782"")) AND AUTH:""Zhao C""",37750696,MED,37750696,PMC10581225,10.1128/spectrum.02145-23,Gut microbiota-driven regulation of queen bee ovarian metabolism.,"Li W-L, Huang Q, Li J-L, Wu P, Wei B, Li X-J, Tang Q-H, Dong Z-X, Xiong J, Tang H, Zhang J, Zhao C-H, Cao Z, Chen Y, Zhao W-z, Wang K, Guo J.",,2023,2023-09-26,14,Y,Gut microbiota
Zhao C,"((ACCESSION_TYPE:""metabolights"") OR (LABS_PUBS:""1782"")) AND AUTH:""Zhao C""",36295858,MED,36295858,PMC9612301,10.3390/metabo12100956,Paeonol Ameliorates Ulcerative Colitis in Mice by Modulating the Gut Microbiota and Metabolites.,"Zheng J, Li H, Zhang P, Yue S, Zhai B, Zou J, Cheng J, Zhao C, Guo D, Wang J.",,2022,2022-10-08,20,Y,Gut Microbiota; microbiota
Zhao C,"((ACCESSION_TYPE:""metabolights"") OR (LABS_PUBS:""1782"")) AND AUTH:""Zhao C""",30618166,MED,30618166,,10.1002/mrd.23102,Identification of amniotic fluid metabolomic and placental transcriptomic changes associated with abnormal development of cloned pig fetuses.,"Ao Z, Li Z, Wang X, Zhao C, Gan Y, Wu X, Zeng F, Shi J, Gu T, Hong L, Zheng E, Liu D, Xu Z, Wu Z, Cai G.",,2019,2019-01-17,16,N,incidence
Cao Y,"((ACCESSION_TYPE:""metabolights"") OR (LABS_PUBS:""1782"")) AND AUTH:""Cao Y""",36482895,MED,36482895,PMC9723241,10.3389/fgene.2022.1021103,Transcript variants of long-chain acyl-CoA synthase 1 have distinct roles in sheep lipid metabolism.,"Cao Y, Yu Y, Zhang L, Liu Y, Zheng K, Wang S, Jin H, Liu L, Cao Y.",,2022,2022-11-22,6,Y,subtype
Cao Y,"((ACCESSION_TYPE:""metabolights"") OR (LABS_PUBS:""1782"")) AND AUTH:""Cao Y""",35922508,MED,35922508,PMC9365697,10.1038/s41586-022-05030-3,Brown-fat-mediated tumour suppression by cold-altered global metabolism.,"Seki T, Yang Y, Sun X, Lim S, Xie S, Guo Z, Xiong W, Kuroda M, Sakaue H, Hosaka K, Jing X, Yoshihara M, Qu L, Li X, Chen Y, Cao Y.",,2022,2022-08-03,222,Y,exposure
Rasmussen J,"((ACCESSION_TYPE:""metabolights"") OR (LABS_PUBS:""1782"")) AND AUTH:""Rasmussen J""",39797569,MED,39797569,PMC11724189,10.1093/database/baae112,HoloFood Data Portal: holo-omic datasets for analysing host-microbiota interactions in animal production.,"Rogers AB, Kale V, Baldi G, Alberdi A, Gilbert MTP, Gupta D, Limborg MT, Li S, Payne T, Petersen B, Rasmussen JA, Richardson L, Finn RD.",,2025,2025-01-01,5,Y,host; microbiota; gut microbiome; viral
Zheng Z,"((ACCESSION_TYPE:""metabolights"") OR (LABS_PUBS:""1782"")) AND AUTH:""Zheng Z""",42266460,MED,42266460,PMC13245178,10.1093/ismeco/ycag119,Niacinamide modulation by hemocyanin shapes hemolymph microbial communities in Penaeid shrimp.,"Bao S, Jiang M, Aweya JJ, Zhang Y, Zhao X, Zhao Y, Yang C, Li S, Zheng Z, Zhang Y.",,2026,2026-01-01,0,Y,host; Vibrio; bacterial load; infection; Staphylococcus aureus
Zheng Z,"((ACCESSION_TYPE:""metabolights"") OR (LABS_PUBS:""1782"")) AND AUTH:""Zheng Z""",38809975,MED,38809975,PMC11804790,10.1126/sciadv.adk5011,Exercise activates interferon response of the liver via Gpld1 to enhance antiviral innate immunity.,"Ren T, He J, Zhang T, Niu A, Yuan Y, Zuo Y, Miao Y, Zhang H, Zang L, Qiao C, Cao X, Yang X, Zheng Z, Xu Y, Wu D, Zheng H.",,2024,2024-05-29,18,Y,antiviral
Zheng Z,"((ACCESSION_TYPE:""metabolights"") OR (LABS_PUBS:""1782"")) AND AUTH:""Zheng Z""",36408242,MED,36408242,PMC9666482,10.3389/fphar.2022.1038188,Mechanism of interventional effect and targets of Zhuyu pill in regulating and suppressing colitis and cholestasis.,"Yu H, Zhang F, Wen Y, Zheng Z, Chen G, Pan Y, Wu P, Ye Q, Han J, Chen X, Liu C, Shen T.",,2022,2022-11-02,5,Y,microorganism; microbiota
Zheng Z,"((ACCESSION_TYPE:""metabolights"") OR (LABS_PUBS:""1782"")) AND AUTH:""Zheng Z""",38007572,MED,38007572,PMC10676405,10.1038/s41467-023-43622-3,Parabacteroides distasonis ameliorates insulin resistance via activation of intestinal GPR109a.,"Sun Y, Nie Q, Zhang S, He H, Zuo S, Chen C, Yang J, Chen H, Hu J, Li S, Cheng J, Zhang B, Zheng Z, Pan S, Huang P, Lian L, Nie S.",,2023,2023-11-25,122,Y,Gut microbiota; case
Zheng Z,"((ACCESSION_TYPE:""metabolights"") OR (LABS_PUBS:""1782"")) AND AUTH:""Zheng Z""",37040763,MED,37040763,,10.1016/j.cmet.2023.03.013,DT-109 ameliorates nonalcoholic steatohepatitis in nonhuman primates.,"Qu P, Rom O, Li K, Jia L, Gao X, Liu Z, Ding S, Zhao M, Wang H, Chen S, Xiong X, Zhao Y, Xue C, Zhao Y, Chu C, Wen B, Finney AC, Zheng Z, Cao W, Zhao J, Bai L, Zhao S, Sun D, Zeng R, Lin J, Liu W, Zheng L, Zhang J, Liu E, Chen YE.",,2023,2023-04-10,60,N,prevalence; metagenomics
Guo Y,"((ACCESSION_TYPE:""metabolights"") OR (LABS_PUBS:""1782"")) AND AUTH:""Guo Y""",41626654,MED,41626654,PMC12862655,10.1002/mbo3.70225,Alterations in Gut Microbiota and Metabolic Profiles in Relapsed or Refractory Lymphoma.,"Guo YY, Xue KJ, Wang L, Wang GG, Zhang TT, Hou SL.",,2026,2026-02-01,1,Y,Gut Microbiota; microbiota; Clostridium; Klebsiella
Guo Y,"((ACCESSION_TYPE:""metabolights"") OR (LABS_PUBS:""1782"")) AND AUTH:""Guo Y""",38837944,MED,38837944,PMC11152177,10.1093/gigascience/giae023,"Mechanisms of hepatic steatosis in chickens: integrated analysis of the host genome, molecular phenomics and gut microbiome.","Sun C, Lan F, Zhou Q, Guo X, Jin J, Wen C, Guo Y, Hou Z, Zheng J, Wu G, Li G, Yan Y, Li J, Ma Q, Yang N.",,2024,2024-01-01,9,Y,host; gut microbiome; microbiota
Guo Y,"((ACCESSION_TYPE:""metabolights"") OR (LABS_PUBS:""1782"")) AND AUTH:""Guo Y""",35900092,MED,35900092,PMC9430964,10.1128/spectrum.01676-22,Interaction between Cervical Microbiota and Host Gene Regulation in Caesarean Section Scar Diverticulum.,"Yang X, Pan X, Li M, Zeng Z, Guo Y, Chen P, Liang X, Chen P, Liu G.",,2022,2022-07-28,14,Y,Microbiota; Host; microbiome; bacteria
Guo Y,"((ACCESSION_TYPE:""metabolights"") OR (LABS_PUBS:""1782"")) AND AUTH:""Guo Y""",29907290,MED,29907290,,10.1016/j.aca.2018.05.001,"Comprehensive evaluation of untargeted metabolomics data processing software in feature detection, quantification and discriminating marker selection.","Li Z, Lu Y, Guo Y, Cao H, Wang Q, Shui W.",,2018,2018-05-04,98,N,case
Chen W,"((ACCESSION_TYPE:""metabolights"") OR (LABS_PUBS:""1782"")) AND AUTH:""Chen W""",41024283,MED,41024283,PMC12481999,10.1186/s13321-025-01095-0,TraceMetrix: a traceable metabolomics interactive analysis platform.,"Chen W, An Y, Chen Z, Luo R, Lu Q, Li C, Zhang C, Huang Q, Chen Q, Zhang L, Yi X, Li Y, Tang H, Zhang G.",,2025,2025-09-29,1,Y,data sharing
Chen W,"((ACCESSION_TYPE:""metabolights"") OR (LABS_PUBS:""1782"")) AND AUTH:""Chen W""",37552767,MED,37552767,PMC11145950,10.1126/scisignal.ade0385,TGF-β uncouples glycolysis and inflammation in macrophages and controls survival during sepsis.,"Gauthier T, Yao C, Dowdy T, Jin W, Lim YJ, Patiño LC, Liu N, Ohlemacher SI, Bynum A, Kazmi R, Bewley CA, Mitrovic M, Martin D, Morell RJ, Eckhaus M, Larion M, Tussiwand R, O'Shea JJ, Chen W.",,2023,2023-08-08,91,N,sepsis; COVID
Chen W,"((ACCESSION_TYPE:""metabolights"") OR (LABS_PUBS:""1782"")) AND AUTH:""Chen W""",37399531,MED,37399531,PMC10427961,10.1093/stcltm/szad036,Short-Term Clinical Response and Changes in the Fecal Microbiota and Metabolite Levels in Patients with Crohn's Disease After Stem Cell Infusions.,"Yang F, Zheng X, Liang W, Ni B, Lu J, Liu Q, Xu R, He Y, Yee Waye MM, Zhang Q, Chen Y, Zou X, Chen W.",,2023,2023-08-01,5,Y,Microbiota; gut microbiota; gut microbiome; bacterial; host
Chen W,"((ACCESSION_TYPE:""metabolights"") OR (LABS_PUBS:""1782"")) AND AUTH:""Chen W""",37453063,MED,37453063,,10.1016/j.celrep.2023.112798,Spermine is a natural suppressor of AR signaling in castration-resistant prostate cancer.,"Li X, Li F, Ye F, Guo H, Chen W, Jin J, Wang Y, Dai P, Shi H, Tao H, Dang W, Ding Y, Wang M, Jiang H, Chen K, Zhang N, Gao D, Zhang Y, Luo C.",,2023,2023-07-14,14,N,variant
