input_author,query,match_count,filtered_count,error
Soronen P,"((ACCESSION_TYPE:""metabolights"") OR (LABS_PUBS:""1782"")) AND AUTH:""Soronen P""",0,0,
Jämtgård S,"((ACCESSION_TYPE:""metabolights"") OR (LABS_PUBS:""1782"")) AND AUTH:""Jämtgård S""",0,0,
Myllymäki M,"((ACCESSION_TYPE:""metabolights"") OR (LABS_PUBS:""1782"")) AND AUTH:""Myllymäki M""",0,0,
Smolander A,"((ACCESSION_TYPE:""metabolights"") OR (LABS_PUBS:""1782"")) AND AUTH:""Smolander A""",0,0,
Vasileiadis GK,"((ACCESSION_TYPE:""metabolights"") OR (LABS_PUBS:""1782"")) AND AUTH:""Vasileiadis GK""",0,0,
Zhang Y,"((ACCESSION_TYPE:""metabolights"") OR (LABS_PUBS:""1782"")) AND AUTH:""Zhang Y""",57,30,
Laudette M,"((ACCESSION_TYPE:""metabolights"") OR (LABS_PUBS:""1782"")) AND AUTH:""Laudette M""",0,0,
Fatima T,"((ACCESSION_TYPE:""metabolights"") OR (LABS_PUBS:""1782"")) AND AUTH:""Fatima T""",0,0,
Hultgård Ekwall AK,"((ACCESSION_TYPE:""metabolights"") OR (LABS_PUBS:""1782"")) AND AUTH:""Hultgård Ekwall AK""",0,0,
Sureshkumar R,"((ACCESSION_TYPE:""metabolights"") OR (LABS_PUBS:""1782"")) AND AUTH:""Sureshkumar R""",0,0,
van Vollenhoven R,"((ACCESSION_TYPE:""metabolights"") OR (LABS_PUBS:""1782"")) AND AUTH:""van Vollenhoven R""",0,0,
Lampa J,"((ACCESSION_TYPE:""metabolights"") OR (LABS_PUBS:""1782"")) AND AUTH:""Lampa J""",0,0,
Gudbjornsson B,"((ACCESSION_TYPE:""metabolights"") OR (LABS_PUBS:""1782"")) AND AUTH:""Gudbjornsson B""",0,0,
Haavardsholm EA,"((ACCESSION_TYPE:""metabolights"") OR (LABS_PUBS:""1782"")) AND AUTH:""Haavardsholm EA""",0,0,
Nordström D,"((ACCESSION_TYPE:""metabolights"") OR (LABS_PUBS:""1782"")) AND AUTH:""Nordström D""",0,0,
Gröndal G,"((ACCESSION_TYPE:""metabolights"") OR (LABS_PUBS:""1782"")) AND AUTH:""Gröndal G""",0,0,
Hørslev-Petersen K,"((ACCESSION_TYPE:""metabolights"") OR (LABS_PUBS:""1782"")) AND AUTH:""Hørslev-Petersen K""",0,0,
Lend K,"((ACCESSION_TYPE:""metabolights"") OR (LABS_PUBS:""1782"")) AND AUTH:""Lend K""",0,0,
Hetland ML,"((ACCESSION_TYPE:""metabolights"") OR (LABS_PUBS:""1782"")) AND AUTH:""Hetland ML""",0,0,
Nurmohamed M,"((ACCESSION_TYPE:""metabolights"") OR (LABS_PUBS:""1782"")) AND AUTH:""Nurmohamed M""",0,0,
Østergaard M,"((ACCESSION_TYPE:""metabolights"") OR (LABS_PUBS:""1782"")) AND AUTH:""Østergaard M""",0,0,
Uhlig T,"((ACCESSION_TYPE:""metabolights"") OR (LABS_PUBS:""1782"")) AND AUTH:""Uhlig T""",0,0,
Sokka-Isler T,"((ACCESSION_TYPE:""metabolights"") OR (LABS_PUBS:""1782"")) AND AUTH:""Sokka-Isler T""",0,0,
Rudin A,"((ACCESSION_TYPE:""metabolights"") OR (LABS_PUBS:""1782"")) AND AUTH:""Rudin A""",0,0,
Borén J,"((ACCESSION_TYPE:""metabolights"") OR (LABS_PUBS:""1782"")) AND AUTH:""Borén J""",0,0,
Guma M,"((ACCESSION_TYPE:""metabolights"") OR (LABS_PUBS:""1782"")) AND AUTH:""Guma M""",0,0,
Maglio C,"((ACCESSION_TYPE:""metabolights"") OR (LABS_PUBS:""1782"")) AND AUTH:""Maglio C""",0,0,
Tronnet S,"((ACCESSION_TYPE:""metabolights"") OR (LABS_PUBS:""1782"")) AND AUTH:""Tronnet S""",0,0,
Pandey V,"((ACCESSION_TYPE:""metabolights"") OR (LABS_PUBS:""1782"")) AND AUTH:""Pandey V""",1,1,
Lloret-Berrocal M,"((ACCESSION_TYPE:""metabolights"") OR (LABS_PUBS:""1782"")) AND AUTH:""Lloret-Berrocal M""",0,0,
Pérez-Del-Pozo M,"((ACCESSION_TYPE:""metabolights"") OR (LABS_PUBS:""1782"")) AND AUTH:""Pérez-Del-Pozo M""",0,0,
Hernández-Ortego C,"((ACCESSION_TYPE:""metabolights"") OR (LABS_PUBS:""1782"")) AND AUTH:""Hernández-Ortego C""",0,0,
Söderholm N,"((ACCESSION_TYPE:""metabolights"") OR (LABS_PUBS:""1782"")) AND AUTH:""Söderholm N""",0,0,
Billker O,"((ACCESSION_TYPE:""metabolights"") OR (LABS_PUBS:""1782"")) AND AUTH:""Billker O""",0,0,
Nordström A,"((ACCESSION_TYPE:""metabolights"") OR (LABS_PUBS:""1782"")) AND AUTH:""Nordström A""",0,0,
Puhar A,"((ACCESSION_TYPE:""metabolights"") OR (LABS_PUBS:""1782"")) AND AUTH:""Puhar A""",0,0,
Liu Y,"((ACCESSION_TYPE:""metabolights"") OR (LABS_PUBS:""1782"")) AND AUTH:""Liu Y""",28,15,
Merino I,"((ACCESSION_TYPE:""metabolights"") OR (LABS_PUBS:""1782"")) AND AUTH:""Merino I""",0,0,
Gutensohn M,"((ACCESSION_TYPE:""metabolights"") OR (LABS_PUBS:""1782"")) AND AUTH:""Gutensohn M""",0,0,
Johansson AI,"((ACCESSION_TYPE:""metabolights"") OR (LABS_PUBS:""1782"")) AND AUTH:""Johansson AI""",1,1,
Johansson K,"((ACCESSION_TYPE:""metabolights"") OR (LABS_PUBS:""1782"")) AND AUTH:""Johansson K""",0,0,
Andersson M,"((ACCESSION_TYPE:""metabolights"") OR (LABS_PUBS:""1782"")) AND AUTH:""Andersson M""",1,0,
Hofvander P,"((ACCESSION_TYPE:""metabolights"") OR (LABS_PUBS:""1782"")) AND AUTH:""Hofvander P""",0,0,
Sitbon F,"((ACCESSION_TYPE:""metabolights"") OR (LABS_PUBS:""1782"")) AND AUTH:""Sitbon F""",0,0,
Ibáñez C,"((ACCESSION_TYPE:""metabolights"") OR (LABS_PUBS:""1782"")) AND AUTH:""Ibáñez C""",0,0,
Vergara A,"((ACCESSION_TYPE:""metabolights"") OR (LABS_PUBS:""1782"")) AND AUTH:""Vergara A""",0,0,
Castro D,"((ACCESSION_TYPE:""metabolights"") OR (LABS_PUBS:""1782"")) AND AUTH:""Castro D""",0,0,
Bascunan-Godoy L,"((ACCESSION_TYPE:""metabolights"") OR (LABS_PUBS:""1782"")) AND AUTH:""Bascunan-Godoy L""",0,0,
Sjölander J,"((ACCESSION_TYPE:""metabolights"") OR (LABS_PUBS:""1782"")) AND AUTH:""Sjölander J""",0,0,
Jurca M,"((ACCESSION_TYPE:""metabolights"") OR (LABS_PUBS:""1782"")) AND AUTH:""Jurca M""",0,0,
Pin PA,"((ACCESSION_TYPE:""metabolights"") OR (LABS_PUBS:""1782"")) AND AUTH:""Pin PA""",0,0,
Nilsson O,"((ACCESSION_TYPE:""metabolights"") OR (LABS_PUBS:""1782"")) AND AUTH:""Nilsson O""",1,1,
Eriksson ME,"((ACCESSION_TYPE:""metabolights"") OR (LABS_PUBS:""1782"")) AND AUTH:""Eriksson ME""",0,0,
Lind T,"((ACCESSION_TYPE:""metabolights"") OR (LABS_PUBS:""1782"")) AND AUTH:""Lind T""",0,0,
Dunder L,"((ACCESSION_TYPE:""metabolights"") OR (LABS_PUBS:""1782"")) AND AUTH:""Dunder L""",0,0,
Lejonklou MH,"((ACCESSION_TYPE:""metabolights"") OR (LABS_PUBS:""1782"")) AND AUTH:""Lejonklou MH""",0,0,
Lind PM,"((ACCESSION_TYPE:""metabolights"") OR (LABS_PUBS:""1782"")) AND AUTH:""Lind PM""",0,0,
Melhus H,"((ACCESSION_TYPE:""metabolights"") OR (LABS_PUBS:""1782"")) AND AUTH:""Melhus H""",0,0,
Lind L,"((ACCESSION_TYPE:""metabolights"") OR (LABS_PUBS:""1782"")) AND AUTH:""Lind L""",6,2,
Campos Pacheco JE,"((ACCESSION_TYPE:""metabolights"") OR (LABS_PUBS:""1782"")) AND AUTH:""Campos Pacheco JE""",0,0,
Davids C,"((ACCESSION_TYPE:""metabolights"") OR (LABS_PUBS:""1782"")) AND AUTH:""Davids C""",0,0,
Yalovenko T,"((ACCESSION_TYPE:""metabolights"") OR (LABS_PUBS:""1782"")) AND AUTH:""Yalovenko T""",0,0,
Näsström E,"((ACCESSION_TYPE:""metabolights"") OR (LABS_PUBS:""1782"")) AND AUTH:""Näsström E""",1,1,
Ahnlund M,"((ACCESSION_TYPE:""metabolights"") OR (LABS_PUBS:""1782"")) AND AUTH:""Ahnlund M""",1,1,
Godaly G,"((ACCESSION_TYPE:""metabolights"") OR (LABS_PUBS:""1782"")) AND AUTH:""Godaly G""",0,0,
Valetti S,"((ACCESSION_TYPE:""metabolights"") OR (LABS_PUBS:""1782"")) AND AUTH:""Valetti S""",0,0,
Gugescu L,"((ACCESSION_TYPE:""metabolights"") OR (LABS_PUBS:""1782"")) AND AUTH:""Gugescu L""",0,0,
Yang Y,"((ACCESSION_TYPE:""metabolights"") OR (LABS_PUBS:""1782"")) AND AUTH:""Yang Y""",22,13,
Kool JF,"((ACCESSION_TYPE:""metabolights"") OR (LABS_PUBS:""1782"")) AND AUTH:""Kool JF""",0,0,
Fyhrquist N,"((ACCESSION_TYPE:""metabolights"") OR (LABS_PUBS:""1782"")) AND AUTH:""Fyhrquist N""",0,0,
Wincent E,"((ACCESSION_TYPE:""metabolights"") OR (LABS_PUBS:""1782"")) AND AUTH:""Wincent E""",0,0,
Alenius H,"((ACCESSION_TYPE:""metabolights"") OR (LABS_PUBS:""1782"")) AND AUTH:""Alenius H""",0,0,
Magnusson TE,"((ACCESSION_TYPE:""metabolights"") OR (LABS_PUBS:""1782"")) AND AUTH:""Magnusson TE""",0,0,
Blackwood SJ,"((ACCESSION_TYPE:""metabolights"") OR (LABS_PUBS:""1782"")) AND AUTH:""Blackwood SJ""",0,0,
Tischer D,"((ACCESSION_TYPE:""metabolights"") OR (LABS_PUBS:""1782"")) AND AUTH:""Tischer D""",0,0,
Strmeň T,"((ACCESSION_TYPE:""metabolights"") OR (LABS_PUBS:""1782"")) AND AUTH:""Strmeň T""",0,0,
Pontén M,"((ACCESSION_TYPE:""metabolights"") OR (LABS_PUBS:""1782"")) AND AUTH:""Pontén M""",0,0,
Edman S,"((ACCESSION_TYPE:""metabolights"") OR (LABS_PUBS:""1782"")) AND AUTH:""Edman S""",0,0,
Horwath O,"((ACCESSION_TYPE:""metabolights"") OR (LABS_PUBS:""1782"")) AND AUTH:""Horwath O""",0,0,
Apró W,"((ACCESSION_TYPE:""metabolights"") OR (LABS_PUBS:""1782"")) AND AUTH:""Apró W""",0,0,
Moberg M,"((ACCESSION_TYPE:""metabolights"") OR (LABS_PUBS:""1782"")) AND AUTH:""Moberg M""",0,0,
Chorell E,"((ACCESSION_TYPE:""metabolights"") OR (LABS_PUBS:""1782"")) AND AUTH:""Chorell E""",0,0,
Katz A,"((ACCESSION_TYPE:""metabolights"") OR (LABS_PUBS:""1782"")) AND AUTH:""Katz A""",0,0,
Obi I,"((ACCESSION_TYPE:""metabolights"") OR (LABS_PUBS:""1782"")) AND AUTH:""Obi I""",0,0,
Sengupta P,"((ACCESSION_TYPE:""metabolights"") OR (LABS_PUBS:""1782"")) AND AUTH:""Sengupta P""",0,0,
Sabouri N,"((ACCESSION_TYPE:""metabolights"") OR (LABS_PUBS:""1782"")) AND AUTH:""Sabouri N""",0,0,
Jonk SM,"((ACCESSION_TYPE:""metabolights"") OR (LABS_PUBS:""1782"")) AND AUTH:""Jonk SM""",0,0,
Nicol A,"((ACCESSION_TYPE:""metabolights"") OR (LABS_PUBS:""1782"")) AND AUTH:""Nicol A""",0,0,
Chrysostomou V,"((ACCESSION_TYPE:""metabolights"") OR (LABS_PUBS:""1782"")) AND AUTH:""Chrysostomou V""",0,0,
Lardner E,"((ACCESSION_TYPE:""metabolights"") OR (LABS_PUBS:""1782"")) AND AUTH:""Lardner E""",0,0,
Yu SC,"((ACCESSION_TYPE:""metabolights"") OR (LABS_PUBS:""1782"")) AND AUTH:""Yu SC""",0,0,
Stålhammar G,"((ACCESSION_TYPE:""metabolights"") OR (LABS_PUBS:""1782"")) AND AUTH:""Stålhammar G""",0,0,
Crowston JG,"((ACCESSION_TYPE:""metabolights"") OR (LABS_PUBS:""1782"")) AND AUTH:""Crowston JG""",0,0,
Tribble JR,"((ACCESSION_TYPE:""metabolights"") OR (LABS_PUBS:""1782"")) AND AUTH:""Tribble JR""",0,0,
Swoboda P,"((ACCESSION_TYPE:""metabolights"") OR (LABS_PUBS:""1782"")) AND AUTH:""Swoboda P""",0,0,
Williams PA,"((ACCESSION_TYPE:""metabolights"") OR (LABS_PUBS:""1782"")) AND AUTH:""Williams PA""",0,0,
Urbancsok J,"((ACCESSION_TYPE:""metabolights"") OR (LABS_PUBS:""1782"")) AND AUTH:""Urbancsok J""",0,0,
Donev EN,"((ACCESSION_TYPE:""metabolights"") OR (LABS_PUBS:""1782"")) AND AUTH:""Donev EN""",0,0,
Derba-Maceluch M,"((ACCESSION_TYPE:""metabolights"") OR (LABS_PUBS:""1782"")) AND AUTH:""Derba-Maceluch M""",0,0,
Sivan P,"((ACCESSION_TYPE:""metabolights"") OR (LABS_PUBS:""1782"")) AND AUTH:""Sivan P""",0,0,
Barbut FR,"((ACCESSION_TYPE:""metabolights"") OR (LABS_PUBS:""1782"")) AND AUTH:""Barbut FR""",0,0,
Mitra M,"((ACCESSION_TYPE:""metabolights"") OR (LABS_PUBS:""1782"")) AND AUTH:""Mitra M""",0,0,
Yassin Z,"((ACCESSION_TYPE:""metabolights"") OR (LABS_PUBS:""1782"")) AND AUTH:""Yassin Z""",0,0,
Cermanová K,"((ACCESSION_TYPE:""metabolights"") OR (LABS_PUBS:""1782"")) AND AUTH:""Cermanová K""",0,0,
Šimura J,"((ACCESSION_TYPE:""metabolights"") OR (LABS_PUBS:""1782"")) AND AUTH:""Šimura J""",0,0,
Karady M,"((ACCESSION_TYPE:""metabolights"") OR (LABS_PUBS:""1782"")) AND AUTH:""Karady M""",0,0,
Scheepers G,"((ACCESSION_TYPE:""metabolights"") OR (LABS_PUBS:""1782"")) AND AUTH:""Scheepers G""",0,0,
Mellerowicz EJ,"((ACCESSION_TYPE:""metabolights"") OR (LABS_PUBS:""1782"")) AND AUTH:""Mellerowicz EJ""",0,0,
García Romañach L,"((ACCESSION_TYPE:""metabolights"") OR (LABS_PUBS:""1782"")) AND AUTH:""García Romañach L""",0,0,
Hedenström M,"((ACCESSION_TYPE:""metabolights"") OR (LABS_PUBS:""1782"")) AND AUTH:""Hedenström M""",0,0,
Gandla ML,"((ACCESSION_TYPE:""metabolights"") OR (LABS_PUBS:""1782"")) AND AUTH:""Gandla ML""",1,0,
Jönsson LJ,"((ACCESSION_TYPE:""metabolights"") OR (LABS_PUBS:""1782"")) AND AUTH:""Jönsson LJ""",2,1,
Vilaplana F,"((ACCESSION_TYPE:""metabolights"") OR (LABS_PUBS:""1782"")) AND AUTH:""Vilaplana F""",0,0,
Burdon FJ,"((ACCESSION_TYPE:""metabolights"") OR (LABS_PUBS:""1782"")) AND AUTH:""Burdon FJ""",0,0,
Sargac J,"((ACCESSION_TYPE:""metabolights"") OR (LABS_PUBS:""1782"")) AND AUTH:""Sargac J""",0,0,
Ramberg E,"((ACCESSION_TYPE:""metabolights"") OR (LABS_PUBS:""1782"")) AND AUTH:""Ramberg E""",0,0,
Popescu C,"((ACCESSION_TYPE:""metabolights"") OR (LABS_PUBS:""1782"")) AND AUTH:""Popescu C""",0,0,
Darmina N,"((ACCESSION_TYPE:""metabolights"") OR (LABS_PUBS:""1782"")) AND AUTH:""Darmina N""",0,0,
Bradu C,"((ACCESSION_TYPE:""metabolights"") OR (LABS_PUBS:""1782"")) AND AUTH:""Bradu C""",0,0,
Forio MAE,"((ACCESSION_TYPE:""metabolights"") OR (LABS_PUBS:""1782"")) AND AUTH:""Forio MAE""",0,0,
Witing F,"((ACCESSION_TYPE:""metabolights"") OR (LABS_PUBS:""1782"")) AND AUTH:""Witing F""",0,0,
Kupilas B,"((ACCESSION_TYPE:""metabolights"") OR (LABS_PUBS:""1782"")) AND AUTH:""Kupilas B""",0,0,
Lau DCP,"((ACCESSION_TYPE:""metabolights"") OR (LABS_PUBS:""1782"")) AND AUTH:""Lau DCP""",0,0,
Volk M,"((ACCESSION_TYPE:""metabolights"") OR (LABS_PUBS:""1782"")) AND AUTH:""Volk M""",0,0,
Rîşnoveanu G,"((ACCESSION_TYPE:""metabolights"") OR (LABS_PUBS:""1782"")) AND AUTH:""Rîşnoveanu G""",0,0,
Goethals P,"((ACCESSION_TYPE:""metabolights"") OR (LABS_PUBS:""1782"")) AND AUTH:""Goethals P""",0,0,
Friberg N,"((ACCESSION_TYPE:""metabolights"") OR (LABS_PUBS:""1782"")) AND AUTH:""Friberg N""",0,0,
Johnson RK,"((ACCESSION_TYPE:""metabolights"") OR (LABS_PUBS:""1782"")) AND AUTH:""Johnson RK""",0,0,
McKie BG,"((ACCESSION_TYPE:""metabolights"") OR (LABS_PUBS:""1782"")) AND AUTH:""McKie BG""",0,0,
Rawshani A,"((ACCESSION_TYPE:""metabolights"") OR (LABS_PUBS:""1782"")) AND AUTH:""Rawshani A""",0,0,
Heiberg MS,"((ACCESSION_TYPE:""metabolights"") OR (LABS_PUBS:""1782"")) AND AUTH:""Heiberg MS""",0,0,
Chubanava S,"((ACCESSION_TYPE:""metabolights"") OR (LABS_PUBS:""1782"")) AND AUTH:""Chubanava S""",0,0,
Karavaeva I,"((ACCESSION_TYPE:""metabolights"") OR (LABS_PUBS:""1782"")) AND AUTH:""Karavaeva I""",0,0,
Ehrlich AM,"((ACCESSION_TYPE:""metabolights"") OR (LABS_PUBS:""1782"")) AND AUTH:""Ehrlich AM""",0,0,
Justicia RM,"((ACCESSION_TYPE:""metabolights"") OR (LABS_PUBS:""1782"")) AND AUTH:""Justicia RM""",0,0,
Basse AL,"((ACCESSION_TYPE:""metabolights"") OR (LABS_PUBS:""1782"")) AND AUTH:""Basse AL""",0,0,
Kulik I,"((ACCESSION_TYPE:""metabolights"") OR (LABS_PUBS:""1782"")) AND AUTH:""Kulik I""",0,0,
Dalbram E,"((ACCESSION_TYPE:""metabolights"") OR (LABS_PUBS:""1782"")) AND AUTH:""Dalbram E""",0,0,
Ahwazi D,"((ACCESSION_TYPE:""metabolights"") OR (LABS_PUBS:""1782"")) AND AUTH:""Ahwazi D""",0,0,
Heaselgrave SR,"((ACCESSION_TYPE:""metabolights"") OR (LABS_PUBS:""1782"")) AND AUTH:""Heaselgrave SR""",0,0,
Trošt K,"((ACCESSION_TYPE:""metabolights"") OR (LABS_PUBS:""1782"")) AND AUTH:""Trošt K""",0,0,
Stocks B,"((ACCESSION_TYPE:""metabolights"") OR (LABS_PUBS:""1782"")) AND AUTH:""Stocks B""",0,0,
Hodek O,"((ACCESSION_TYPE:""metabolights"") OR (LABS_PUBS:""1782"")) AND AUTH:""Hodek O""",0,0,
Rodrigues RN,"((ACCESSION_TYPE:""metabolights"") OR (LABS_PUBS:""1782"")) AND AUTH:""Rodrigues RN""",0,0,
Havelund JF,"((ACCESSION_TYPE:""metabolights"") OR (LABS_PUBS:""1782"")) AND AUTH:""Havelund JF""",0,0,
Schlabs FL,"((ACCESSION_TYPE:""metabolights"") OR (LABS_PUBS:""1782"")) AND AUTH:""Schlabs FL""",0,0,
Larsen S,"((ACCESSION_TYPE:""metabolights"") OR (LABS_PUBS:""1782"")) AND AUTH:""Larsen S""",0,0,
Yonamine CY,"((ACCESSION_TYPE:""metabolights"") OR (LABS_PUBS:""1782"")) AND AUTH:""Yonamine CY""",0,0,
Henriquez-Olguín C,"((ACCESSION_TYPE:""metabolights"") OR (LABS_PUBS:""1782"")) AND AUTH:""Henriquez-Olguín C""",0,0,
Giustarini D,"((ACCESSION_TYPE:""metabolights"") OR (LABS_PUBS:""1782"")) AND AUTH:""Giustarini D""",0,0,
Rossi R,"((ACCESSION_TYPE:""metabolights"") OR (LABS_PUBS:""1782"")) AND AUTH:""Rossi R""",0,0,
Gerhart-Hines Z,"((ACCESSION_TYPE:""metabolights"") OR (LABS_PUBS:""1782"")) AND AUTH:""Gerhart-Hines Z""",0,0,
Moritz T,"((ACCESSION_TYPE:""metabolights"") OR (LABS_PUBS:""1782"")) AND AUTH:""Moritz T""",9,4,
Zierath JR,"((ACCESSION_TYPE:""metabolights"") OR (LABS_PUBS:""1782"")) AND AUTH:""Zierath JR""",0,0,
Sakamoto K,"((ACCESSION_TYPE:""metabolights"") OR (LABS_PUBS:""1782"")) AND AUTH:""Sakamoto K""",0,0,
Jensen TE,"((ACCESSION_TYPE:""metabolights"") OR (LABS_PUBS:""1782"")) AND AUTH:""Jensen TE""",1,0,
Færgeman NJ,"((ACCESSION_TYPE:""metabolights"") OR (LABS_PUBS:""1782"")) AND AUTH:""Færgeman NJ""",0,0,
Lavery GG,"((ACCESSION_TYPE:""metabolights"") OR (LABS_PUBS:""1782"")) AND AUTH:""Lavery GG""",0,0,
Deshmukh AS,"((ACCESSION_TYPE:""metabolights"") OR (LABS_PUBS:""1782"")) AND AUTH:""Deshmukh AS""",0,0,
Treebak JT,"((ACCESSION_TYPE:""metabolights"") OR (LABS_PUBS:""1782"")) AND AUTH:""Treebak JT""",0,0,
Gil-Muñoz F,"((ACCESSION_TYPE:""metabolights"") OR (LABS_PUBS:""1782"")) AND AUTH:""Gil-Muñoz F""",0,0,
Ranade SS,"((ACCESSION_TYPE:""metabolights"") OR (LABS_PUBS:""1782"")) AND AUTH:""Ranade SS""",0,0,
Hayatgheibi H,"((ACCESSION_TYPE:""metabolights"") OR (LABS_PUBS:""1782"")) AND AUTH:""Hayatgheibi H""",0,0,
Niemi J,"((ACCESSION_TYPE:""metabolights"") OR (LABS_PUBS:""1782"")) AND AUTH:""Niemi J""",0,0,
Östlund L,"((ACCESSION_TYPE:""metabolights"") OR (LABS_PUBS:""1782"")) AND AUTH:""Östlund L""",0,0,
García-Gil MR,"((ACCESSION_TYPE:""metabolights"") OR (LABS_PUBS:""1782"")) AND AUTH:""García-Gil MR""",0,0,
Bell KC,"((ACCESSION_TYPE:""metabolights"") OR (LABS_PUBS:""1782"")) AND AUTH:""Bell KC""",0,0,
Karlsson M,"((ACCESSION_TYPE:""metabolights"") OR (LABS_PUBS:""1782"")) AND AUTH:""Karlsson M""",0,0,
Jones BW,"((ACCESSION_TYPE:""metabolights"") OR (LABS_PUBS:""1782"")) AND AUTH:""Jones BW""",0,0,
Moe ØK,"((ACCESSION_TYPE:""metabolights"") OR (LABS_PUBS:""1782"")) AND AUTH:""Moe ØK""",0,0,
Gao Q,"((ACCESSION_TYPE:""metabolights"") OR (LABS_PUBS:""1782"")) AND AUTH:""Gao Q""",4,2,
Geng D,"((ACCESSION_TYPE:""metabolights"") OR (LABS_PUBS:""1782"")) AND AUTH:""Geng D""",0,0,
Jensen E,"((ACCESSION_TYPE:""metabolights"") OR (LABS_PUBS:""1782"")) AND AUTH:""Jensen E""",0,0,
Goll R,"((ACCESSION_TYPE:""metabolights"") OR (LABS_PUBS:""1782"")) AND AUTH:""Goll R""",0,0,
Nestegard O,"((ACCESSION_TYPE:""metabolights"") OR (LABS_PUBS:""1782"")) AND AUTH:""Nestegard O""",0,0,
Gundersen MD,"((ACCESSION_TYPE:""metabolights"") OR (LABS_PUBS:""1782"")) AND AUTH:""Gundersen MD""",0,0,
Florholmen JR,"((ACCESSION_TYPE:""metabolights"") OR (LABS_PUBS:""1782"")) AND AUTH:""Florholmen JR""",0,0,
Ban Z,"((ACCESSION_TYPE:""metabolights"") OR (LABS_PUBS:""1782"")) AND AUTH:""Ban Z""",0,0,
Hou YJ,"((ACCESSION_TYPE:""metabolights"") OR (LABS_PUBS:""1782"")) AND AUTH:""Hou YJ""",0,0,
Ku E,"((ACCESSION_TYPE:""metabolights"") OR (LABS_PUBS:""1782"")) AND AUTH:""Ku E""",0,0,
Zhu Y,"((ACCESSION_TYPE:""metabolights"") OR (LABS_PUBS:""1782"")) AND AUTH:""Zhu Y""",12,9,
Hu Y,"((ACCESSION_TYPE:""metabolights"") OR (LABS_PUBS:""1782"")) AND AUTH:""Hu Y""",6,3,
Karadanaian N,"((ACCESSION_TYPE:""metabolights"") OR (LABS_PUBS:""1782"")) AND AUTH:""Karadanaian N""",0,0,
Zhao Y,"((ACCESSION_TYPE:""metabolights"") OR (LABS_PUBS:""1782"")) AND AUTH:""Zhao Y""",21,15,
Estelle M,"((ACCESSION_TYPE:""metabolights"") OR (LABS_PUBS:""1782"")) AND AUTH:""Estelle M""",0,0,
Xiao Y,"((ACCESSION_TYPE:""metabolights"") OR (LABS_PUBS:""1782"")) AND AUTH:""Xiao Y""",5,3,
Zourelidou M,"((ACCESSION_TYPE:""metabolights"") OR (LABS_PUBS:""1782"")) AND AUTH:""Zourelidou M""",0,0,
Bassukas AEL,"((ACCESSION_TYPE:""metabolights"") OR (LABS_PUBS:""1782"")) AND AUTH:""Bassukas AEL""",0,0,
Weller B,"((ACCESSION_TYPE:""metabolights"") OR (LABS_PUBS:""1782"")) AND AUTH:""Weller B""",0,0,
Janacek DP,"((ACCESSION_TYPE:""metabolights"") OR (LABS_PUBS:""1782"")) AND AUTH:""Janacek DP""",0,0,
Ljung K,"((ACCESSION_TYPE:""metabolights"") OR (LABS_PUBS:""1782"")) AND AUTH:""Ljung K""",0,0,
Hammes UZ,"((ACCESSION_TYPE:""metabolights"") OR (LABS_PUBS:""1782"")) AND AUTH:""Hammes UZ""",0,0,
Li J,"((ACCESSION_TYPE:""metabolights"") OR (LABS_PUBS:""1782"")) AND AUTH:""Li J""",44,28,
Schwechheimer C,"((ACCESSION_TYPE:""metabolights"") OR (LABS_PUBS:""1782"")) AND AUTH:""Schwechheimer C""",0,0,
Badolati I,"((ACCESSION_TYPE:""metabolights"") OR (LABS_PUBS:""1782"")) AND AUTH:""Badolati I""",0,0,
de Jong Y,"((ACCESSION_TYPE:""metabolights"") OR (LABS_PUBS:""1782"")) AND AUTH:""de Jong Y""",0,0,
Uhl C,"((ACCESSION_TYPE:""metabolights"") OR (LABS_PUBS:""1782"")) AND AUTH:""Uhl C""",0,0,
Ullberg J,"((ACCESSION_TYPE:""metabolights"") OR (LABS_PUBS:""1782"")) AND AUTH:""Ullberg J""",0,0,
Joustra M,"((ACCESSION_TYPE:""metabolights"") OR (LABS_PUBS:""1782"")) AND AUTH:""Joustra M""",0,0,
Fagerberg UL,"((ACCESSION_TYPE:""metabolights"") OR (LABS_PUBS:""1782"")) AND AUTH:""Fagerberg UL""",0,0,
Nilsson C,"((ACCESSION_TYPE:""metabolights"") OR (LABS_PUBS:""1782"")) AND AUTH:""Nilsson C""",0,0,
Asarnoj A,"((ACCESSION_TYPE:""metabolights"") OR (LABS_PUBS:""1782"")) AND AUTH:""Asarnoj A""",0,0,
Sverremark-Ekström E,"((ACCESSION_TYPE:""metabolights"") OR (LABS_PUBS:""1782"")) AND AUTH:""Sverremark-Ekström E""",0,0,
Wallin J,"((ACCESSION_TYPE:""metabolights"") OR (LABS_PUBS:""1782"")) AND AUTH:""Wallin J""",0,0,
Forsberg A,"((ACCESSION_TYPE:""metabolights"") OR (LABS_PUBS:""1782"")) AND AUTH:""Forsberg A""",0,0,
Svenningsson P,"((ACCESSION_TYPE:""metabolights"") OR (LABS_PUBS:""1782"")) AND AUTH:""Svenningsson P""",0,0,
Casanova-Sáez R,"((ACCESSION_TYPE:""metabolights"") OR (LABS_PUBS:""1782"")) AND AUTH:""Casanova-Sáez R""",0,0,
Pěnčík A,"((ACCESSION_TYPE:""metabolights"") OR (LABS_PUBS:""1782"")) AND AUTH:""Pěnčík A""",0,0,
Muñoz-Viana R,"((ACCESSION_TYPE:""metabolights"") OR (LABS_PUBS:""1782"")) AND AUTH:""Muñoz-Viana R""",0,0,
Brunoni F,"((ACCESSION_TYPE:""metabolights"") OR (LABS_PUBS:""1782"")) AND AUTH:""Brunoni F""",0,0,
Pinto R,"((ACCESSION_TYPE:""metabolights"") OR (LABS_PUBS:""1782"")) AND AUTH:""Pinto R""",0,0,
Novák O,"((ACCESSION_TYPE:""metabolights"") OR (LABS_PUBS:""1782"")) AND AUTH:""Novák O""",0,0,
Mateo-Bonmatí E,"((ACCESSION_TYPE:""metabolights"") OR (LABS_PUBS:""1782"")) AND AUTH:""Mateo-Bonmatí E""",0,0,
Eriksson A,"((ACCESSION_TYPE:""metabolights"") OR (LABS_PUBS:""1782"")) AND AUTH:""Eriksson A""",0,0,
Richelle A,"((ACCESSION_TYPE:""metabolights"") OR (LABS_PUBS:""1782"")) AND AUTH:""Richelle A""",0,0,
Trygg J,"((ACCESSION_TYPE:""metabolights"") OR (LABS_PUBS:""1782"")) AND AUTH:""Trygg J""",2,1,
Scholze S,"((ACCESSION_TYPE:""metabolights"") OR (LABS_PUBS:""1782"")) AND AUTH:""Scholze S""",0,0,
Pijeaud S,"((ACCESSION_TYPE:""metabolights"") OR (LABS_PUBS:""1782"")) AND AUTH:""Pijeaud S""",0,0,
Antti H,"((ACCESSION_TYPE:""metabolights"") OR (LABS_PUBS:""1782"")) AND AUTH:""Antti H""",1,1,
Zehe C,"((ACCESSION_TYPE:""metabolights"") OR (LABS_PUBS:""1782"")) AND AUTH:""Zehe C""",0,0,
Surowiec I,"((ACCESSION_TYPE:""metabolights"") OR (LABS_PUBS:""1782"")) AND AUTH:""Surowiec I""",0,0,
Jonsson P,"((ACCESSION_TYPE:""metabolights"") OR (LABS_PUBS:""1782"")) AND AUTH:""Jonsson P""",3,1,
Eroli F,"((ACCESSION_TYPE:""metabolights"") OR (LABS_PUBS:""1782"")) AND AUTH:""Eroli F""",0,0,
Johnell K,"((ACCESSION_TYPE:""metabolights"") OR (LABS_PUBS:""1782"")) AND AUTH:""Johnell K""",0,0,
Acararicin Z,"((ACCESSION_TYPE:""metabolights"") OR (LABS_PUBS:""1782"")) AND AUTH:""Acararicin Z""",0,0,
Tsagkogianni C,"((ACCESSION_TYPE:""metabolights"") OR (LABS_PUBS:""1782"")) AND AUTH:""Tsagkogianni C""",0,0,
Zerial S,"((ACCESSION_TYPE:""metabolights"") OR (LABS_PUBS:""1782"")) AND AUTH:""Zerial S""",0,0,
Lancia S,"((ACCESSION_TYPE:""metabolights"") OR (LABS_PUBS:""1782"")) AND AUTH:""Lancia S""",0,0,
Latorre-Leal M,"((ACCESSION_TYPE:""metabolights"") OR (LABS_PUBS:""1782"")) AND AUTH:""Latorre-Leal M""",0,0,
Alanko V,"((ACCESSION_TYPE:""metabolights"") OR (LABS_PUBS:""1782"")) AND AUTH:""Alanko V""",0,0,
Hilmer SN,"((ACCESSION_TYPE:""metabolights"") OR (LABS_PUBS:""1782"")) AND AUTH:""Hilmer SN""",0,0,
Matton A,"((ACCESSION_TYPE:""metabolights"") OR (LABS_PUBS:""1782"")) AND AUTH:""Matton A""",0,0,
Wastesson JW,"((ACCESSION_TYPE:""metabolights"") OR (LABS_PUBS:""1782"")) AND AUTH:""Wastesson JW""",0,0,
Cedazo-Minguez A,"((ACCESSION_TYPE:""metabolights"") OR (LABS_PUBS:""1782"")) AND AUTH:""Cedazo-Minguez A""",0,0,
Maioli S,"((ACCESSION_TYPE:""metabolights"") OR (LABS_PUBS:""1782"")) AND AUTH:""Maioli S""",0,0,
Kokla A,"((ACCESSION_TYPE:""metabolights"") OR (LABS_PUBS:""1782"")) AND AUTH:""Kokla A""",0,0,
Leso M,"((ACCESSION_TYPE:""metabolights"") OR (LABS_PUBS:""1782"")) AND AUTH:""Leso M""",0,0,
Wärdig C,"((ACCESSION_TYPE:""metabolights"") OR (LABS_PUBS:""1782"")) AND AUTH:""Wärdig C""",0,0,
Hayashi M,"((ACCESSION_TYPE:""metabolights"") OR (LABS_PUBS:""1782"")) AND AUTH:""Hayashi M""",0,0,
Nishii N,"((ACCESSION_TYPE:""metabolights"") OR (LABS_PUBS:""1782"")) AND AUTH:""Nishii N""",0,0,
Tsuchiya Y,"((ACCESSION_TYPE:""metabolights"") OR (LABS_PUBS:""1782"")) AND AUTH:""Tsuchiya Y""",0,0,
Melnyk CW,"((ACCESSION_TYPE:""metabolights"") OR (LABS_PUBS:""1782"")) AND AUTH:""Melnyk CW""",0,0,
Buckley S,"((ACCESSION_TYPE:""metabolights"") OR (LABS_PUBS:""1782"")) AND AUTH:""Buckley S""",0,0,
Renzi G,"((ACCESSION_TYPE:""metabolights"") OR (LABS_PUBS:""1782"")) AND AUTH:""Renzi G""",0,0,
Vlassakev I,"((ACCESSION_TYPE:""metabolights"") OR (LABS_PUBS:""1782"")) AND AUTH:""Vlassakev I""",0,0,
Hansen M,"((ACCESSION_TYPE:""metabolights"") OR (LABS_PUBS:""1782"")) AND AUTH:""Hansen M""",1,0,
Higos R,"((ACCESSION_TYPE:""metabolights"") OR (LABS_PUBS:""1782"")) AND AUTH:""Higos R""",0,0,
Lecoutre S,"((ACCESSION_TYPE:""metabolights"") OR (LABS_PUBS:""1782"")) AND AUTH:""Lecoutre S""",0,0,
Elmastas M,"((ACCESSION_TYPE:""metabolights"") OR (LABS_PUBS:""1782"")) AND AUTH:""Elmastas M""",0,0,
Alaeddine LM,"((ACCESSION_TYPE:""metabolights"") OR (LABS_PUBS:""1782"")) AND AUTH:""Alaeddine LM""",0,0,
Frendo-Cumbo S,"((ACCESSION_TYPE:""metabolights"") OR (LABS_PUBS:""1782"")) AND AUTH:""Frendo-Cumbo S""",0,0,
Dahlman I,"((ACCESSION_TYPE:""metabolights"") OR (LABS_PUBS:""1782"")) AND AUTH:""Dahlman I""",0,0,
Kerr A,"((ACCESSION_TYPE:""metabolights"") OR (LABS_PUBS:""1782"")) AND AUTH:""Kerr A""",0,0,
Maqdasy S,"((ACCESSION_TYPE:""metabolights"") OR (LABS_PUBS:""1782"")) AND AUTH:""Maqdasy S""",0,0,
Mejhert N,"((ACCESSION_TYPE:""metabolights"") OR (LABS_PUBS:""1782"")) AND AUTH:""Mejhert N""",0,0,
Rydén M,"((ACCESSION_TYPE:""metabolights"") OR (LABS_PUBS:""1782"")) AND AUTH:""Rydén M""",0,0,
Baş Y,"((ACCESSION_TYPE:""metabolights"") OR (LABS_PUBS:""1782"")) AND AUTH:""Baş Y""",0,0,
Berglund L,"((ACCESSION_TYPE:""metabolights"") OR (LABS_PUBS:""1782"")) AND AUTH:""Berglund L""",0,0,
Stevanic JS,"((ACCESSION_TYPE:""metabolights"") OR (LABS_PUBS:""1782"")) AND AUTH:""Stevanic JS""",0,0,
Niittylä T,"((ACCESSION_TYPE:""metabolights"") OR (LABS_PUBS:""1782"")) AND AUTH:""Niittylä T""",1,1,
Oksman K,"((ACCESSION_TYPE:""metabolights"") OR (LABS_PUBS:""1782"")) AND AUTH:""Oksman K""",0,0,
Miranda-Cervantes A,"((ACCESSION_TYPE:""metabolights"") OR (LABS_PUBS:""1782"")) AND AUTH:""Miranda-Cervantes A""",0,0,
Fritzen AM,"((ACCESSION_TYPE:""metabolights"") OR (LABS_PUBS:""1782"")) AND AUTH:""Fritzen AM""",0,0,
Raun SH,"((ACCESSION_TYPE:""metabolights"") OR (LABS_PUBS:""1782"")) AND AUTH:""Raun SH""",0,0,
Møller LLV,"((ACCESSION_TYPE:""metabolights"") OR (LABS_PUBS:""1782"")) AND AUTH:""Møller LLV""",0,0,
Johann K,"((ACCESSION_TYPE:""metabolights"") OR (LABS_PUBS:""1782"")) AND AUTH:""Johann K""",0,0,
Deisen L,"((ACCESSION_TYPE:""metabolights"") OR (LABS_PUBS:""1782"")) AND AUTH:""Deisen L""",0,0,
Gregorevic P,"((ACCESSION_TYPE:""metabolights"") OR (LABS_PUBS:""1782"")) AND AUTH:""Gregorevic P""",0,0,
Gudiksen A,"((ACCESSION_TYPE:""metabolights"") OR (LABS_PUBS:""1782"")) AND AUTH:""Gudiksen A""",0,0,
Artati A,"((ACCESSION_TYPE:""metabolights"") OR (LABS_PUBS:""1782"")) AND AUTH:""Artati A""",2,0,
Adamski J,"((ACCESSION_TYPE:""metabolights"") OR (LABS_PUBS:""1782"")) AND AUTH:""Adamski J""",2,0,
Andersen NR,"((ACCESSION_TYPE:""metabolights"") OR (LABS_PUBS:""1782"")) AND AUTH:""Andersen NR""",0,0,
Sigvardsen CM,"((ACCESSION_TYPE:""metabolights"") OR (LABS_PUBS:""1782"")) AND AUTH:""Sigvardsen CM""",0,0,
Carl CS,"((ACCESSION_TYPE:""metabolights"") OR (LABS_PUBS:""1782"")) AND AUTH:""Carl CS""",0,0,
Voldstedlund CT,"((ACCESSION_TYPE:""metabolights"") OR (LABS_PUBS:""1782"")) AND AUTH:""Voldstedlund CT""",0,0,
Kjøbsted R,"((ACCESSION_TYPE:""metabolights"") OR (LABS_PUBS:""1782"")) AND AUTH:""Kjøbsted R""",0,0,
Hauck SM,"((ACCESSION_TYPE:""metabolights"") OR (LABS_PUBS:""1782"")) AND AUTH:""Hauck SM""",0,0,
Schjerling P,"((ACCESSION_TYPE:""metabolights"") OR (LABS_PUBS:""1782"")) AND AUTH:""Schjerling P""",0,0,
Cebrian-Serrano A,"((ACCESSION_TYPE:""metabolights"") OR (LABS_PUBS:""1782"")) AND AUTH:""Cebrian-Serrano A""",0,0,
Jähnert M,"((ACCESSION_TYPE:""metabolights"") OR (LABS_PUBS:""1782"")) AND AUTH:""Jähnert M""",0,0,
Gottmann P,"((ACCESSION_TYPE:""metabolights"") OR (LABS_PUBS:""1782"")) AND AUTH:""Gottmann P""",0,0,
Burtscher I,"((ACCESSION_TYPE:""metabolights"") OR (LABS_PUBS:""1782"")) AND AUTH:""Burtscher I""",0,0,
Lickert H,"((ACCESSION_TYPE:""metabolights"") OR (LABS_PUBS:""1782"")) AND AUTH:""Lickert H""",0,0,
Pilegaard H,"((ACCESSION_TYPE:""metabolights"") OR (LABS_PUBS:""1782"")) AND AUTH:""Pilegaard H""",0,0,
Schürmann A,"((ACCESSION_TYPE:""metabolights"") OR (LABS_PUBS:""1782"")) AND AUTH:""Schürmann A""",0,0,
Tschöp MH,"((ACCESSION_TYPE:""metabolights"") OR (LABS_PUBS:""1782"")) AND AUTH:""Tschöp MH""",0,0,
Müller TD,"((ACCESSION_TYPE:""metabolights"") OR (LABS_PUBS:""1782"")) AND AUTH:""Müller TD""",0,0,
Sylow L,"((ACCESSION_TYPE:""metabolights"") OR (LABS_PUBS:""1782"")) AND AUTH:""Sylow L""",0,0,
Kiens B,"((ACCESSION_TYPE:""metabolights"") OR (LABS_PUBS:""1782"")) AND AUTH:""Kiens B""",0,0,
Richter EA,"((ACCESSION_TYPE:""metabolights"") OR (LABS_PUBS:""1782"")) AND AUTH:""Richter EA""",1,0,
Kleinert M,"((ACCESSION_TYPE:""metabolights"") OR (LABS_PUBS:""1782"")) AND AUTH:""Kleinert M""",1,0,
Heinonen SE,"((ACCESSION_TYPE:""metabolights"") OR (LABS_PUBS:""1782"")) AND AUTH:""Heinonen SE""",0,0,
Master ER,"((ACCESSION_TYPE:""metabolights"") OR (LABS_PUBS:""1782"")) AND AUTH:""Master ER""",0,0,
Forte D,"((ACCESSION_TYPE:""metabolights"") OR (LABS_PUBS:""1782"")) AND AUTH:""Forte D""",0,0,
Pellegrino RM,"((ACCESSION_TYPE:""metabolights"") OR (LABS_PUBS:""1782"")) AND AUTH:""Pellegrino RM""",0,0,
Falvo P,"((ACCESSION_TYPE:""metabolights"") OR (LABS_PUBS:""1782"")) AND AUTH:""Falvo P""",0,0,
Garcia-Gonzalez P,"((ACCESSION_TYPE:""metabolights"") OR (LABS_PUBS:""1782"")) AND AUTH:""Garcia-Gonzalez P""",0,0,
Alabed HBR,"((ACCESSION_TYPE:""metabolights"") OR (LABS_PUBS:""1782"")) AND AUTH:""Alabed HBR""",0,0,
Maltoni F,"((ACCESSION_TYPE:""metabolights"") OR (LABS_PUBS:""1782"")) AND AUTH:""Maltoni F""",0,0,
Lombardi D,"((ACCESSION_TYPE:""metabolights"") OR (LABS_PUBS:""1782"")) AND AUTH:""Lombardi D""",0,0,
Bruno S,"((ACCESSION_TYPE:""metabolights"") OR (LABS_PUBS:""1782"")) AND AUTH:""Bruno S""",0,0,
Barone M,"((ACCESSION_TYPE:""metabolights"") OR (LABS_PUBS:""1782"")) AND AUTH:""Barone M""",0,0,
Pasini F,"((ACCESSION_TYPE:""metabolights"") OR (LABS_PUBS:""1782"")) AND AUTH:""Pasini F""",0,0,
Fabbri F,"((ACCESSION_TYPE:""metabolights"") OR (LABS_PUBS:""1782"")) AND AUTH:""Fabbri F""",0,0,
Vannini I,"((ACCESSION_TYPE:""metabolights"") OR (LABS_PUBS:""1782"")) AND AUTH:""Vannini I""",0,0,
Donati B,"((ACCESSION_TYPE:""metabolights"") OR (LABS_PUBS:""1782"")) AND AUTH:""Donati B""",0,0,
Cristiano G,"((ACCESSION_TYPE:""metabolights"") OR (LABS_PUBS:""1782"")) AND AUTH:""Cristiano G""",0,0,
Sartor C,"((ACCESSION_TYPE:""metabolights"") OR (LABS_PUBS:""1782"")) AND AUTH:""Sartor C""",0,0,
Ronzoni S,"((ACCESSION_TYPE:""metabolights"") OR (LABS_PUBS:""1782"")) AND AUTH:""Ronzoni S""",0,0,
Ciarrocchi A,"((ACCESSION_TYPE:""metabolights"") OR (LABS_PUBS:""1782"")) AND AUTH:""Ciarrocchi A""",0,0,
Buratta S,"((ACCESSION_TYPE:""metabolights"") OR (LABS_PUBS:""1782"")) AND AUTH:""Buratta S""",0,0,
Urbanelli L,"((ACCESSION_TYPE:""metabolights"") OR (LABS_PUBS:""1782"")) AND AUTH:""Urbanelli L""",0,0,
Emiliani C,"((ACCESSION_TYPE:""metabolights"") OR (LABS_PUBS:""1782"")) AND AUTH:""Emiliani C""",0,0,
Soverini S,"((ACCESSION_TYPE:""metabolights"") OR (LABS_PUBS:""1782"")) AND AUTH:""Soverini S""",0,0,
Catani L,"((ACCESSION_TYPE:""metabolights"") OR (LABS_PUBS:""1782"")) AND AUTH:""Catani L""",0,0,
Bertolini F,"((ACCESSION_TYPE:""metabolights"") OR (LABS_PUBS:""1782"")) AND AUTH:""Bertolini F""",0,0,
Argüello RJ,"((ACCESSION_TYPE:""metabolights"") OR (LABS_PUBS:""1782"")) AND AUTH:""Argüello RJ""",0,0,
Cavo M,"((ACCESSION_TYPE:""metabolights"") OR (LABS_PUBS:""1782"")) AND AUTH:""Cavo M""",0,0,
Curti A,"((ACCESSION_TYPE:""metabolights"") OR (LABS_PUBS:""1782"")) AND AUTH:""Curti A""",0,0,
Dufil G,"((ACCESSION_TYPE:""metabolights"") OR (LABS_PUBS:""1782"")) AND AUTH:""Dufil G""",0,0,
Pham J,"((ACCESSION_TYPE:""metabolights"") OR (LABS_PUBS:""1782"")) AND AUTH:""Pham J""",0,0,
Diacci C,"((ACCESSION_TYPE:""metabolights"") OR (LABS_PUBS:""1782"")) AND AUTH:""Diacci C""",0,0,
Daguerre Y,"((ACCESSION_TYPE:""metabolights"") OR (LABS_PUBS:""1782"")) AND AUTH:""Daguerre Y""",0,0,
Mantione D,"((ACCESSION_TYPE:""metabolights"") OR (LABS_PUBS:""1782"")) AND AUTH:""Mantione D""",0,0,
Zrig S,"((ACCESSION_TYPE:""metabolights"") OR (LABS_PUBS:""1782"")) AND AUTH:""Zrig S""",0,0,
Näsholm T,"((ACCESSION_TYPE:""metabolights"") OR (LABS_PUBS:""1782"")) AND AUTH:""Näsholm T""",0,0,
Donahue MJ,"((ACCESSION_TYPE:""metabolights"") OR (LABS_PUBS:""1782"")) AND AUTH:""Donahue MJ""",0,0,
Oikonomou VK,"((ACCESSION_TYPE:""metabolights"") OR (LABS_PUBS:""1782"")) AND AUTH:""Oikonomou VK""",0,0,
Noël V,"((ACCESSION_TYPE:""metabolights"") OR (LABS_PUBS:""1782"")) AND AUTH:""Noël V""",0,0,
Piro B,"((ACCESSION_TYPE:""metabolights"") OR (LABS_PUBS:""1782"")) AND AUTH:""Piro B""",0,0,
Stavrinidou E,"((ACCESSION_TYPE:""metabolights"") OR (LABS_PUBS:""1782"")) AND AUTH:""Stavrinidou E""",0,0,
Ilchenko O,"((ACCESSION_TYPE:""metabolights"") OR (LABS_PUBS:""1782"")) AND AUTH:""Ilchenko O""",0,0,
Nikolaevskaya E,"((ACCESSION_TYPE:""metabolights"") OR (LABS_PUBS:""1782"")) AND AUTH:""Nikolaevskaya E""",0,0,
Zinchenko O,"((ACCESSION_TYPE:""metabolights"") OR (LABS_PUBS:""1782"")) AND AUTH:""Zinchenko O""",0,0,
Ivanytsia V,"((ACCESSION_TYPE:""metabolights"") OR (LABS_PUBS:""1782"")) AND AUTH:""Ivanytsia V""",0,0,
Prat-Aymerich C,"((ACCESSION_TYPE:""metabolights"") OR (LABS_PUBS:""1782"")) AND AUTH:""Prat-Aymerich C""",0,0,
Ramstedt M,"((ACCESSION_TYPE:""metabolights"") OR (LABS_PUBS:""1782"")) AND AUTH:""Ramstedt M""",0,0,
Rzhepishevska O,"((ACCESSION_TYPE:""metabolights"") OR (LABS_PUBS:""1782"")) AND AUTH:""Rzhepishevska O""",0,0,
Karlsson ME,"((ACCESSION_TYPE:""metabolights"") OR (LABS_PUBS:""1782"")) AND AUTH:""Karlsson ME""",0,0,
Forsberg G,"((ACCESSION_TYPE:""metabolights"") OR (LABS_PUBS:""1782"")) AND AUTH:""Forsberg G""",0,0,
Rosberg AK,"((ACCESSION_TYPE:""metabolights"") OR (LABS_PUBS:""1782"")) AND AUTH:""Rosberg AK""",0,0,
Thaning C,"((ACCESSION_TYPE:""metabolights"") OR (LABS_PUBS:""1782"")) AND AUTH:""Thaning C""",0,0,
Alsanius B,"((ACCESSION_TYPE:""metabolights"") OR (LABS_PUBS:""1782"")) AND AUTH:""Alsanius B""",0,0,
El Arbi N,"((ACCESSION_TYPE:""metabolights"") OR (LABS_PUBS:""1782"")) AND AUTH:""El Arbi N""",0,0,
Nardeli SM,"((ACCESSION_TYPE:""metabolights"") OR (LABS_PUBS:""1782"")) AND AUTH:""Nardeli SM""",0,0,
Schmid M,"((ACCESSION_TYPE:""metabolights"") OR (LABS_PUBS:""1782"")) AND AUTH:""Schmid M""",0,0,
Vishwakarma K,"((ACCESSION_TYPE:""metabolights"") OR (LABS_PUBS:""1782"")) AND AUTH:""Vishwakarma K""",0,0,
Plett JM,"((ACCESSION_TYPE:""metabolights"") OR (LABS_PUBS:""1782"")) AND AUTH:""Plett JM""",0,0,
Lundberg-Felten J,"((ACCESSION_TYPE:""metabolights"") OR (LABS_PUBS:""1782"")) AND AUTH:""Lundberg-Felten J""",0,0,
Plett KL,"((ACCESSION_TYPE:""metabolights"") OR (LABS_PUBS:""1782"")) AND AUTH:""Plett KL""",0,0,
Ermann Lundberg L,"((ACCESSION_TYPE:""metabolights"") OR (LABS_PUBS:""1782"")) AND AUTH:""Ermann Lundberg L""",0,0,
Mata Forsberg M,"((ACCESSION_TYPE:""metabolights"") OR (LABS_PUBS:""1782"")) AND AUTH:""Mata Forsberg M""",0,0,
Lemanczyk J,"((ACCESSION_TYPE:""metabolights"") OR (LABS_PUBS:""1782"")) AND AUTH:""Lemanczyk J""",0,0,
Sandström C,"((ACCESSION_TYPE:""metabolights"") OR (LABS_PUBS:""1782"")) AND AUTH:""Sandström C""",0,0,
Roos S,"((ACCESSION_TYPE:""metabolights"") OR (LABS_PUBS:""1782"")) AND AUTH:""Roos S""",0,0,
Håkansson S,"((ACCESSION_TYPE:""metabolights"") OR (LABS_PUBS:""1782"")) AND AUTH:""Håkansson S""",0,0,
Borgmästars E,"((ACCESSION_TYPE:""metabolights"") OR (LABS_PUBS:""1782"")) AND AUTH:""Borgmästars E""",0,0,
Ulfenborg B,"((ACCESSION_TYPE:""metabolights"") OR (LABS_PUBS:""1782"")) AND AUTH:""Ulfenborg B""",0,0,
Johansson M,"((ACCESSION_TYPE:""metabolights"") OR (LABS_PUBS:""1782"")) AND AUTH:""Johansson M""",1,1,
Billing O,"((ACCESSION_TYPE:""metabolights"") OR (LABS_PUBS:""1782"")) AND AUTH:""Billing O""",0,0,
Franklin O,"((ACCESSION_TYPE:""metabolights"") OR (LABS_PUBS:""1782"")) AND AUTH:""Franklin O""",0,0,
Lundin C,"((ACCESSION_TYPE:""metabolights"") OR (LABS_PUBS:""1782"")) AND AUTH:""Lundin C""",0,0,
Jacobson S,"((ACCESSION_TYPE:""metabolights"") OR (LABS_PUBS:""1782"")) AND AUTH:""Jacobson S""",0,0,
Simm M,"((ACCESSION_TYPE:""metabolights"") OR (LABS_PUBS:""1782"")) AND AUTH:""Simm M""",0,0,
Lubovac-Pilav Z,"((ACCESSION_TYPE:""metabolights"") OR (LABS_PUBS:""1782"")) AND AUTH:""Lubovac-Pilav Z""",0,0,
Sund M,"((ACCESSION_TYPE:""metabolights"") OR (LABS_PUBS:""1782"")) AND AUTH:""Sund M""",0,0,
Resjö S,"((ACCESSION_TYPE:""metabolights"") OR (LABS_PUBS:""1782"")) AND AUTH:""Resjö S""",0,0,
Willforss J,"((ACCESSION_TYPE:""metabolights"") OR (LABS_PUBS:""1782"")) AND AUTH:""Willforss J""",0,0,
Large A,"((ACCESSION_TYPE:""metabolights"") OR (LABS_PUBS:""1782"")) AND AUTH:""Large A""",0,0,
Siino V,"((ACCESSION_TYPE:""metabolights"") OR (LABS_PUBS:""1782"")) AND AUTH:""Siino V""",0,0,
Alexandersson E,"((ACCESSION_TYPE:""metabolights"") OR (LABS_PUBS:""1782"")) AND AUTH:""Alexandersson E""",0,0,
Levander F,"((ACCESSION_TYPE:""metabolights"") OR (LABS_PUBS:""1782"")) AND AUTH:""Levander F""",0,0,
Andreasson E,"((ACCESSION_TYPE:""metabolights"") OR (LABS_PUBS:""1782"")) AND AUTH:""Andreasson E""",0,0,
Karlsson Ø,"((ACCESSION_TYPE:""metabolights"") OR (LABS_PUBS:""1782"")) AND AUTH:""Karlsson Ø""",0,0,
Govus AD,"((ACCESSION_TYPE:""metabolights"") OR (LABS_PUBS:""1782"")) AND AUTH:""Govus AD""",0,0,
McGawley K,"((ACCESSION_TYPE:""metabolights"") OR (LABS_PUBS:""1782"")) AND AUTH:""McGawley K""",0,0,
Hanstock HG,"((ACCESSION_TYPE:""metabolights"") OR (LABS_PUBS:""1782"")) AND AUTH:""Hanstock HG""",0,0,
Löding S,"((ACCESSION_TYPE:""metabolights"") OR (LABS_PUBS:""1782"")) AND AUTH:""Löding S""",0,0,
Sjöberg RL,"((ACCESSION_TYPE:""metabolights"") OR (LABS_PUBS:""1782"")) AND AUTH:""Sjöberg RL""",0,0,
Melin B,"((ACCESSION_TYPE:""metabolights"") OR (LABS_PUBS:""1782"")) AND AUTH:""Melin B""",0,0,
Björkblom B,"((ACCESSION_TYPE:""metabolights"") OR (LABS_PUBS:""1782"")) AND AUTH:""Björkblom B""",0,0,
Kuchikata H,"((ACCESSION_TYPE:""metabolights"") OR (LABS_PUBS:""1782"")) AND AUTH:""Kuchikata H""",0,0,
Sano M,"((ACCESSION_TYPE:""metabolights"") OR (LABS_PUBS:""1782"")) AND AUTH:""Sano M""",0,0,
Fujiwara F,"((ACCESSION_TYPE:""metabolights"") OR (LABS_PUBS:""1782"")) AND AUTH:""Fujiwara F""",0,0,
Murashima K,"((ACCESSION_TYPE:""metabolights"") OR (LABS_PUBS:""1782"")) AND AUTH:""Murashima K""",0,0,
Kumaishi K,"((ACCESSION_TYPE:""metabolights"") OR (LABS_PUBS:""1782"")) AND AUTH:""Kumaishi K""",0,0,
Narukawa M,"((ACCESSION_TYPE:""metabolights"") OR (LABS_PUBS:""1782"")) AND AUTH:""Narukawa M""",0,0,
Nose Y,"((ACCESSION_TYPE:""metabolights"") OR (LABS_PUBS:""1782"")) AND AUTH:""Nose Y""",0,0,
Kobayashi M,"((ACCESSION_TYPE:""metabolights"") OR (LABS_PUBS:""1782"")) AND AUTH:""Kobayashi M""",5,1,
Hamamoto S,"((ACCESSION_TYPE:""metabolights"") OR (LABS_PUBS:""1782"")) AND AUTH:""Hamamoto S""",0,0,
Kobayashi NI,"((ACCESSION_TYPE:""metabolights"") OR (LABS_PUBS:""1782"")) AND AUTH:""Kobayashi NI""",0,0,
Sugiyama A,"((ACCESSION_TYPE:""metabolights"") OR (LABS_PUBS:""1782"")) AND AUTH:""Sugiyama A""",0,0,
Nihei N,"((ACCESSION_TYPE:""metabolights"") OR (LABS_PUBS:""1782"")) AND AUTH:""Nihei N""",0,0,
Ichihashi Y,"((ACCESSION_TYPE:""metabolights"") OR (LABS_PUBS:""1782"")) AND AUTH:""Ichihashi Y""",0,0,
Kusano M,"((ACCESSION_TYPE:""metabolights"") OR (LABS_PUBS:""1782"")) AND AUTH:""Kusano M""",6,1,
Cimaglia G,"((ACCESSION_TYPE:""metabolights"") OR (LABS_PUBS:""1782"")) AND AUTH:""Cimaglia G""",0,0,
Votruba M,"((ACCESSION_TYPE:""metabolights"") OR (LABS_PUBS:""1782"")) AND AUTH:""Votruba M""",0,0,
Morgan JE,"((ACCESSION_TYPE:""metabolights"") OR (LABS_PUBS:""1782"")) AND AUTH:""Morgan JE""",0,0,
Graça AT,"((ACCESSION_TYPE:""metabolights"") OR (LABS_PUBS:""1782"")) AND AUTH:""Graça AT""",0,0,
Lihavainen J,"((ACCESSION_TYPE:""metabolights"") OR (LABS_PUBS:""1782"")) AND AUTH:""Lihavainen J""",0,0,
Hussein R,"((ACCESSION_TYPE:""metabolights"") OR (LABS_PUBS:""1782"")) AND AUTH:""Hussein R""",0,0,
Schröder WP,"((ACCESSION_TYPE:""metabolights"") OR (LABS_PUBS:""1782"")) AND AUTH:""Schröder WP""",0,0,
Rizo-Roca D,"((ACCESSION_TYPE:""metabolights"") OR (LABS_PUBS:""1782"")) AND AUTH:""Rizo-Roca D""",0,0,
Jalkanen J,"((ACCESSION_TYPE:""metabolights"") OR (LABS_PUBS:""1782"")) AND AUTH:""Jalkanen J""",0,0,
Zhong J,"((ACCESSION_TYPE:""metabolights"") OR (LABS_PUBS:""1782"")) AND AUTH:""Zhong J""",1,1,
Zareifi DS,"((ACCESSION_TYPE:""metabolights"") OR (LABS_PUBS:""1782"")) AND AUTH:""Zareifi DS""",0,0,
Massier L,"((ACCESSION_TYPE:""metabolights"") OR (LABS_PUBS:""1782"")) AND AUTH:""Massier L""",0,0,
Juvany M,"((ACCESSION_TYPE:""metabolights"") OR (LABS_PUBS:""1782"")) AND AUTH:""Juvany M""",0,0,
de Castro Barbosa T,"((ACCESSION_TYPE:""metabolights"") OR (LABS_PUBS:""1782"")) AND AUTH:""de Castro Barbosa T""",0,0,
Omar-Hmeadi M,"((ACCESSION_TYPE:""metabolights"") OR (LABS_PUBS:""1782"")) AND AUTH:""Omar-Hmeadi M""",0,0,
López-Yus M,"((ACCESSION_TYPE:""metabolights"") OR (LABS_PUBS:""1782"")) AND AUTH:""López-Yus M""",0,0,
Merabtene F,"((ACCESSION_TYPE:""metabolights"") OR (LABS_PUBS:""1782"")) AND AUTH:""Merabtene F""",0,0,
Abatan JB,"((ACCESSION_TYPE:""metabolights"") OR (LABS_PUBS:""1782"")) AND AUTH:""Abatan JB""",0,0,
Marcelin G,"((ACCESSION_TYPE:""metabolights"") OR (LABS_PUBS:""1782"")) AND AUTH:""Marcelin G""",0,0,
El Hachem EJ,"((ACCESSION_TYPE:""metabolights"") OR (LABS_PUBS:""1782"")) AND AUTH:""El Hachem EJ""",0,0,
Rouault C,"((ACCESSION_TYPE:""metabolights"") OR (LABS_PUBS:""1782"")) AND AUTH:""Rouault C""",0,0,
Bergo MO,"((ACCESSION_TYPE:""metabolights"") OR (LABS_PUBS:""1782"")) AND AUTH:""Bergo MO""",0,0,
Petrus P,"((ACCESSION_TYPE:""metabolights"") OR (LABS_PUBS:""1782"")) AND AUTH:""Petrus P""",1,0,
Clément K,"((ACCESSION_TYPE:""metabolights"") OR (LABS_PUBS:""1782"")) AND AUTH:""Clément K""",1,1,
Krook A,"((ACCESSION_TYPE:""metabolights"") OR (LABS_PUBS:""1782"")) AND AUTH:""Krook A""",0,0,
Eurén T,"((ACCESSION_TYPE:""metabolights"") OR (LABS_PUBS:""1782"")) AND AUTH:""Eurén T""",0,0,
Gower B,"((ACCESSION_TYPE:""metabolights"") OR (LABS_PUBS:""1782"")) AND AUTH:""Gower B""",0,0,
Steneberg P,"((ACCESSION_TYPE:""metabolights"") OR (LABS_PUBS:""1782"")) AND AUTH:""Steneberg P""",0,0,
Wilson A,"((ACCESSION_TYPE:""metabolights"") OR (LABS_PUBS:""1782"")) AND AUTH:""Wilson A""",0,0,
Edlund H,"((ACCESSION_TYPE:""metabolights"") OR (LABS_PUBS:""1782"")) AND AUTH:""Edlund H""",0,0,
Yan R,"((ACCESSION_TYPE:""metabolights"") OR (LABS_PUBS:""1782"")) AND AUTH:""Yan R""",0,0,
Liu D,"((ACCESSION_TYPE:""metabolights"") OR (LABS_PUBS:""1782"")) AND AUTH:""Liu D""",7,4,
Guo H,"((ACCESSION_TYPE:""metabolights"") OR (LABS_PUBS:""1782"")) AND AUTH:""Guo H""",9,7,
Liu M,"((ACCESSION_TYPE:""metabolights"") OR (LABS_PUBS:""1782"")) AND AUTH:""Liu M""",11,8,
Lv D,"((ACCESSION_TYPE:""metabolights"") OR (LABS_PUBS:""1782"")) AND AUTH:""Lv D""",0,0,
Wu M,"((ACCESSION_TYPE:""metabolights"") OR (LABS_PUBS:""1782"")) AND AUTH:""Wu M""",5,2,
Yu H,"((ACCESSION_TYPE:""metabolights"") OR (LABS_PUBS:""1782"")) AND AUTH:""Yu H""",5,3,
Leng H,"((ACCESSION_TYPE:""metabolights"") OR (LABS_PUBS:""1782"")) AND AUTH:""Leng H""",0,0,
Lu B,"((ACCESSION_TYPE:""metabolights"") OR (LABS_PUBS:""1782"")) AND AUTH:""Lu B""",1,0,
Li Y,"((ACCESSION_TYPE:""metabolights"") OR (LABS_PUBS:""1782"")) AND AUTH:""Li Y""",36,25,
Gao M,"((ACCESSION_TYPE:""metabolights"") OR (LABS_PUBS:""1782"")) AND AUTH:""Gao M""",0,0,
Blom T,"((ACCESSION_TYPE:""metabolights"") OR (LABS_PUBS:""1782"")) AND AUTH:""Blom T""",0,0,
Zhou K,"((ACCESSION_TYPE:""metabolights"") OR (LABS_PUBS:""1782"")) AND AUTH:""Zhou K""",1,1,
Saeed M,"((ACCESSION_TYPE:""metabolights"") OR (LABS_PUBS:""1782"")) AND AUTH:""Saeed M""",0,0,
Masood Quraishi U,"((ACCESSION_TYPE:""metabolights"") OR (LABS_PUBS:""1782"")) AND AUTH:""Masood Quraishi U""",0,0,
Mustafa G,"((ACCESSION_TYPE:""metabolights"") OR (LABS_PUBS:""1782"")) AND AUTH:""Mustafa G""",0,0,
Farooqi A,"((ACCESSION_TYPE:""metabolights"") OR (LABS_PUBS:""1782"")) AND AUTH:""Farooqi A""",0,0,
Greger M,"((ACCESSION_TYPE:""metabolights"") OR (LABS_PUBS:""1782"")) AND AUTH:""Greger M""",0,0,
Naseem Malik R,"((ACCESSION_TYPE:""metabolights"") OR (LABS_PUBS:""1782"")) AND AUTH:""Naseem Malik R""",0,0,
Ibragimov E,"((ACCESSION_TYPE:""metabolights"") OR (LABS_PUBS:""1782"")) AND AUTH:""Ibragimov E""",0,0,
Eriksen EØ,"((ACCESSION_TYPE:""metabolights"") OR (LABS_PUBS:""1782"")) AND AUTH:""Eriksen EØ""",0,0,
Nielsen JP,"((ACCESSION_TYPE:""metabolights"") OR (LABS_PUBS:""1782"")) AND AUTH:""Nielsen JP""",0,0,
Jørgensen CB,"((ACCESSION_TYPE:""metabolights"") OR (LABS_PUBS:""1782"")) AND AUTH:""Jørgensen CB""",0,0,
Fredholm M,"((ACCESSION_TYPE:""metabolights"") OR (LABS_PUBS:""1782"")) AND AUTH:""Fredholm M""",0,0,
Karlskov-Mortensen P,"((ACCESSION_TYPE:""metabolights"") OR (LABS_PUBS:""1782"")) AND AUTH:""Karlskov-Mortensen P""",0,0,
Mishra LS,"((ACCESSION_TYPE:""metabolights"") OR (LABS_PUBS:""1782"")) AND AUTH:""Mishra LS""",0,0,
Cook SD,"((ACCESSION_TYPE:""metabolights"") OR (LABS_PUBS:""1782"")) AND AUTH:""Cook SD""",0,0,
Kushwah S,"((ACCESSION_TYPE:""metabolights"") OR (LABS_PUBS:""1782"")) AND AUTH:""Kushwah S""",0,0,
Isaksson H,"((ACCESSION_TYPE:""metabolights"") OR (LABS_PUBS:""1782"")) AND AUTH:""Isaksson H""",0,0,
Straub IR,"((ACCESSION_TYPE:""metabolights"") OR (LABS_PUBS:""1782"")) AND AUTH:""Straub IR""",0,0,
Abele M,"((ACCESSION_TYPE:""metabolights"") OR (LABS_PUBS:""1782"")) AND AUTH:""Abele M""",0,0,
Mishra S,"((ACCESSION_TYPE:""metabolights"") OR (LABS_PUBS:""1782"")) AND AUTH:""Mishra S""",1,1,
Ludwig C,"((ACCESSION_TYPE:""metabolights"") OR (LABS_PUBS:""1782"")) AND AUTH:""Ludwig C""",5,2,
Libby E,"((ACCESSION_TYPE:""metabolights"") OR (LABS_PUBS:""1782"")) AND AUTH:""Libby E""",0,0,
Funk C,"((ACCESSION_TYPE:""metabolights"") OR (LABS_PUBS:""1782"")) AND AUTH:""Funk C""",0,0,
Ström A,"((ACCESSION_TYPE:""metabolights"") OR (LABS_PUBS:""1782"")) AND AUTH:""Ström A""",0,0,
Stenlund H,"((ACCESSION_TYPE:""metabolights"") OR (LABS_PUBS:""1782"")) AND AUTH:""Stenlund H""",0,0,
Ohlsson B,"((ACCESSION_TYPE:""metabolights"") OR (LABS_PUBS:""1782"")) AND AUTH:""Ohlsson B""",0,0,
Blume-Werry G,"((ACCESSION_TYPE:""metabolights"") OR (LABS_PUBS:""1782"")) AND AUTH:""Blume-Werry G""",0,0,
Semenchuk P,"((ACCESSION_TYPE:""metabolights"") OR (LABS_PUBS:""1782"")) AND AUTH:""Semenchuk P""",0,0,
Milbau A,"((ACCESSION_TYPE:""metabolights"") OR (LABS_PUBS:""1782"")) AND AUTH:""Milbau A""",0,0,
Novak O,"((ACCESSION_TYPE:""metabolights"") OR (LABS_PUBS:""1782"")) AND AUTH:""Novak O""",0,0,
Olofsson J,"((ACCESSION_TYPE:""metabolights"") OR (LABS_PUBS:""1782"")) AND AUTH:""Olofsson J""",0,0,
Kim SY,"((ACCESSION_TYPE:""metabolights"") OR (LABS_PUBS:""1782"")) AND AUTH:""Kim SY""",1,0,
Rasmussen U,"((ACCESSION_TYPE:""metabolights"") OR (LABS_PUBS:""1782"")) AND AUTH:""Rasmussen U""",0,0,
Rydberg S,"((ACCESSION_TYPE:""metabolights"") OR (LABS_PUBS:""1782"")) AND AUTH:""Rydberg S""",0,0,
Muola A,"((ACCESSION_TYPE:""metabolights"") OR (LABS_PUBS:""1782"")) AND AUTH:""Muola A""",0,0,
Birge T,"((ACCESSION_TYPE:""metabolights"") OR (LABS_PUBS:""1782"")) AND AUTH:""Birge T""",0,0,
Helander M,"((ACCESSION_TYPE:""metabolights"") OR (LABS_PUBS:""1782"")) AND AUTH:""Helander M""",0,0,
Mathew S,"((ACCESSION_TYPE:""metabolights"") OR (LABS_PUBS:""1782"")) AND AUTH:""Mathew S""",0,0,
Harazinova V,"((ACCESSION_TYPE:""metabolights"") OR (LABS_PUBS:""1782"")) AND AUTH:""Harazinova V""",0,0,
Saikkonen K,"((ACCESSION_TYPE:""metabolights"") OR (LABS_PUBS:""1782"")) AND AUTH:""Saikkonen K""",0,0,
Fuchs B,"((ACCESSION_TYPE:""metabolights"") OR (LABS_PUBS:""1782"")) AND AUTH:""Fuchs B""",0,0,
Nyström H,"((ACCESSION_TYPE:""metabolights"") OR (LABS_PUBS:""1782"")) AND AUTH:""Nyström H""",0,0,
Öhlund D,"((ACCESSION_TYPE:""metabolights"") OR (LABS_PUBS:""1782"")) AND AUTH:""Öhlund D""",0,0,
Hladík P,"((ACCESSION_TYPE:""metabolights"") OR (LABS_PUBS:""1782"")) AND AUTH:""Hladík P""",0,0,
Jiroutová P,"((ACCESSION_TYPE:""metabolights"") OR (LABS_PUBS:""1782"")) AND AUTH:""Jiroutová P""",0,0,
Antoniadi I,"((ACCESSION_TYPE:""metabolights"") OR (LABS_PUBS:""1782"")) AND AUTH:""Antoniadi I""",0,0,
Bratthäll T,"((ACCESSION_TYPE:""metabolights"") OR (LABS_PUBS:""1782"")) AND AUTH:""Bratthäll T""",0,0,
Figueira J,"((ACCESSION_TYPE:""metabolights"") OR (LABS_PUBS:""1782"")) AND AUTH:""Figueira J""",0,0,
Nording ML,"((ACCESSION_TYPE:""metabolights"") OR (LABS_PUBS:""1782"")) AND AUTH:""Nording ML""",0,0,
Ramström M,"((ACCESSION_TYPE:""metabolights"") OR (LABS_PUBS:""1782"")) AND AUTH:""Ramström M""",0,0,
Holst BS,"((ACCESSION_TYPE:""metabolights"") OR (LABS_PUBS:""1782"")) AND AUTH:""Holst BS""",0,0,
Lindberg R,"((ACCESSION_TYPE:""metabolights"") OR (LABS_PUBS:""1782"")) AND AUTH:""Lindberg R""",0,0,
Sasidharan K,"((ACCESSION_TYPE:""metabolights"") OR (LABS_PUBS:""1782"")) AND AUTH:""Sasidharan K""",0,0,
Caddeo A,"((ACCESSION_TYPE:""metabolights"") OR (LABS_PUBS:""1782"")) AND AUTH:""Caddeo A""",0,0,
Jamialahmadi O,"((ACCESSION_TYPE:""metabolights"") OR (LABS_PUBS:""1782"")) AND AUTH:""Jamialahmadi O""",0,0,
Noto FR,"((ACCESSION_TYPE:""metabolights"") OR (LABS_PUBS:""1782"")) AND AUTH:""Noto FR""",0,0,
Tomasi M,"((ACCESSION_TYPE:""metabolights"") OR (LABS_PUBS:""1782"")) AND AUTH:""Tomasi M""",0,0,
Malvestiti F,"((ACCESSION_TYPE:""metabolights"") OR (LABS_PUBS:""1782"")) AND AUTH:""Malvestiti F""",0,0,
Ciociola E,"((ACCESSION_TYPE:""metabolights"") OR (LABS_PUBS:""1782"")) AND AUTH:""Ciociola E""",0,0,
Tavaglione F,"((ACCESSION_TYPE:""metabolights"") OR (LABS_PUBS:""1782"")) AND AUTH:""Tavaglione F""",0,0,
Mancina RM,"((ACCESSION_TYPE:""metabolights"") OR (LABS_PUBS:""1782"")) AND AUTH:""Mancina RM""",0,0,
Cherubini A,"((ACCESSION_TYPE:""metabolights"") OR (LABS_PUBS:""1782"")) AND AUTH:""Cherubini A""",0,0,
Bianco C,"((ACCESSION_TYPE:""metabolights"") OR (LABS_PUBS:""1782"")) AND AUTH:""Bianco C""",0,0,
Mirarchi A,"((ACCESSION_TYPE:""metabolights"") OR (LABS_PUBS:""1782"")) AND AUTH:""Mirarchi A""",0,0,
Männistö V,"((ACCESSION_TYPE:""metabolights"") OR (LABS_PUBS:""1782"")) AND AUTH:""Männistö V""",0,0,
Pihlajamäki J,"((ACCESSION_TYPE:""metabolights"") OR (LABS_PUBS:""1782"")) AND AUTH:""Pihlajamäki J""",0,0,
Kärjä V,"((ACCESSION_TYPE:""metabolights"") OR (LABS_PUBS:""1782"")) AND AUTH:""Kärjä V""",0,0,
Grimaudo S,"((ACCESSION_TYPE:""metabolights"") OR (LABS_PUBS:""1782"")) AND AUTH:""Grimaudo S""",0,0,
Luukkonen PK,"((ACCESSION_TYPE:""metabolights"") OR (LABS_PUBS:""1782"")) AND AUTH:""Luukkonen PK""",0,0,
Qadri S,"((ACCESSION_TYPE:""metabolights"") OR (LABS_PUBS:""1782"")) AND AUTH:""Qadri S""",0,0,
Yki-Järvinen H,"((ACCESSION_TYPE:""metabolights"") OR (LABS_PUBS:""1782"")) AND AUTH:""Yki-Järvinen H""",1,0,
Petta S,"((ACCESSION_TYPE:""metabolights"") OR (LABS_PUBS:""1782"")) AND AUTH:""Petta S""",0,0,
Manfrini S,"((ACCESSION_TYPE:""metabolights"") OR (LABS_PUBS:""1782"")) AND AUTH:""Manfrini S""",0,0,
Vespasiani-Gentilucci U,"((ACCESSION_TYPE:""metabolights"") OR (LABS_PUBS:""1782"")) AND AUTH:""Vespasiani-Gentilucci U""",0,0,
Bruni V,"((ACCESSION_TYPE:""metabolights"") OR (LABS_PUBS:""1782"")) AND AUTH:""Bruni V""",0,0,
Valenti L,"((ACCESSION_TYPE:""metabolights"") OR (LABS_PUBS:""1782"")) AND AUTH:""Valenti L""",0,0,
Romeo S,"((ACCESSION_TYPE:""metabolights"") OR (LABS_PUBS:""1782"")) AND AUTH:""Romeo S""",0,0,
Reitzner SM,"((ACCESSION_TYPE:""metabolights"") OR (LABS_PUBS:""1782"")) AND AUTH:""Reitzner SM""",0,0,
Emanuelsson EB,"((ACCESSION_TYPE:""metabolights"") OR (LABS_PUBS:""1782"")) AND AUTH:""Emanuelsson EB""",0,0,
Arif M,"((ACCESSION_TYPE:""metabolights"") OR (LABS_PUBS:""1782"")) AND AUTH:""Arif M""",0,0,
Kaczkowski B,"((ACCESSION_TYPE:""metabolights"") OR (LABS_PUBS:""1782"")) AND AUTH:""Kaczkowski B""",0,0,
Kwon AT,"((ACCESSION_TYPE:""metabolights"") OR (LABS_PUBS:""1782"")) AND AUTH:""Kwon AT""",0,0,
Mardinoglu A,"((ACCESSION_TYPE:""metabolights"") OR (LABS_PUBS:""1782"")) AND AUTH:""Mardinoglu A""",0,0,
Arner E,"((ACCESSION_TYPE:""metabolights"") OR (LABS_PUBS:""1782"")) AND AUTH:""Arner E""",0,0,
Chapman MA,"((ACCESSION_TYPE:""metabolights"") OR (LABS_PUBS:""1782"")) AND AUTH:""Chapman MA""",0,0,
Sundberg CJ,"((ACCESSION_TYPE:""metabolights"") OR (LABS_PUBS:""1782"")) AND AUTH:""Sundberg CJ""",0,0,
Rönn T,"((ACCESSION_TYPE:""metabolights"") OR (LABS_PUBS:""1782"")) AND AUTH:""Rönn T""",0,0,
Ofori JK,"((ACCESSION_TYPE:""metabolights"") OR (LABS_PUBS:""1782"")) AND AUTH:""Ofori JK""",0,0,
Perfilyev A,"((ACCESSION_TYPE:""metabolights"") OR (LABS_PUBS:""1782"")) AND AUTH:""Perfilyev A""",0,0,
Hamilton A,"((ACCESSION_TYPE:""metabolights"") OR (LABS_PUBS:""1782"")) AND AUTH:""Hamilton A""",0,0,
Pircs K,"((ACCESSION_TYPE:""metabolights"") OR (LABS_PUBS:""1782"")) AND AUTH:""Pircs K""",0,0,
Eichelmann F,"((ACCESSION_TYPE:""metabolights"") OR (LABS_PUBS:""1782"")) AND AUTH:""Eichelmann F""",0,0,
Garcia-Calzon S,"((ACCESSION_TYPE:""metabolights"") OR (LABS_PUBS:""1782"")) AND AUTH:""Garcia-Calzon S""",0,0,
Karagiannopoulos A,"((ACCESSION_TYPE:""metabolights"") OR (LABS_PUBS:""1782"")) AND AUTH:""Karagiannopoulos A""",0,0,
Wendt A,"((ACCESSION_TYPE:""metabolights"") OR (LABS_PUBS:""1782"")) AND AUTH:""Wendt A""",0,0,
Volkov P,"((ACCESSION_TYPE:""metabolights"") OR (LABS_PUBS:""1782"")) AND AUTH:""Volkov P""",0,0,
Schulze MB,"((ACCESSION_TYPE:""metabolights"") OR (LABS_PUBS:""1782"")) AND AUTH:""Schulze MB""",0,0,
Mulder H,"((ACCESSION_TYPE:""metabolights"") OR (LABS_PUBS:""1782"")) AND AUTH:""Mulder H""",0,0,
Eliasson L,"((ACCESSION_TYPE:""metabolights"") OR (LABS_PUBS:""1782"")) AND AUTH:""Eliasson L""",0,0,
Ruhrmann S,"((ACCESSION_TYPE:""metabolights"") OR (LABS_PUBS:""1782"")) AND AUTH:""Ruhrmann S""",0,0,
Bacos K,"((ACCESSION_TYPE:""metabolights"") OR (LABS_PUBS:""1782"")) AND AUTH:""Bacos K""",0,0,
Ling C,"((ACCESSION_TYPE:""metabolights"") OR (LABS_PUBS:""1782"")) AND AUTH:""Ling C""",0,0,
Skalický V,"((ACCESSION_TYPE:""metabolights"") OR (LABS_PUBS:""1782"")) AND AUTH:""Skalický V""",0,0,
Chamrád I,"((ACCESSION_TYPE:""metabolights"") OR (LABS_PUBS:""1782"")) AND AUTH:""Chamrád I""",0,0,
Lenobel R,"((ACCESSION_TYPE:""metabolights"") OR (LABS_PUBS:""1782"")) AND AUTH:""Lenobel R""",0,0,
Kubeš MF,"((ACCESSION_TYPE:""metabolights"") OR (LABS_PUBS:""1782"")) AND AUTH:""Kubeš MF""",0,0,
Zatloukal M,"((ACCESSION_TYPE:""metabolights"") OR (LABS_PUBS:""1782"")) AND AUTH:""Zatloukal M""",0,0,
Žukauskaitė A,"((ACCESSION_TYPE:""metabolights"") OR (LABS_PUBS:""1782"")) AND AUTH:""Žukauskaitė A""",0,0,
Strnad M,"((ACCESSION_TYPE:""metabolights"") OR (LABS_PUBS:""1782"")) AND AUTH:""Strnad M""",1,1,
van Zalen E,"((ACCESSION_TYPE:""metabolights"") OR (LABS_PUBS:""1782"")) AND AUTH:""van Zalen E""",0,0,
Winestrand S,"((ACCESSION_TYPE:""metabolights"") OR (LABS_PUBS:""1782"")) AND AUTH:""Winestrand S""",0,0,
Delhomme N,"((ACCESSION_TYPE:""metabolights"") OR (LABS_PUBS:""1782"")) AND AUTH:""Delhomme N""",0,0,
Street NR,"((ACCESSION_TYPE:""metabolights"") OR (LABS_PUBS:""1782"")) AND AUTH:""Street NR""",1,1,
Dash L,"((ACCESSION_TYPE:""metabolights"") OR (LABS_PUBS:""1782"")) AND AUTH:""Dash L""",0,0,
Swaminathan S,"((ACCESSION_TYPE:""metabolights"") OR (LABS_PUBS:""1782"")) AND AUTH:""Swaminathan S""",0,0,
Gonzales CLP,"((ACCESSION_TYPE:""metabolights"") OR (LABS_PUBS:""1782"")) AND AUTH:""Gonzales CLP""",0,0,
Montes C,"((ACCESSION_TYPE:""metabolights"") OR (LABS_PUBS:""1782"")) AND AUTH:""Montes C""",0,0,
Solanki N,"((ACCESSION_TYPE:""metabolights"") OR (LABS_PUBS:""1782"")) AND AUTH:""Solanki N""",0,0,
Mejia L,"((ACCESSION_TYPE:""metabolights"") OR (LABS_PUBS:""1782"")) AND AUTH:""Mejia L""",0,0,
Zabotina OA,"((ACCESSION_TYPE:""metabolights"") OR (LABS_PUBS:""1782"")) AND AUTH:""Zabotina OA""",0,0,
Kelley DR,"((ACCESSION_TYPE:""metabolights"") OR (LABS_PUBS:""1782"")) AND AUTH:""Kelley DR""",0,0,
Demirbay B,"((ACCESSION_TYPE:""metabolights"") OR (LABS_PUBS:""1782"")) AND AUTH:""Demirbay B""",0,0,
Baryshnikov G,"((ACCESSION_TYPE:""metabolights"") OR (LABS_PUBS:""1782"")) AND AUTH:""Baryshnikov G""",0,0,
Haraldsson M,"((ACCESSION_TYPE:""metabolights"") OR (LABS_PUBS:""1782"")) AND AUTH:""Haraldsson M""",0,0,
Piguet J,"((ACCESSION_TYPE:""metabolights"") OR (LABS_PUBS:""1782"")) AND AUTH:""Piguet J""",0,0,
Ågren H,"((ACCESSION_TYPE:""metabolights"") OR (LABS_PUBS:""1782"")) AND AUTH:""Ågren H""",0,0,
Widengren J,"((ACCESSION_TYPE:""metabolights"") OR (LABS_PUBS:""1782"")) AND AUTH:""Widengren J""",0,0,
Rodriguez-Zabala M,"((ACCESSION_TYPE:""metabolights"") OR (LABS_PUBS:""1782"")) AND AUTH:""Rodriguez-Zabala M""",0,0,
Ramakrishnan R,"((ACCESSION_TYPE:""metabolights"") OR (LABS_PUBS:""1782"")) AND AUTH:""Ramakrishnan R""",1,0,
Reinbach K,"((ACCESSION_TYPE:""metabolights"") OR (LABS_PUBS:""1782"")) AND AUTH:""Reinbach K""",0,0,
Ghosh S,"((ACCESSION_TYPE:""metabolights"") OR (LABS_PUBS:""1782"")) AND AUTH:""Ghosh S""",2,1,
Oburoglu L,"((ACCESSION_TYPE:""metabolights"") OR (LABS_PUBS:""1782"")) AND AUTH:""Oburoglu L""",0,0,
Falqués-Costa A,"((ACCESSION_TYPE:""metabolights"") OR (LABS_PUBS:""1782"")) AND AUTH:""Falqués-Costa A""",0,0,
Bellamkonda K,"((ACCESSION_TYPE:""metabolights"") OR (LABS_PUBS:""1782"")) AND AUTH:""Bellamkonda K""",0,0,
Ehinger M,"((ACCESSION_TYPE:""metabolights"") OR (LABS_PUBS:""1782"")) AND AUTH:""Ehinger M""",0,0,
Peña-Martínez P,"((ACCESSION_TYPE:""metabolights"") OR (LABS_PUBS:""1782"")) AND AUTH:""Peña-Martínez P""",0,0,
Puente-Moncada N,"((ACCESSION_TYPE:""metabolights"") OR (LABS_PUBS:""1782"")) AND AUTH:""Puente-Moncada N""",0,0,
Lilljebjörn H,"((ACCESSION_TYPE:""metabolights"") OR (LABS_PUBS:""1782"")) AND AUTH:""Lilljebjörn H""",0,0,
Cammenga J,"((ACCESSION_TYPE:""metabolights"") OR (LABS_PUBS:""1782"")) AND AUTH:""Cammenga J""",0,0,
Pronk CJ,"((ACCESSION_TYPE:""metabolights"") OR (LABS_PUBS:""1782"")) AND AUTH:""Pronk CJ""",0,0,
Lazarevic V,"((ACCESSION_TYPE:""metabolights"") OR (LABS_PUBS:""1782"")) AND AUTH:""Lazarevic V""",0,0,
Fioretos T,"((ACCESSION_TYPE:""metabolights"") OR (LABS_PUBS:""1782"")) AND AUTH:""Fioretos T""",0,0,
Hagström-Andersson AK,"((ACCESSION_TYPE:""metabolights"") OR (LABS_PUBS:""1782"")) AND AUTH:""Hagström-Andersson AK""",0,0,
Woods NB,"((ACCESSION_TYPE:""metabolights"") OR (LABS_PUBS:""1782"")) AND AUTH:""Woods NB""",0,0,
Järås M,"((ACCESSION_TYPE:""metabolights"") OR (LABS_PUBS:""1782"")) AND AUTH:""Järås M""",0,0,
Canovai A,"((ACCESSION_TYPE:""metabolights"") OR (LABS_PUBS:""1782"")) AND AUTH:""Canovai A""",0,0,
Jöe M,"((ACCESSION_TYPE:""metabolights"") OR (LABS_PUBS:""1782"")) AND AUTH:""Jöe M""",0,0,
Westerlund DY,"((ACCESSION_TYPE:""metabolights"") OR (LABS_PUBS:""1782"")) AND AUTH:""Westerlund DY""",0,0,
Amato R,"((ACCESSION_TYPE:""metabolights"") OR (LABS_PUBS:""1782"")) AND AUTH:""Amato R""",0,0,
Trounce IA,"((ACCESSION_TYPE:""metabolights"") OR (LABS_PUBS:""1782"")) AND AUTH:""Trounce IA""",0,0,
Dal Monte M,"((ACCESSION_TYPE:""metabolights"") OR (LABS_PUBS:""1782"")) AND AUTH:""Dal Monte M""",0,0,
Rafiei V,"((ACCESSION_TYPE:""metabolights"") OR (LABS_PUBS:""1782"")) AND AUTH:""Rafiei V""",0,0,
Vélëz H,"((ACCESSION_TYPE:""metabolights"") OR (LABS_PUBS:""1782"")) AND AUTH:""Vélëz H""",0,0,
Piombo E,"((ACCESSION_TYPE:""metabolights"") OR (LABS_PUBS:""1782"")) AND AUTH:""Piombo E""",0,0,
Dubey M,"((ACCESSION_TYPE:""metabolights"") OR (LABS_PUBS:""1782"")) AND AUTH:""Dubey M""",0,0,
Tzelepis G,"((ACCESSION_TYPE:""metabolights"") OR (LABS_PUBS:""1782"")) AND AUTH:""Tzelepis G""",0,0,
Horvath I,"((ACCESSION_TYPE:""metabolights"") OR (LABS_PUBS:""1782"")) AND AUTH:""Horvath I""",0,0,
Mohamed KA,"((ACCESSION_TYPE:""metabolights"") OR (LABS_PUBS:""1782"")) AND AUTH:""Mohamed KA""",0,0,
Kumar R,"((ACCESSION_TYPE:""metabolights"") OR (LABS_PUBS:""1782"")) AND AUTH:""Kumar R""",2,1,
Wittung-Stafshede P,"((ACCESSION_TYPE:""metabolights"") OR (LABS_PUBS:""1782"")) AND AUTH:""Wittung-Stafshede P""",0,0,
Manoharan L,"((ACCESSION_TYPE:""metabolights"") OR (LABS_PUBS:""1782"")) AND AUTH:""Manoharan L""",0,0,
Roth B,"((ACCESSION_TYPE:""metabolights"") OR (LABS_PUBS:""1782"")) AND AUTH:""Roth B""",0,0,
Bang C,"((ACCESSION_TYPE:""metabolights"") OR (LABS_PUBS:""1782"")) AND AUTH:""Bang C""",0,0,
Bag P,"((ACCESSION_TYPE:""metabolights"") OR (LABS_PUBS:""1782"")) AND AUTH:""Bag P""",0,0,
Fataftah N,"((ACCESSION_TYPE:""metabolights"") OR (LABS_PUBS:""1782"")) AND AUTH:""Fataftah N""",0,0,
Robinson KM,"((ACCESSION_TYPE:""metabolights"") OR (LABS_PUBS:""1782"")) AND AUTH:""Robinson KM""",0,0,
Jansson S,"((ACCESSION_TYPE:""metabolights"") OR (LABS_PUBS:""1782"")) AND AUTH:""Jansson S""",0,0,
Vaasan R,"((ACCESSION_TYPE:""metabolights"") OR (LABS_PUBS:""1782"")) AND AUTH:""Vaasan R""",0,0,
Heinonen E,"((ACCESSION_TYPE:""metabolights"") OR (LABS_PUBS:""1782"")) AND AUTH:""Heinonen E""",0,0,
Andersson S,"((ACCESSION_TYPE:""metabolights"") OR (LABS_PUBS:""1782"")) AND AUTH:""Andersson S""",0,0,
Amini F,"((ACCESSION_TYPE:""metabolights"") OR (LABS_PUBS:""1782"")) AND AUTH:""Amini F""",0,0,
Johansson U,"((ACCESSION_TYPE:""metabolights"") OR (LABS_PUBS:""1782"")) AND AUTH:""Johansson U""",0,0,
Vilaplana FJ,"((ACCESSION_TYPE:""metabolights"") OR (LABS_PUBS:""1782"")) AND AUTH:""Vilaplana FJ""",0,0,
Albrectsen BR,"((ACCESSION_TYPE:""metabolights"") OR (LABS_PUBS:""1782"")) AND AUTH:""Albrectsen BR""",0,0,
Hertzberg M,"((ACCESSION_TYPE:""metabolights"") OR (LABS_PUBS:""1782"")) AND AUTH:""Hertzberg M""",1,0,
Shutova T,"((ACCESSION_TYPE:""metabolights"") OR (LABS_PUBS:""1782"")) AND AUTH:""Shutova T""",0,0,
Shevela D,"((ACCESSION_TYPE:""metabolights"") OR (LABS_PUBS:""1782"")) AND AUTH:""Shevela D""",0,0,
Nanda S,"((ACCESSION_TYPE:""metabolights"") OR (LABS_PUBS:""1782"")) AND AUTH:""Nanda S""",0,0,
Ivanov AG,"((ACCESSION_TYPE:""metabolights"") OR (LABS_PUBS:""1782"")) AND AUTH:""Ivanov AG""",0,0,
Messinger J,"((ACCESSION_TYPE:""metabolights"") OR (LABS_PUBS:""1782"")) AND AUTH:""Messinger J""",0,0,
Svensson Akusjärvi S,"((ACCESSION_TYPE:""metabolights"") OR (LABS_PUBS:""1782"")) AND AUTH:""Svensson Akusjärvi S""",0,0,
Krishnan S,"((ACCESSION_TYPE:""metabolights"") OR (LABS_PUBS:""1782"")) AND AUTH:""Krishnan S""",2,1,
Ambikan AT,"((ACCESSION_TYPE:""metabolights"") OR (LABS_PUBS:""1782"")) AND AUTH:""Ambikan AT""",0,0,
Mikaeloff F,"((ACCESSION_TYPE:""metabolights"") OR (LABS_PUBS:""1782"")) AND AUTH:""Mikaeloff F""",0,0,
Munusamy Ponnan S,"((ACCESSION_TYPE:""metabolights"") OR (LABS_PUBS:""1782"")) AND AUTH:""Munusamy Ponnan S""",0,0,
Vesterbacka J,"((ACCESSION_TYPE:""metabolights"") OR (LABS_PUBS:""1782"")) AND AUTH:""Vesterbacka J""",0,0,
Lourda M,"((ACCESSION_TYPE:""metabolights"") OR (LABS_PUBS:""1782"")) AND AUTH:""Lourda M""",0,0,
Nowak P,"((ACCESSION_TYPE:""metabolights"") OR (LABS_PUBS:""1782"")) AND AUTH:""Nowak P""",0,0,
Sönnerborg A,"((ACCESSION_TYPE:""metabolights"") OR (LABS_PUBS:""1782"")) AND AUTH:""Sönnerborg A""",0,0,
Neogi U,"((ACCESSION_TYPE:""metabolights"") OR (LABS_PUBS:""1782"")) AND AUTH:""Neogi U""",0,0,
Olayide P,"((ACCESSION_TYPE:""metabolights"") OR (LABS_PUBS:""1782"")) AND AUTH:""Olayide P""",0,0,
Tzfadia O,"((ACCESSION_TYPE:""metabolights"") OR (LABS_PUBS:""1782"")) AND AUTH:""Tzfadia O""",0,0,
Lenman M,"((ACCESSION_TYPE:""metabolights"") OR (LABS_PUBS:""1782"")) AND AUTH:""Lenman M""",0,0,
Gisel A,"((ACCESSION_TYPE:""metabolights"") OR (LABS_PUBS:""1782"")) AND AUTH:""Gisel A""",0,0,
Stavolone L,"((ACCESSION_TYPE:""metabolights"") OR (LABS_PUBS:""1782"")) AND AUTH:""Stavolone L""",0,0,
Bandara T,"((ACCESSION_TYPE:""metabolights"") OR (LABS_PUBS:""1782"")) AND AUTH:""Bandara T""",0,0,
Brugel S,"((ACCESSION_TYPE:""metabolights"") OR (LABS_PUBS:""1782"")) AND AUTH:""Brugel S""",0,0,
Andersson A,"((ACCESSION_TYPE:""metabolights"") OR (LABS_PUBS:""1782"")) AND AUTH:""Andersson A""",0,0,
Hedberg P,"((ACCESSION_TYPE:""metabolights"") OR (LABS_PUBS:""1782"")) AND AUTH:""Hedberg P""",0,0,
Albert S,"((ACCESSION_TYPE:""metabolights"") OR (LABS_PUBS:""1782"")) AND AUTH:""Albert S""",0,0,
Winder M,"((ACCESSION_TYPE:""metabolights"") OR (LABS_PUBS:""1782"")) AND AUTH:""Winder M""",0,0,
Henderson J,"((ACCESSION_TYPE:""metabolights"") OR (LABS_PUBS:""1782"")) AND AUTH:""Henderson J""",0,0,
Argemi-Muntadas L,"((ACCESSION_TYPE:""metabolights"") OR (LABS_PUBS:""1782"")) AND AUTH:""Argemi-Muntadas L""",1,0,
Khan A,"((ACCESSION_TYPE:""metabolights"") OR (LABS_PUBS:""1782"")) AND AUTH:""Khan A""",2,2,
Falkevall A,"((ACCESSION_TYPE:""metabolights"") OR (LABS_PUBS:""1782"")) AND AUTH:""Falkevall A""",0,0,
Mehlem A,"((ACCESSION_TYPE:""metabolights"") OR (LABS_PUBS:""1782"")) AND AUTH:""Mehlem A""",0,0,
Folestad E,"((ACCESSION_TYPE:""metabolights"") OR (LABS_PUBS:""1782"")) AND AUTH:""Folestad E""",0,0,
Ning FC,"((ACCESSION_TYPE:""metabolights"") OR (LABS_PUBS:""1782"")) AND AUTH:""Ning FC""",0,0,
Osorio-Conles Ó,"((ACCESSION_TYPE:""metabolights"") OR (LABS_PUBS:""1782"")) AND AUTH:""Osorio-Conles Ó""",0,0,
Radmann R,"((ACCESSION_TYPE:""metabolights"") OR (LABS_PUBS:""1782"")) AND AUTH:""Radmann R""",0,0,
de Hollanda A,"((ACCESSION_TYPE:""metabolights"") OR (LABS_PUBS:""1782"")) AND AUTH:""de Hollanda A""",0,0,
Wright SD,"((ACCESSION_TYPE:""metabolights"") OR (LABS_PUBS:""1782"")) AND AUTH:""Wright SD""",0,0,
Scotney P,"((ACCESSION_TYPE:""metabolights"") OR (LABS_PUBS:""1782"")) AND AUTH:""Scotney P""",0,0,
Nash A,"((ACCESSION_TYPE:""metabolights"") OR (LABS_PUBS:""1782"")) AND AUTH:""Nash A""",0,0,
Eriksson U,"((ACCESSION_TYPE:""metabolights"") OR (LABS_PUBS:""1782"")) AND AUTH:""Eriksson U""",0,0,
Bernacka-Wojcik I,"((ACCESSION_TYPE:""metabolights"") OR (LABS_PUBS:""1782"")) AND AUTH:""Bernacka-Wojcik I""",0,0,
Talide L,"((ACCESSION_TYPE:""metabolights"") OR (LABS_PUBS:""1782"")) AND AUTH:""Talide L""",0,0,
Abdel Aziz I,"((ACCESSION_TYPE:""metabolights"") OR (LABS_PUBS:""1782"")) AND AUTH:""Abdel Aziz I""",0,0,
Simura J,"((ACCESSION_TYPE:""metabolights"") OR (LABS_PUBS:""1782"")) AND AUTH:""Simura J""",0,0,
Rossi S,"((ACCESSION_TYPE:""metabolights"") OR (LABS_PUBS:""1782"")) AND AUTH:""Rossi S""",1,1,
Mohammadi M,"((ACCESSION_TYPE:""metabolights"") OR (LABS_PUBS:""1782"")) AND AUTH:""Mohammadi M""",0,0,
Dar AM,"((ACCESSION_TYPE:""metabolights"") OR (LABS_PUBS:""1782"")) AND AUTH:""Dar AM""",0,0,
Seitanidou M,"((ACCESSION_TYPE:""metabolights"") OR (LABS_PUBS:""1782"")) AND AUTH:""Seitanidou M""",0,0,
Berggren M,"((ACCESSION_TYPE:""metabolights"") OR (LABS_PUBS:""1782"")) AND AUTH:""Berggren M""",0,0,
Simon DT,"((ACCESSION_TYPE:""metabolights"") OR (LABS_PUBS:""1782"")) AND AUTH:""Simon DT""",0,0,
Tybrandt K,"((ACCESSION_TYPE:""metabolights"") OR (LABS_PUBS:""1782"")) AND AUTH:""Tybrandt K""",0,0,
Jonsson MP,"((ACCESSION_TYPE:""metabolights"") OR (LABS_PUBS:""1782"")) AND AUTH:""Jonsson MP""",0,0,
Rosenbaum A,"((ACCESSION_TYPE:""metabolights"") OR (LABS_PUBS:""1782"")) AND AUTH:""Rosenbaum A""",0,0,
Dahlin AM,"((ACCESSION_TYPE:""metabolights"") OR (LABS_PUBS:""1782"")) AND AUTH:""Dahlin AM""",0,0,
Andersson U,"((ACCESSION_TYPE:""metabolights"") OR (LABS_PUBS:""1782"")) AND AUTH:""Andersson U""",0,0,
Wu WY,"((ACCESSION_TYPE:""metabolights"") OR (LABS_PUBS:""1782"")) AND AUTH:""Wu WY""",0,0,
Hedman H,"((ACCESSION_TYPE:""metabolights"") OR (LABS_PUBS:""1782"")) AND AUTH:""Hedman H""",0,0,
Wibom C,"((ACCESSION_TYPE:""metabolights"") OR (LABS_PUBS:""1782"")) AND AUTH:""Wibom C""",0,0,
Green AC,"((ACCESSION_TYPE:""metabolights"") OR (LABS_PUBS:""1782"")) AND AUTH:""Green AC""",0,0,
Marttila P,"((ACCESSION_TYPE:""metabolights"") OR (LABS_PUBS:""1782"")) AND AUTH:""Marttila P""",0,0,
Kiweler N,"((ACCESSION_TYPE:""metabolights"") OR (LABS_PUBS:""1782"")) AND AUTH:""Kiweler N""",0,0,
Chalkiadaki C,"((ACCESSION_TYPE:""metabolights"") OR (LABS_PUBS:""1782"")) AND AUTH:""Chalkiadaki C""",0,0,
Wiita E,"((ACCESSION_TYPE:""metabolights"") OR (LABS_PUBS:""1782"")) AND AUTH:""Wiita E""",0,0,
Cookson V,"((ACCESSION_TYPE:""metabolights"") OR (LABS_PUBS:""1782"")) AND AUTH:""Cookson V""",0,0,
Lesur A,"((ACCESSION_TYPE:""metabolights"") OR (LABS_PUBS:""1782"")) AND AUTH:""Lesur A""",0,0,
Eiden K,"((ACCESSION_TYPE:""metabolights"") OR (LABS_PUBS:""1782"")) AND AUTH:""Eiden K""",0,0,
Bernardin F,"((ACCESSION_TYPE:""metabolights"") OR (LABS_PUBS:""1782"")) AND AUTH:""Bernardin F""",0,0,
Vallin KSA,"((ACCESSION_TYPE:""metabolights"") OR (LABS_PUBS:""1782"")) AND AUTH:""Vallin KSA""",0,0,
Borhade S,"((ACCESSION_TYPE:""metabolights"") OR (LABS_PUBS:""1782"")) AND AUTH:""Borhade S""",0,0,
Long M,"((ACCESSION_TYPE:""metabolights"") OR (LABS_PUBS:""1782"")) AND AUTH:""Long M""",0,0,
Ghahe EK,"((ACCESSION_TYPE:""metabolights"") OR (LABS_PUBS:""1782"")) AND AUTH:""Ghahe EK""",0,0,
Jiménez-Alonso JJ,"((ACCESSION_TYPE:""metabolights"") OR (LABS_PUBS:""1782"")) AND AUTH:""Jiménez-Alonso JJ""",0,0,
Jemth AS,"((ACCESSION_TYPE:""metabolights"") OR (LABS_PUBS:""1782"")) AND AUTH:""Jemth AS""",0,0,
Loseva O,"((ACCESSION_TYPE:""metabolights"") OR (LABS_PUBS:""1782"")) AND AUTH:""Loseva O""",0,0,
Mortusewicz O,"((ACCESSION_TYPE:""metabolights"") OR (LABS_PUBS:""1782"")) AND AUTH:""Mortusewicz O""",0,0,
Meyers M,"((ACCESSION_TYPE:""metabolights"") OR (LABS_PUBS:""1782"")) AND AUTH:""Meyers M""",0,0,
Viry E,"((ACCESSION_TYPE:""metabolights"") OR (LABS_PUBS:""1782"")) AND AUTH:""Viry E""",0,0,
Homan E,"((ACCESSION_TYPE:""metabolights"") OR (LABS_PUBS:""1782"")) AND AUTH:""Homan E""",0,0,
Bonagas N,"((ACCESSION_TYPE:""metabolights"") OR (LABS_PUBS:""1782"")) AND AUTH:""Bonagas N""",0,0,
Ramos L,"((ACCESSION_TYPE:""metabolights"") OR (LABS_PUBS:""1782"")) AND AUTH:""Ramos L""",0,0,
Sandberg L,"((ACCESSION_TYPE:""metabolights"") OR (LABS_PUBS:""1782"")) AND AUTH:""Sandberg L""",0,0,
Frödin M,"((ACCESSION_TYPE:""metabolights"") OR (LABS_PUBS:""1782"")) AND AUTH:""Frödin M""",0,0,
Moussay E,"((ACCESSION_TYPE:""metabolights"") OR (LABS_PUBS:""1782"")) AND AUTH:""Moussay E""",0,0,
Slipicevic A,"((ACCESSION_TYPE:""metabolights"") OR (LABS_PUBS:""1782"")) AND AUTH:""Slipicevic A""",0,0,
Letellier E,"((ACCESSION_TYPE:""metabolights"") OR (LABS_PUBS:""1782"")) AND AUTH:""Letellier E""",0,0,
Paggetti J,"((ACCESSION_TYPE:""metabolights"") OR (LABS_PUBS:""1782"")) AND AUTH:""Paggetti J""",0,0,
Sørensen CS,"((ACCESSION_TYPE:""metabolights"") OR (LABS_PUBS:""1782"")) AND AUTH:""Sørensen CS""",0,0,
Helleday T,"((ACCESSION_TYPE:""metabolights"") OR (LABS_PUBS:""1782"")) AND AUTH:""Helleday T""",0,0,
Henriksson M,"((ACCESSION_TYPE:""metabolights"") OR (LABS_PUBS:""1782"")) AND AUTH:""Henriksson M""",0,0,
Meiser J,"((ACCESSION_TYPE:""metabolights"") OR (LABS_PUBS:""1782"")) AND AUTH:""Meiser J""",0,0,
Lindberg FA,"((ACCESSION_TYPE:""metabolights"") OR (LABS_PUBS:""1782"")) AND AUTH:""Lindberg FA""",0,0,
Nordenankar K,"((ACCESSION_TYPE:""metabolights"") OR (LABS_PUBS:""1782"")) AND AUTH:""Nordenankar K""",0,0,
Forsberg EC,"((ACCESSION_TYPE:""metabolights"") OR (LABS_PUBS:""1782"")) AND AUTH:""Forsberg EC""",0,0,
Fredriksson R,"((ACCESSION_TYPE:""metabolights"") OR (LABS_PUBS:""1782"")) AND AUTH:""Fredriksson R""",0,0,
Niemi C,"((ACCESSION_TYPE:""metabolights"") OR (LABS_PUBS:""1782"")) AND AUTH:""Niemi C""",0,0,
Mortensen AM,"((ACCESSION_TYPE:""metabolights"") OR (LABS_PUBS:""1782"")) AND AUTH:""Mortensen AM""",0,0,
Rautenberger R,"((ACCESSION_TYPE:""metabolights"") OR (LABS_PUBS:""1782"")) AND AUTH:""Rautenberger R""",0,0,
Matsson S,"((ACCESSION_TYPE:""metabolights"") OR (LABS_PUBS:""1782"")) AND AUTH:""Matsson S""",0,0,
Gorzsás A,"((ACCESSION_TYPE:""metabolights"") OR (LABS_PUBS:""1782"")) AND AUTH:""Gorzsás A""",0,0,
Gentili FG,"((ACCESSION_TYPE:""metabolights"") OR (LABS_PUBS:""1782"")) AND AUTH:""Gentili FG""",0,0,
Pateras IS,"((ACCESSION_TYPE:""metabolights"") OR (LABS_PUBS:""1782"")) AND AUTH:""Pateras IS""",0,0,
Williams C,"((ACCESSION_TYPE:""metabolights"") OR (LABS_PUBS:""1782"")) AND AUTH:""Williams C""",0,0,
Gianniou DD,"((ACCESSION_TYPE:""metabolights"") OR (LABS_PUBS:""1782"")) AND AUTH:""Gianniou DD""",0,0,
Margetis AT,"((ACCESSION_TYPE:""metabolights"") OR (LABS_PUBS:""1782"")) AND AUTH:""Margetis AT""",0,0,
Avgeris M,"((ACCESSION_TYPE:""metabolights"") OR (LABS_PUBS:""1782"")) AND AUTH:""Avgeris M""",0,0,
Rousakis P,"((ACCESSION_TYPE:""metabolights"") OR (LABS_PUBS:""1782"")) AND AUTH:""Rousakis P""",0,0,
Legaki AI,"((ACCESSION_TYPE:""metabolights"") OR (LABS_PUBS:""1782"")) AND AUTH:""Legaki AI""",0,0,
Mirtschink P,"((ACCESSION_TYPE:""metabolights"") OR (LABS_PUBS:""1782"")) AND AUTH:""Mirtschink P""",0,0,
Zhang W,"((ACCESSION_TYPE:""metabolights"") OR (LABS_PUBS:""1782"")) AND AUTH:""Zhang W""",13,8,
Panoutsopoulou K,"((ACCESSION_TYPE:""metabolights"") OR (LABS_PUBS:""1782"")) AND AUTH:""Panoutsopoulou K""",0,0,
Delis AD,"((ACCESSION_TYPE:""metabolights"") OR (LABS_PUBS:""1782"")) AND AUTH:""Delis AD""",0,0,
Pagakis SN,"((ACCESSION_TYPE:""metabolights"") OR (LABS_PUBS:""1782"")) AND AUTH:""Pagakis SN""",0,0,
Tang W,"((ACCESSION_TYPE:""metabolights"") OR (LABS_PUBS:""1782"")) AND AUTH:""Tang W""",1,1,
Ambs S,"((ACCESSION_TYPE:""metabolights"") OR (LABS_PUBS:""1782"")) AND AUTH:""Ambs S""",1,1,
Warpman Berglund U,"((ACCESSION_TYPE:""metabolights"") OR (LABS_PUBS:""1782"")) AND AUTH:""Warpman Berglund U""",0,0,
Varvarigou A,"((ACCESSION_TYPE:""metabolights"") OR (LABS_PUBS:""1782"")) AND AUTH:""Varvarigou A""",0,0,
Chatzigeorgiou A,"((ACCESSION_TYPE:""metabolights"") OR (LABS_PUBS:""1782"")) AND AUTH:""Chatzigeorgiou A""",0,0,
Tsitsilonis OE,"((ACCESSION_TYPE:""metabolights"") OR (LABS_PUBS:""1782"")) AND AUTH:""Tsitsilonis OE""",0,0,
Trougakos IP,"((ACCESSION_TYPE:""metabolights"") OR (LABS_PUBS:""1782"")) AND AUTH:""Trougakos IP""",0,0,
Gilthorpe JD,"((ACCESSION_TYPE:""metabolights"") OR (LABS_PUBS:""1782"")) AND AUTH:""Gilthorpe JD""",0,0,
Frisan T,"((ACCESSION_TYPE:""metabolights"") OR (LABS_PUBS:""1782"")) AND AUTH:""Frisan T""",0,0,
Routier C,"((ACCESSION_TYPE:""metabolights"") OR (LABS_PUBS:""1782"")) AND AUTH:""Routier C""",0,0,
Vallan L,"((ACCESSION_TYPE:""metabolights"") OR (LABS_PUBS:""1782"")) AND AUTH:""Vallan L""",0,0,
Istif E,"((ACCESSION_TYPE:""metabolights"") OR (LABS_PUBS:""1782"")) AND AUTH:""Istif E""",0,0,
Brochon C,"((ACCESSION_TYPE:""metabolights"") OR (LABS_PUBS:""1782"")) AND AUTH:""Brochon C""",0,0,
Hadziioannou G,"((ACCESSION_TYPE:""metabolights"") OR (LABS_PUBS:""1782"")) AND AUTH:""Hadziioannou G""",0,0,
Strand Å,"((ACCESSION_TYPE:""metabolights"") OR (LABS_PUBS:""1782"")) AND AUTH:""Strand Å""",0,0,
Cloutet E,"((ACCESSION_TYPE:""metabolights"") OR (LABS_PUBS:""1782"")) AND AUTH:""Cloutet E""",0,0,
Pavlopoulou E,"((ACCESSION_TYPE:""metabolights"") OR (LABS_PUBS:""1782"")) AND AUTH:""Pavlopoulou E""",0,0,
Sjödin KS,"((ACCESSION_TYPE:""metabolights"") OR (LABS_PUBS:""1782"")) AND AUTH:""Sjödin KS""",0,0,
Sjödin A,"((ACCESSION_TYPE:""metabolights"") OR (LABS_PUBS:""1782"")) AND AUTH:""Sjödin A""",0,0,
Ruszczyński M,"((ACCESSION_TYPE:""metabolights"") OR (LABS_PUBS:""1782"")) AND AUTH:""Ruszczyński M""",0,0,
Kristensen MB,"((ACCESSION_TYPE:""metabolights"") OR (LABS_PUBS:""1782"")) AND AUTH:""Kristensen MB""",0,0,
Hernell O,"((ACCESSION_TYPE:""metabolights"") OR (LABS_PUBS:""1782"")) AND AUTH:""Hernell O""",0,0,
Szajewska H,"((ACCESSION_TYPE:""metabolights"") OR (LABS_PUBS:""1782"")) AND AUTH:""Szajewska H""",0,0,
West CE,"((ACCESSION_TYPE:""metabolights"") OR (LABS_PUBS:""1782"")) AND AUTH:""West CE""",0,0,
Xu W,"((ACCESSION_TYPE:""metabolights"") OR (LABS_PUBS:""1782"")) AND AUTH:""Xu W""",6,4,
Sato H,"((ACCESSION_TYPE:""metabolights"") OR (LABS_PUBS:""1782"")) AND AUTH:""Sato H""",0,0,
Bente H,"((ACCESSION_TYPE:""metabolights"") OR (LABS_PUBS:""1782"")) AND AUTH:""Bente H""",0,0,
Santos-González J,"((ACCESSION_TYPE:""metabolights"") OR (LABS_PUBS:""1782"")) AND AUTH:""Santos-González J""",0,0,
Köhler C,"((ACCESSION_TYPE:""metabolights"") OR (LABS_PUBS:""1782"")) AND AUTH:""Köhler C""",0,0,
Delgado AB,"((ACCESSION_TYPE:""metabolights"") OR (LABS_PUBS:""1782"")) AND AUTH:""Delgado AB""",0,0,
Tylden ES,"((ACCESSION_TYPE:""metabolights"") OR (LABS_PUBS:""1782"")) AND AUTH:""Tylden ES""",0,0,
Lukic M,"((ACCESSION_TYPE:""metabolights"") OR (LABS_PUBS:""1782"")) AND AUTH:""Lukic M""",0,0,
Moi L,"((ACCESSION_TYPE:""metabolights"") OR (LABS_PUBS:""1782"")) AND AUTH:""Moi L""",0,0,
Busund LR,"((ACCESSION_TYPE:""metabolights"") OR (LABS_PUBS:""1782"")) AND AUTH:""Busund LR""",0,0,
Lund E,"((ACCESSION_TYPE:""metabolights"") OR (LABS_PUBS:""1782"")) AND AUTH:""Lund E""",0,0,
Olsen KS,"((ACCESSION_TYPE:""metabolights"") OR (LABS_PUBS:""1782"")) AND AUTH:""Olsen KS""",0,0,
Pulkkinen LIA,"((ACCESSION_TYPE:""metabolights"") OR (LABS_PUBS:""1782"")) AND AUTH:""Pulkkinen LIA""",0,0,
Barrass SV,"((ACCESSION_TYPE:""metabolights"") OR (LABS_PUBS:""1782"")) AND AUTH:""Barrass SV""",0,0,
Lindgren M,"((ACCESSION_TYPE:""metabolights"") OR (LABS_PUBS:""1782"")) AND AUTH:""Lindgren M""",0,0,
Pace H,"((ACCESSION_TYPE:""metabolights"") OR (LABS_PUBS:""1782"")) AND AUTH:""Pace H""",0,0,
Överby AK,"((ACCESSION_TYPE:""metabolights"") OR (LABS_PUBS:""1782"")) AND AUTH:""Överby AK""",0,0,
Anastasina M,"((ACCESSION_TYPE:""metabolights"") OR (LABS_PUBS:""1782"")) AND AUTH:""Anastasina M""",0,0,
Bally M,"((ACCESSION_TYPE:""metabolights"") OR (LABS_PUBS:""1782"")) AND AUTH:""Bally M""",0,0,
Lundmark R,"((ACCESSION_TYPE:""metabolights"") OR (LABS_PUBS:""1782"")) AND AUTH:""Lundmark R""",0,0,
Butcher SJ,"((ACCESSION_TYPE:""metabolights"") OR (LABS_PUBS:""1782"")) AND AUTH:""Butcher SJ""",0,0,
Lage S,"((ACCESSION_TYPE:""metabolights"") OR (LABS_PUBS:""1782"")) AND AUTH:""Lage S""",0,0,
Park JH,"((ACCESSION_TYPE:""metabolights"") OR (LABS_PUBS:""1782"")) AND AUTH:""Park JH""",0,0,
Nordström U,"((ACCESSION_TYPE:""metabolights"") OR (LABS_PUBS:""1782"")) AND AUTH:""Nordström U""",0,0,
Tsiakas K,"((ACCESSION_TYPE:""metabolights"") OR (LABS_PUBS:""1782"")) AND AUTH:""Tsiakas K""",0,0,
Keskin I,"((ACCESSION_TYPE:""metabolights"") OR (LABS_PUBS:""1782"")) AND AUTH:""Keskin I""",0,0,
Elpers C,"((ACCESSION_TYPE:""metabolights"") OR (LABS_PUBS:""1782"")) AND AUTH:""Elpers C""",0,0,
Mannil M,"((ACCESSION_TYPE:""metabolights"") OR (LABS_PUBS:""1782"")) AND AUTH:""Mannil M""",0,0,
Heller R,"((ACCESSION_TYPE:""metabolights"") OR (LABS_PUBS:""1782"")) AND AUTH:""Heller R""",1,0,
Nolan M,"((ACCESSION_TYPE:""metabolights"") OR (LABS_PUBS:""1782"")) AND AUTH:""Nolan M""",0,0,
Alburaiky S,"((ACCESSION_TYPE:""metabolights"") OR (LABS_PUBS:""1782"")) AND AUTH:""Alburaiky S""",0,0,
Zetterström P,"((ACCESSION_TYPE:""metabolights"") OR (LABS_PUBS:""1782"")) AND AUTH:""Zetterström P""",0,0,
Hempel M,"((ACCESSION_TYPE:""metabolights"") OR (LABS_PUBS:""1782"")) AND AUTH:""Hempel M""",0,0,
Schara-Schmidt U,"((ACCESSION_TYPE:""metabolights"") OR (LABS_PUBS:""1782"")) AND AUTH:""Schara-Schmidt U""",0,0,
Biskup S,"((ACCESSION_TYPE:""metabolights"") OR (LABS_PUBS:""1782"")) AND AUTH:""Biskup S""",1,0,
Steinacker P,"((ACCESSION_TYPE:""metabolights"") OR (LABS_PUBS:""1782"")) AND AUTH:""Steinacker P""",0,0,
Otto M,"((ACCESSION_TYPE:""metabolights"") OR (LABS_PUBS:""1782"")) AND AUTH:""Otto M""",0,0,
Weishaupt J,"((ACCESSION_TYPE:""metabolights"") OR (LABS_PUBS:""1782"")) AND AUTH:""Weishaupt J""",0,0,
Hahn A,"((ACCESSION_TYPE:""metabolights"") OR (LABS_PUBS:""1782"")) AND AUTH:""Hahn A""",0,0,
Santer R,"((ACCESSION_TYPE:""metabolights"") OR (LABS_PUBS:""1782"")) AND AUTH:""Santer R""",0,0,
Marquardt T,"((ACCESSION_TYPE:""metabolights"") OR (LABS_PUBS:""1782"")) AND AUTH:""Marquardt T""",0,0,
Marklund SL,"((ACCESSION_TYPE:""metabolights"") OR (LABS_PUBS:""1782"")) AND AUTH:""Marklund SL""",0,0,
Andersen PM,"((ACCESSION_TYPE:""metabolights"") OR (LABS_PUBS:""1782"")) AND AUTH:""Andersen PM""",0,0,
Khairullina A,"((ACCESSION_TYPE:""metabolights"") OR (LABS_PUBS:""1782"")) AND AUTH:""Khairullina A""",0,0,
Micic N,"((ACCESSION_TYPE:""metabolights"") OR (LABS_PUBS:""1782"")) AND AUTH:""Micic N""",0,0,
Jørgensen HJL,"((ACCESSION_TYPE:""metabolights"") OR (LABS_PUBS:""1782"")) AND AUTH:""Jørgensen HJL""",0,0,
Bjarnholt N,"((ACCESSION_TYPE:""metabolights"") OR (LABS_PUBS:""1782"")) AND AUTH:""Bjarnholt N""",0,0,
Bülow L,"((ACCESSION_TYPE:""metabolights"") OR (LABS_PUBS:""1782"")) AND AUTH:""Bülow L""",0,0,
Collinge DB,"((ACCESSION_TYPE:""metabolights"") OR (LABS_PUBS:""1782"")) AND AUTH:""Collinge DB""",0,0,
Jensen B,"((ACCESSION_TYPE:""metabolights"") OR (LABS_PUBS:""1782"")) AND AUTH:""Jensen B""",0,0,
Chowdhury J,"((ACCESSION_TYPE:""metabolights"") OR (LABS_PUBS:""1782"")) AND AUTH:""Chowdhury J""",0,0,
Ferdous J,"((ACCESSION_TYPE:""metabolights"") OR (LABS_PUBS:""1782"")) AND AUTH:""Ferdous J""",0,0,
Walker CH,"((ACCESSION_TYPE:""metabolights"") OR (LABS_PUBS:""1782"")) AND AUTH:""Walker CH""",0,0,
Ware A,"((ACCESSION_TYPE:""metabolights"") OR (LABS_PUBS:""1782"")) AND AUTH:""Ware A""",0,0,
Wilson Z,"((ACCESSION_TYPE:""metabolights"") OR (LABS_PUBS:""1782"")) AND AUTH:""Wilson Z""",0,0,
Bennett T,"((ACCESSION_TYPE:""metabolights"") OR (LABS_PUBS:""1782"")) AND AUTH:""Bennett T""",0,0,
Späth J,"((ACCESSION_TYPE:""metabolights"") OR (LABS_PUBS:""1782"")) AND AUTH:""Späth J""",0,0,
Brodin T,"((ACCESSION_TYPE:""metabolights"") OR (LABS_PUBS:""1782"")) AND AUTH:""Brodin T""",0,0,
Falås P,"((ACCESSION_TYPE:""metabolights"") OR (LABS_PUBS:""1782"")) AND AUTH:""Falås P""",0,0,
Niinipuu M,"((ACCESSION_TYPE:""metabolights"") OR (LABS_PUBS:""1782"")) AND AUTH:""Niinipuu M""",0,0,
Fick J,"((ACCESSION_TYPE:""metabolights"") OR (LABS_PUBS:""1782"")) AND AUTH:""Fick J""",0,0,
Nording M,"((ACCESSION_TYPE:""metabolights"") OR (LABS_PUBS:""1782"")) AND AUTH:""Nording M""",0,0,
Lindén E,"((ACCESSION_TYPE:""metabolights"") OR (LABS_PUBS:""1782"")) AND AUTH:""Lindén E""",0,0,
te Beest M,"((ACCESSION_TYPE:""metabolights"") OR (LABS_PUBS:""1782"")) AND AUTH:""te Beest M""",0,0,
Abreu IN,"((ACCESSION_TYPE:""metabolights"") OR (LABS_PUBS:""1782"")) AND AUTH:""Abreu IN""",6,3,
Sundqvist MK,"((ACCESSION_TYPE:""metabolights"") OR (LABS_PUBS:""1782"")) AND AUTH:""Sundqvist MK""",0,0,
Barrio IC,"((ACCESSION_TYPE:""metabolights"") OR (LABS_PUBS:""1782"")) AND AUTH:""Barrio IC""",0,0,
Boike J,"((ACCESSION_TYPE:""metabolights"") OR (LABS_PUBS:""1782"")) AND AUTH:""Boike J""",0,0,
Bryant JP,"((ACCESSION_TYPE:""metabolights"") OR (LABS_PUBS:""1782"")) AND AUTH:""Bryant JP""",0,0,
Bråthen KA,"((ACCESSION_TYPE:""metabolights"") OR (LABS_PUBS:""1782"")) AND AUTH:""Bråthen KA""",0,0,
Buchwal A,"((ACCESSION_TYPE:""metabolights"") OR (LABS_PUBS:""1782"")) AND AUTH:""Buchwal A""",0,0,
Bueno CG,"((ACCESSION_TYPE:""metabolights"") OR (LABS_PUBS:""1782"")) AND AUTH:""Bueno CG""",0,0,
Cuerrier A,"((ACCESSION_TYPE:""metabolights"") OR (LABS_PUBS:""1782"")) AND AUTH:""Cuerrier A""",0,0,
Egelkraut DD,"((ACCESSION_TYPE:""metabolights"") OR (LABS_PUBS:""1782"")) AND AUTH:""Egelkraut DD""",0,0,
Forbes BC,"((ACCESSION_TYPE:""metabolights"") OR (LABS_PUBS:""1782"")) AND AUTH:""Forbes BC""",0,0,
Hallinger M,"((ACCESSION_TYPE:""metabolights"") OR (LABS_PUBS:""1782"")) AND AUTH:""Hallinger M""",0,0,
Heijmans M,"((ACCESSION_TYPE:""metabolights"") OR (LABS_PUBS:""1782"")) AND AUTH:""Heijmans M""",0,0,
Hermanutz L,"((ACCESSION_TYPE:""metabolights"") OR (LABS_PUBS:""1782"")) AND AUTH:""Hermanutz L""",0,0,
Hik DS,"((ACCESSION_TYPE:""metabolights"") OR (LABS_PUBS:""1782"")) AND AUTH:""Hik DS""",0,0,
Hofgaard A,"((ACCESSION_TYPE:""metabolights"") OR (LABS_PUBS:""1782"")) AND AUTH:""Hofgaard A""",0,0,
Holmgren M,"((ACCESSION_TYPE:""metabolights"") OR (LABS_PUBS:""1782"")) AND AUTH:""Holmgren M""",0,0,
Huebner DC,"((ACCESSION_TYPE:""metabolights"") OR (LABS_PUBS:""1782"")) AND AUTH:""Huebner DC""",0,0,
Høye TT,"((ACCESSION_TYPE:""metabolights"") OR (LABS_PUBS:""1782"")) AND AUTH:""Høye TT""",0,0,
Jónsdóttir IS,"((ACCESSION_TYPE:""metabolights"") OR (LABS_PUBS:""1782"")) AND AUTH:""Jónsdóttir IS""",0,0,
Kaarlejärvi E,"((ACCESSION_TYPE:""metabolights"") OR (LABS_PUBS:""1782"")) AND AUTH:""Kaarlejärvi E""",0,0,
Kissler E,"((ACCESSION_TYPE:""metabolights"") OR (LABS_PUBS:""1782"")) AND AUTH:""Kissler E""",0,0,
Kumpula T,"((ACCESSION_TYPE:""metabolights"") OR (LABS_PUBS:""1782"")) AND AUTH:""Kumpula T""",0,0,
Limpens J,"((ACCESSION_TYPE:""metabolights"") OR (LABS_PUBS:""1782"")) AND AUTH:""Limpens J""",0,0,
Myers‐Smith IH,"((ACCESSION_TYPE:""metabolights"") OR (LABS_PUBS:""1782"")) AND AUTH:""Myers‐Smith IH""",0,0,
Normand S,"((ACCESSION_TYPE:""metabolights"") OR (LABS_PUBS:""1782"")) AND AUTH:""Normand S""",0,0,
Post E,"((ACCESSION_TYPE:""metabolights"") OR (LABS_PUBS:""1782"")) AND AUTH:""Post E""",0,0,
Rocha AV,"((ACCESSION_TYPE:""metabolights"") OR (LABS_PUBS:""1782"")) AND AUTH:""Rocha AV""",0,0,
Schmidt NM,"((ACCESSION_TYPE:""metabolights"") OR (LABS_PUBS:""1782"")) AND AUTH:""Schmidt NM""",0,0,
Skarin A,"((ACCESSION_TYPE:""metabolights"") OR (LABS_PUBS:""1782"")) AND AUTH:""Skarin A""",0,0,
Soininen EM,"((ACCESSION_TYPE:""metabolights"") OR (LABS_PUBS:""1782"")) AND AUTH:""Soininen EM""",0,0,
Sokolov A,"((ACCESSION_TYPE:""metabolights"") OR (LABS_PUBS:""1782"")) AND AUTH:""Sokolov A""",0,0,
Sokolova N,"((ACCESSION_TYPE:""metabolights"") OR (LABS_PUBS:""1782"")) AND AUTH:""Sokolova N""",0,0,
Speed JDM,"((ACCESSION_TYPE:""metabolights"") OR (LABS_PUBS:""1782"")) AND AUTH:""Speed JDM""",0,0,
Street L,"((ACCESSION_TYPE:""metabolights"") OR (LABS_PUBS:""1782"")) AND AUTH:""Street L""",0,0,
Tananaev N,"((ACCESSION_TYPE:""metabolights"") OR (LABS_PUBS:""1782"")) AND AUTH:""Tananaev N""",0,0,
Tremblay J,"((ACCESSION_TYPE:""metabolights"") OR (LABS_PUBS:""1782"")) AND AUTH:""Tremblay J""",0,0,
Urbanowicz C,"((ACCESSION_TYPE:""metabolights"") OR (LABS_PUBS:""1782"")) AND AUTH:""Urbanowicz C""",0,0,
Watts DA,"((ACCESSION_TYPE:""metabolights"") OR (LABS_PUBS:""1782"")) AND AUTH:""Watts DA""",0,0,
Zimmermann H,"((ACCESSION_TYPE:""metabolights"") OR (LABS_PUBS:""1782"")) AND AUTH:""Zimmermann H""",0,0,
Petkevicius K,"((ACCESSION_TYPE:""metabolights"") OR (LABS_PUBS:""1782"")) AND AUTH:""Petkevicius K""",0,0,
Palmgren H,"((ACCESSION_TYPE:""metabolights"") OR (LABS_PUBS:""1782"")) AND AUTH:""Palmgren H""",0,0,
Glover MS,"((ACCESSION_TYPE:""metabolights"") OR (LABS_PUBS:""1782"")) AND AUTH:""Glover MS""",2,1,
Ahnmark A,"((ACCESSION_TYPE:""metabolights"") OR (LABS_PUBS:""1782"")) AND AUTH:""Ahnmark A""",0,0,
Andréasson AC,"((ACCESSION_TYPE:""metabolights"") OR (LABS_PUBS:""1782"")) AND AUTH:""Andréasson AC""",0,0,
Madeyski-Bengtson K,"((ACCESSION_TYPE:""metabolights"") OR (LABS_PUBS:""1782"")) AND AUTH:""Madeyski-Bengtson K""",0,0,
Kawana H,"((ACCESSION_TYPE:""metabolights"") OR (LABS_PUBS:""1782"")) AND AUTH:""Kawana H""",0,0,
Allman EL,"((ACCESSION_TYPE:""metabolights"") OR (LABS_PUBS:""1782"")) AND AUTH:""Allman EL""",0,0,
Kaper D,"((ACCESSION_TYPE:""metabolights"") OR (LABS_PUBS:""1782"")) AND AUTH:""Kaper D""",0,0,
Uhrbom M,"((ACCESSION_TYPE:""metabolights"") OR (LABS_PUBS:""1782"")) AND AUTH:""Uhrbom M""",0,0,
Andersson L,"((ACCESSION_TYPE:""metabolights"") OR (LABS_PUBS:""1782"")) AND AUTH:""Andersson L""",0,0,
Aasehaug L,"((ACCESSION_TYPE:""metabolights"") OR (LABS_PUBS:""1782"")) AND AUTH:""Aasehaug L""",0,0,
Forsström J,"((ACCESSION_TYPE:""metabolights"") OR (LABS_PUBS:""1782"")) AND AUTH:""Forsström J""",0,0,
Wallin S,"((ACCESSION_TYPE:""metabolights"") OR (LABS_PUBS:""1782"")) AND AUTH:""Wallin S""",0,0,
Ahlstedt I,"((ACCESSION_TYPE:""metabolights"") OR (LABS_PUBS:""1782"")) AND AUTH:""Ahlstedt I""",0,0,
Leke R,"((ACCESSION_TYPE:""metabolights"") OR (LABS_PUBS:""1782"")) AND AUTH:""Leke R""",0,0,
Karlsson D,"((ACCESSION_TYPE:""metabolights"") OR (LABS_PUBS:""1782"")) AND AUTH:""Karlsson D""",0,0,
González-King H,"((ACCESSION_TYPE:""metabolights"") OR (LABS_PUBS:""1782"")) AND AUTH:""González-King H""",0,0,
Löfgren L,"((ACCESSION_TYPE:""metabolights"") OR (LABS_PUBS:""1782"")) AND AUTH:""Löfgren L""",0,0,
Nilsson R,"((ACCESSION_TYPE:""metabolights"") OR (LABS_PUBS:""1782"")) AND AUTH:""Nilsson R""",0,0,
Pellegrini G,"((ACCESSION_TYPE:""metabolights"") OR (LABS_PUBS:""1782"")) AND AUTH:""Pellegrini G""",0,0,
Kono N,"((ACCESSION_TYPE:""metabolights"") OR (LABS_PUBS:""1782"")) AND AUTH:""Kono N""",0,0,
Aoki J,"((ACCESSION_TYPE:""metabolights"") OR (LABS_PUBS:""1782"")) AND AUTH:""Aoki J""",0,0,
Hess S,"((ACCESSION_TYPE:""metabolights"") OR (LABS_PUBS:""1782"")) AND AUTH:""Hess S""",2,1,
Sienski G,"((ACCESSION_TYPE:""metabolights"") OR (LABS_PUBS:""1782"")) AND AUTH:""Sienski G""",0,0,
Pilon M,"((ACCESSION_TYPE:""metabolights"") OR (LABS_PUBS:""1782"")) AND AUTH:""Pilon M""",0,0,
Bohlooly-Y M,"((ACCESSION_TYPE:""metabolights"") OR (LABS_PUBS:""1782"")) AND AUTH:""Bohlooly-Y M""",0,0,
Maresca M,"((ACCESSION_TYPE:""metabolights"") OR (LABS_PUBS:""1782"")) AND AUTH:""Maresca M""",0,0,
Peng XR,"((ACCESSION_TYPE:""metabolights"") OR (LABS_PUBS:""1782"")) AND AUTH:""Peng XR""",0,0,
Pernisová M,"((ACCESSION_TYPE:""metabolights"") OR (LABS_PUBS:""1782"")) AND AUTH:""Pernisová M""",0,0,
Antoniadi M,"((ACCESSION_TYPE:""metabolights"") OR (LABS_PUBS:""1782"")) AND AUTH:""Antoniadi M""",0,0,
Villalonga MG,"((ACCESSION_TYPE:""metabolights"") OR (LABS_PUBS:""1782"")) AND AUTH:""Villalonga MG""",0,0,
Ament A,"((ACCESSION_TYPE:""metabolights"") OR (LABS_PUBS:""1782"")) AND AUTH:""Ament A""",0,0,
Karády M,"((ACCESSION_TYPE:""metabolights"") OR (LABS_PUBS:""1782"")) AND AUTH:""Karády M""",0,0,
Turnbull C,"((ACCESSION_TYPE:""metabolights"") OR (LABS_PUBS:""1782"")) AND AUTH:""Turnbull C""",0,0,
Doležal K,"((ACCESSION_TYPE:""metabolights"") OR (LABS_PUBS:""1782"")) AND AUTH:""Doležal K""",0,0,
OEIP – Cytokinin Micro Application Modulates Root Development with High Spatial Resolution,"((ACCESSION_TYPE:""metabolights"") OR (LABS_PUBS:""1782"")) AND AUTH:""OEIP – Cytokinin Micro Application Modulates Root Development with High Spatial Resolution""",0,0,
Sakuraba K,"((ACCESSION_TYPE:""metabolights"") OR (LABS_PUBS:""1782"")) AND AUTH:""Sakuraba K""",0,0,
Krishnamurthy A,"((ACCESSION_TYPE:""metabolights"") OR (LABS_PUBS:""1782"")) AND AUTH:""Krishnamurthy A""",0,0,
Sun J,"((ACCESSION_TYPE:""metabolights"") OR (LABS_PUBS:""1782"")) AND AUTH:""Sun J""",8,4,
Zheng X,"((ACCESSION_TYPE:""metabolights"") OR (LABS_PUBS:""1782"")) AND AUTH:""Zheng X""",6,4,
Xu C,"((ACCESSION_TYPE:""metabolights"") OR (LABS_PUBS:""1782"")) AND AUTH:""Xu C""",2,1,
Peng B,"((ACCESSION_TYPE:""metabolights"") OR (LABS_PUBS:""1782"")) AND AUTH:""Peng B""",5,3,
Engström M,"((ACCESSION_TYPE:""metabolights"") OR (LABS_PUBS:""1782"")) AND AUTH:""Engström M""",0,0,
Jakobsson PJ,"((ACCESSION_TYPE:""metabolights"") OR (LABS_PUBS:""1782"")) AND AUTH:""Jakobsson PJ""",1,1,
Wermeling F,"((ACCESSION_TYPE:""metabolights"") OR (LABS_PUBS:""1782"")) AND AUTH:""Wermeling F""",0,0,
Catrina S,"((ACCESSION_TYPE:""metabolights"") OR (LABS_PUBS:""1782"")) AND AUTH:""Catrina S""",0,0,
Grönwall C,"((ACCESSION_TYPE:""metabolights"") OR (LABS_PUBS:""1782"")) AND AUTH:""Grönwall C""",0,0,
Catrina AI,"((ACCESSION_TYPE:""metabolights"") OR (LABS_PUBS:""1782"")) AND AUTH:""Catrina AI""",0,0,
Réthi B,"((ACCESSION_TYPE:""metabolights"") OR (LABS_PUBS:""1782"")) AND AUTH:""Réthi B""",0,0,
Eriksson M,"((ACCESSION_TYPE:""metabolights"") OR (LABS_PUBS:""1782"")) AND AUTH:""Eriksson M""",0,0,
Bergenheim AT,"((ACCESSION_TYPE:""metabolights"") OR (LABS_PUBS:""1782"")) AND AUTH:""Bergenheim AT""",0,0,
Brännström T,"((ACCESSION_TYPE:""metabolights"") OR (LABS_PUBS:""1782"")) AND AUTH:""Brännström T""",0,0,
Sandström M,"((ACCESSION_TYPE:""metabolights"") OR (LABS_PUBS:""1782"")) AND AUTH:""Sandström M""",0,0,
Yang H,"((ACCESSION_TYPE:""metabolights"") OR (LABS_PUBS:""1782"")) AND AUTH:""Yang H""",11,6,
Gupta S,"((ACCESSION_TYPE:""metabolights"") OR (LABS_PUBS:""1782"")) AND AUTH:""Gupta S""",0,0,
Sperk M,"((ACCESSION_TYPE:""metabolights"") OR (LABS_PUBS:""1782"")) AND AUTH:""Sperk M""",0,0,
Zhang C,"((ACCESSION_TYPE:""metabolights"") OR (LABS_PUBS:""1782"")) AND AUTH:""Zhang C""",15,8,
Nordqvist H,"((ACCESSION_TYPE:""metabolights"") OR (LABS_PUBS:""1782"")) AND AUTH:""Nordqvist H""",0,0,
Ponnan SM,"((ACCESSION_TYPE:""metabolights"") OR (LABS_PUBS:""1782"")) AND AUTH:""Ponnan SM""",0,0,
Treutiger CJ,"((ACCESSION_TYPE:""metabolights"") OR (LABS_PUBS:""1782"")) AND AUTH:""Treutiger CJ""",0,0,
O'Mahony L,"((ACCESSION_TYPE:""metabolights"") OR (LABS_PUBS:""1782"")) AND AUTH:""O'Mahony L""",0,0,
Benfeitas R,"((ACCESSION_TYPE:""metabolights"") OR (LABS_PUBS:""1782"")) AND AUTH:""Benfeitas R""",0,0,
Claeson AS,"((ACCESSION_TYPE:""metabolights"") OR (LABS_PUBS:""1782"")) AND AUTH:""Claeson AS""",0,0,
Lindberg RH,"((ACCESSION_TYPE:""metabolights"") OR (LABS_PUBS:""1782"")) AND AUTH:""Lindberg RH""",0,0,
Gouveia-Figueira S,"((ACCESSION_TYPE:""metabolights"") OR (LABS_PUBS:""1782"")) AND AUTH:""Gouveia-Figueira S""",0,0,
Spain O,"((ACCESSION_TYPE:""metabolights"") OR (LABS_PUBS:""1782"")) AND AUTH:""Spain O""",0,0,
van Dijk LJA,"((ACCESSION_TYPE:""metabolights"") OR (LABS_PUBS:""1782"")) AND AUTH:""van Dijk LJA""",0,0,
Regazzoni EDE,"((ACCESSION_TYPE:""metabolights"") OR (LABS_PUBS:""1782"")) AND AUTH:""Regazzoni EDE""",0,0,
Ehrlén J,"((ACCESSION_TYPE:""metabolights"") OR (LABS_PUBS:""1782"")) AND AUTH:""Ehrlén J""",0,0,
Abdelfattah A,"((ACCESSION_TYPE:""metabolights"") OR (LABS_PUBS:""1782"")) AND AUTH:""Abdelfattah A""",0,0,
Pawlowski K,"((ACCESSION_TYPE:""metabolights"") OR (LABS_PUBS:""1782"")) AND AUTH:""Pawlowski K""",0,0,
Tack AJM,"((ACCESSION_TYPE:""metabolights"") OR (LABS_PUBS:""1782"")) AND AUTH:""Tack AJM""",0,0,
Liebsch D,"((ACCESSION_TYPE:""metabolights"") OR (LABS_PUBS:""1782"")) AND AUTH:""Liebsch D""",0,0,
Li Z,"((ACCESSION_TYPE:""metabolights"") OR (LABS_PUBS:""1782"")) AND AUTH:""Li Z""",24,10,
Wang HL,"((ACCESSION_TYPE:""metabolights"") OR (LABS_PUBS:""1782"")) AND AUTH:""Wang HL""",0,0,
Ziolkowska A,"((ACCESSION_TYPE:""metabolights"") OR (LABS_PUBS:""1782"")) AND AUTH:""Ziolkowska A""",0,0,
Chrobok D,"((ACCESSION_TYPE:""metabolights"") OR (LABS_PUBS:""1782"")) AND AUTH:""Chrobok D""",0,0,
Boussardon C,"((ACCESSION_TYPE:""metabolights"") OR (LABS_PUBS:""1782"")) AND AUTH:""Boussardon C""",0,0,
Wen X,"((ACCESSION_TYPE:""metabolights"") OR (LABS_PUBS:""1782"")) AND AUTH:""Wen X""",0,0,
Law SR,"((ACCESSION_TYPE:""metabolights"") OR (LABS_PUBS:""1782"")) AND AUTH:""Law SR""",0,0,
Janečková H,"((ACCESSION_TYPE:""metabolights"") OR (LABS_PUBS:""1782"")) AND AUTH:""Janečková H""",0,0,
Brouwer B,"((ACCESSION_TYPE:""metabolights"") OR (LABS_PUBS:""1782"")) AND AUTH:""Brouwer B""",0,0,
Lindén P,"((ACCESSION_TYPE:""metabolights"") OR (LABS_PUBS:""1782"")) AND AUTH:""Lindén P""",0,0,
Gardeström P,"((ACCESSION_TYPE:""metabolights"") OR (LABS_PUBS:""1782"")) AND AUTH:""Gardeström P""",0,0,
Keech O,"((ACCESSION_TYPE:""metabolights"") OR (LABS_PUBS:""1782"")) AND AUTH:""Keech O""",0,0,
Staswick P,"((ACCESSION_TYPE:""metabolights"") OR (LABS_PUBS:""1782"")) AND AUTH:""Staswick P""",0,0,
Rabe P,"((ACCESSION_TYPE:""metabolights"") OR (LABS_PUBS:""1782"")) AND AUTH:""Rabe P""",0,0,
Gehmlich M,"((ACCESSION_TYPE:""metabolights"") OR (LABS_PUBS:""1782"")) AND AUTH:""Gehmlich M""",0,0,
Peters A,"((ACCESSION_TYPE:""metabolights"") OR (LABS_PUBS:""1782"")) AND AUTH:""Peters A""",3,2,
Krumbholz P,"((ACCESSION_TYPE:""metabolights"") OR (LABS_PUBS:""1782"")) AND AUTH:""Krumbholz P""",0,0,
Stäubert C,"((ACCESSION_TYPE:""metabolights"") OR (LABS_PUBS:""1782"")) AND AUTH:""Stäubert C""",0,0,
Jääskeläinen T,"((ACCESSION_TYPE:""metabolights"") OR (LABS_PUBS:""1782"")) AND AUTH:""Jääskeläinen T""",0,0,
Kärkkäinen O,"((ACCESSION_TYPE:""metabolights"") OR (LABS_PUBS:""1782"")) AND AUTH:""Kärkkäinen O""",0,0,
Heinonen S,"((ACCESSION_TYPE:""metabolights"") OR (LABS_PUBS:""1782"")) AND AUTH:""Heinonen S""",0,0,
Hanhineva K,"((ACCESSION_TYPE:""metabolights"") OR (LABS_PUBS:""1782"")) AND AUTH:""Hanhineva K""",0,0,
Laivuori H,"((ACCESSION_TYPE:""metabolights"") OR (LABS_PUBS:""1782"")) AND AUTH:""Laivuori H""",0,0,
Diamanti R,"((ACCESSION_TYPE:""metabolights"") OR (LABS_PUBS:""1782"")) AND AUTH:""Diamanti R""",0,0,
Srinivas V,"((ACCESSION_TYPE:""metabolights"") OR (LABS_PUBS:""1782"")) AND AUTH:""Srinivas V""",0,0,
Griese JJ,"((ACCESSION_TYPE:""metabolights"") OR (LABS_PUBS:""1782"")) AND AUTH:""Griese JJ""",0,0,
Lebrette H,"((ACCESSION_TYPE:""metabolights"") OR (LABS_PUBS:""1782"")) AND AUTH:""Lebrette H""",0,0,
Högbom M,"((ACCESSION_TYPE:""metabolights"") OR (LABS_PUBS:""1782"")) AND AUTH:""Högbom M""",0,0,
Zhang X,"((ACCESSION_TYPE:""metabolights"") OR (LABS_PUBS:""1782"")) AND AUTH:""Zhang X""",42,20,
Serivichyaswat PT,"((ACCESSION_TYPE:""metabolights"") OR (LABS_PUBS:""1782"")) AND AUTH:""Serivichyaswat PT""",0,0,
Cui S,"((ACCESSION_TYPE:""metabolights"") OR (LABS_PUBS:""1782"")) AND AUTH:""Cui S""",0,0,
Yoshida S,"((ACCESSION_TYPE:""metabolights"") OR (LABS_PUBS:""1782"")) AND AUTH:""Yoshida S""",0,0,
Sanchez-Martinez A,"((ACCESSION_TYPE:""metabolights"") OR (LABS_PUBS:""1782"")) AND AUTH:""Sanchez-Martinez A""",0,0,
Longo M,"((ACCESSION_TYPE:""metabolights"") OR (LABS_PUBS:""1782"")) AND AUTH:""Longo M""",0,0,
Suomi F,"((ACCESSION_TYPE:""metabolights"") OR (LABS_PUBS:""1782"")) AND AUTH:""Suomi F""",0,0,
Ehsan H,"((ACCESSION_TYPE:""metabolights"") OR (LABS_PUBS:""1782"")) AND AUTH:""Ehsan H""",0,0,
Salo VT,"((ACCESSION_TYPE:""metabolights"") OR (LABS_PUBS:""1782"")) AND AUTH:""Salo VT""",0,0,
Montava-Garriga L,"((ACCESSION_TYPE:""metabolights"") OR (LABS_PUBS:""1782"")) AND AUTH:""Montava-Garriga L""",0,0,
Naddafi S,"((ACCESSION_TYPE:""metabolights"") OR (LABS_PUBS:""1782"")) AND AUTH:""Naddafi S""",0,0,
Ikonen E,"((ACCESSION_TYPE:""metabolights"") OR (LABS_PUBS:""1782"")) AND AUTH:""Ikonen E""",0,0,
Ganley IG,"((ACCESSION_TYPE:""metabolights"") OR (LABS_PUBS:""1782"")) AND AUTH:""Ganley IG""",0,0,
Whitworth AJ,"((ACCESSION_TYPE:""metabolights"") OR (LABS_PUBS:""1782"")) AND AUTH:""Whitworth AJ""",0,0,
McWilliams TG,"((ACCESSION_TYPE:""metabolights"") OR (LABS_PUBS:""1782"")) AND AUTH:""McWilliams TG""",0,0,
Edlund E,"((ACCESSION_TYPE:""metabolights"") OR (LABS_PUBS:""1782"")) AND AUTH:""Edlund E""",0,0,
Björkén L,"((ACCESSION_TYPE:""metabolights"") OR (LABS_PUBS:""1782"")) AND AUTH:""Björkén L""",0,0,
Skoug C,"((ACCESSION_TYPE:""metabolights"") OR (LABS_PUBS:""1782"")) AND AUTH:""Skoug C""",0,0,
Holm C,"((ACCESSION_TYPE:""metabolights"") OR (LABS_PUBS:""1782"")) AND AUTH:""Holm C""",0,0,
Duarte JMN,"((ACCESSION_TYPE:""metabolights"") OR (LABS_PUBS:""1782"")) AND AUTH:""Duarte JMN""",0,0,
McCallum E,"((ACCESSION_TYPE:""metabolights"") OR (LABS_PUBS:""1782"")) AND AUTH:""McCallum E""",0,0,
Cerveny D,"((ACCESSION_TYPE:""metabolights"") OR (LABS_PUBS:""1782"")) AND AUTH:""Cerveny D""",0,0,
Amanda D,"((ACCESSION_TYPE:""metabolights"") OR (LABS_PUBS:""1782"")) AND AUTH:""Amanda D""",0,0,
Frey FP,"((ACCESSION_TYPE:""metabolights"") OR (LABS_PUBS:""1782"")) AND AUTH:""Frey FP""",0,0,
Neumann U,"((ACCESSION_TYPE:""metabolights"") OR (LABS_PUBS:""1782"")) AND AUTH:""Neumann U""",0,0,
Przybyl M,"((ACCESSION_TYPE:""metabolights"") OR (LABS_PUBS:""1782"")) AND AUTH:""Przybyl M""",0,0,
Chen Z,"((ACCESSION_TYPE:""metabolights"") OR (LABS_PUBS:""1782"")) AND AUTH:""Chen Z""",8,7,
Gallavotti A,"((ACCESSION_TYPE:""metabolights"") OR (LABS_PUBS:""1782"")) AND AUTH:""Gallavotti A""",0,0,
Fernie AR,"((ACCESSION_TYPE:""metabolights"") OR (LABS_PUBS:""1782"")) AND AUTH:""Fernie AR""",6,0,
Acosta IF,"((ACCESSION_TYPE:""metabolights"") OR (LABS_PUBS:""1782"")) AND AUTH:""Acosta IF""",0,0,
Tripathi R,"((ACCESSION_TYPE:""metabolights"") OR (LABS_PUBS:""1782"")) AND AUTH:""Tripathi R""",0,0,
Aggarwal T,"((ACCESSION_TYPE:""metabolights"") OR (LABS_PUBS:""1782"")) AND AUTH:""Aggarwal T""",0,0,
Klemm AH,"((ACCESSION_TYPE:""metabolights"") OR (LABS_PUBS:""1782"")) AND AUTH:""Klemm AH""",0,0,
Svennerstam H,"((ACCESSION_TYPE:""metabolights"") OR (LABS_PUBS:""1782"")) AND AUTH:""Svennerstam H""",0,0,
Dubbelboer IR,"((ACCESSION_TYPE:""metabolights"") OR (LABS_PUBS:""1782"")) AND AUTH:""Dubbelboer IR""",0,0,
Barmpatsalou V,"((ACCESSION_TYPE:""metabolights"") OR (LABS_PUBS:""1782"")) AND AUTH:""Barmpatsalou V""",0,0,
Rodler A,"((ACCESSION_TYPE:""metabolights"") OR (LABS_PUBS:""1782"")) AND AUTH:""Rodler A""",0,0,
Karlsson E,"((ACCESSION_TYPE:""metabolights"") OR (LABS_PUBS:""1782"")) AND AUTH:""Karlsson E""",0,0,
Nunes SF,"((ACCESSION_TYPE:""metabolights"") OR (LABS_PUBS:""1782"")) AND AUTH:""Nunes SF""",0,0,
Holmberg J,"((ACCESSION_TYPE:""metabolights"") OR (LABS_PUBS:""1782"")) AND AUTH:""Holmberg J""",0,0,
Häggström J,"((ACCESSION_TYPE:""metabolights"") OR (LABS_PUBS:""1782"")) AND AUTH:""Häggström J""",0,0,
Bergström CAS,"((ACCESSION_TYPE:""metabolights"") OR (LABS_PUBS:""1782"")) AND AUTH:""Bergström CAS""",0,0,
Zhu S,"((ACCESSION_TYPE:""metabolights"") OR (LABS_PUBS:""1782"")) AND AUTH:""Zhu S""",2,0,
Bäckström D,"((ACCESSION_TYPE:""metabolights"") OR (LABS_PUBS:""1782"")) AND AUTH:""Bäckström D""",0,0,
Forsgren L,"((ACCESSION_TYPE:""metabolights"") OR (LABS_PUBS:""1782"")) AND AUTH:""Forsgren L""",0,0,
Trupp M,"((ACCESSION_TYPE:""metabolights"") OR (LABS_PUBS:""1782"")) AND AUTH:""Trupp M""",0,0,
Gabriel MB,"((ACCESSION_TYPE:""metabolights"") OR (LABS_PUBS:""1782"")) AND AUTH:""Gabriel MB""",0,0,
Carneiro MJ,"((ACCESSION_TYPE:""metabolights"") OR (LABS_PUBS:""1782"")) AND AUTH:""Carneiro MJ""",0,0,
de Camargo RCR,"((ACCESSION_TYPE:""metabolights"") OR (LABS_PUBS:""1782"")) AND AUTH:""de Camargo RCR""",0,0,
Sawaya ACHF,"((ACCESSION_TYPE:""metabolights"") OR (LABS_PUBS:""1782"")) AND AUTH:""Sawaya ACHF""",0,0,
Gao H,"((ACCESSION_TYPE:""metabolights"") OR (LABS_PUBS:""1782"")) AND AUTH:""Gao H""",5,3,
Couchet M,"((ACCESSION_TYPE:""metabolights"") OR (LABS_PUBS:""1782"")) AND AUTH:""Couchet M""",0,0,
Witting M,"((ACCESSION_TYPE:""metabolights"") OR (LABS_PUBS:""1782"")) AND AUTH:""Witting M""",9,2,
Choudhury RP,"((ACCESSION_TYPE:""metabolights"") OR (LABS_PUBS:""1782"")) AND AUTH:""Choudhury RP""",0,0,
Aouadi M,"((ACCESSION_TYPE:""metabolights"") OR (LABS_PUBS:""1782"")) AND AUTH:""Aouadi M""",0,0,
Ikomey GM,"((ACCESSION_TYPE:""metabolights"") OR (LABS_PUBS:""1782"")) AND AUTH:""Ikomey GM""",0,0,
Magdaleno GDV,"((ACCESSION_TYPE:""metabolights"") OR (LABS_PUBS:""1782"")) AND AUTH:""Magdaleno GDV""",0,0,
Escós A,"((ACCESSION_TYPE:""metabolights"") OR (LABS_PUBS:""1782"")) AND AUTH:""Escós A""",0,0,
Lyonga E,"((ACCESSION_TYPE:""metabolights"") OR (LABS_PUBS:""1782"")) AND AUTH:""Lyonga E""",0,0,
Okomo MC,"((ACCESSION_TYPE:""metabolights"") OR (LABS_PUBS:""1782"")) AND AUTH:""Okomo MC""",0,0,
Tagne CT,"((ACCESSION_TYPE:""metabolights"") OR (LABS_PUBS:""1782"")) AND AUTH:""Tagne CT""",0,0,
Babu H,"((ACCESSION_TYPE:""metabolights"") OR (LABS_PUBS:""1782"")) AND AUTH:""Babu H""",0,0,
Lorson CL,"((ACCESSION_TYPE:""metabolights"") OR (LABS_PUBS:""1782"")) AND AUTH:""Lorson CL""",0,0,
Végvári Á,"((ACCESSION_TYPE:""metabolights"") OR (LABS_PUBS:""1782"")) AND AUTH:""Végvári Á""",0,0,
Banerjea AC,"((ACCESSION_TYPE:""metabolights"") OR (LABS_PUBS:""1782"")) AND AUTH:""Banerjea AC""",0,0,
Kele J,"((ACCESSION_TYPE:""metabolights"") OR (LABS_PUBS:""1782"")) AND AUTH:""Kele J""",0,0,
Hanna LE,"((ACCESSION_TYPE:""metabolights"") OR (LABS_PUBS:""1782"")) AND AUTH:""Hanna LE""",0,0,
Singh K,"((ACCESSION_TYPE:""metabolights"") OR (LABS_PUBS:""1782"")) AND AUTH:""Singh K""",4,1,
de Magalhães JP,"((ACCESSION_TYPE:""metabolights"") OR (LABS_PUBS:""1782"")) AND AUTH:""de Magalhães JP""",0,0,
Benavente V,"((ACCESSION_TYPE:""metabolights"") OR (LABS_PUBS:""1782"")) AND AUTH:""Benavente V""",0,0,
Otten J,"((ACCESSION_TYPE:""metabolights"") OR (LABS_PUBS:""1782"")) AND AUTH:""Otten J""",0,0,
Stomby A,"((ACCESSION_TYPE:""metabolights"") OR (LABS_PUBS:""1782"")) AND AUTH:""Stomby A""",0,0,
Ryberg M,"((ACCESSION_TYPE:""metabolights"") OR (LABS_PUBS:""1782"")) AND AUTH:""Ryberg M""",0,0,
Waling M,"((ACCESSION_TYPE:""metabolights"") OR (LABS_PUBS:""1782"")) AND AUTH:""Waling M""",0,0,
Hauksson J,"((ACCESSION_TYPE:""metabolights"") OR (LABS_PUBS:""1782"")) AND AUTH:""Hauksson J""",0,0,
Svensson M,"((ACCESSION_TYPE:""metabolights"") OR (LABS_PUBS:""1782"")) AND AUTH:""Svensson M""",0,0,
Olsson T,"((ACCESSION_TYPE:""metabolights"") OR (LABS_PUBS:""1782"")) AND AUTH:""Olsson T""",0,0,
Jacobson M,"((ACCESSION_TYPE:""metabolights"") OR (LABS_PUBS:""1782"")) AND AUTH:""Jacobson M""",0,0,
Pedersen BL,"((ACCESSION_TYPE:""metabolights"") OR (LABS_PUBS:""1782"")) AND AUTH:""Pedersen BL""",0,0,
Jonsson A,"((ACCESSION_TYPE:""metabolights"") OR (LABS_PUBS:""1782"")) AND AUTH:""Jonsson A""",0,0,
Isles PDF,"((ACCESSION_TYPE:""metabolights"") OR (LABS_PUBS:""1782"")) AND AUTH:""Isles PDF""",0,0,
Creed IF,"((ACCESSION_TYPE:""metabolights"") OR (LABS_PUBS:""1782"")) AND AUTH:""Creed IF""",0,0,
Bergström AK,"((ACCESSION_TYPE:""metabolights"") OR (LABS_PUBS:""1782"")) AND AUTH:""Bergström AK""",0,0,
Marabita F,"((ACCESSION_TYPE:""metabolights"") OR (LABS_PUBS:""1782"")) AND AUTH:""Marabita F""",1,0,
James T,"((ACCESSION_TYPE:""metabolights"") OR (LABS_PUBS:""1782"")) AND AUTH:""James T""",0,0,
Karhu A,"((ACCESSION_TYPE:""metabolights"") OR (LABS_PUBS:""1782"")) AND AUTH:""Karhu A""",0,0,
Virtanen H,"((ACCESSION_TYPE:""metabolights"") OR (LABS_PUBS:""1782"")) AND AUTH:""Virtanen H""",0,0,
Kettunen K,"((ACCESSION_TYPE:""metabolights"") OR (LABS_PUBS:""1782"")) AND AUTH:""Kettunen K""",0,0,
Boulund F,"((ACCESSION_TYPE:""metabolights"") OR (LABS_PUBS:""1782"")) AND AUTH:""Boulund F""",0,0,
Hellström C,"((ACCESSION_TYPE:""metabolights"") OR (LABS_PUBS:""1782"")) AND AUTH:""Hellström C""",0,0,
Neiman M,"((ACCESSION_TYPE:""metabolights"") OR (LABS_PUBS:""1782"")) AND AUTH:""Neiman M""",0,0,
Mills R,"((ACCESSION_TYPE:""metabolights"") OR (LABS_PUBS:""1782"")) AND AUTH:""Mills R""",1,0,
Perheentupa T,"((ACCESSION_TYPE:""metabolights"") OR (LABS_PUBS:""1782"")) AND AUTH:""Perheentupa T""",0,0,
Helkkula P,"((ACCESSION_TYPE:""metabolights"") OR (LABS_PUBS:""1782"")) AND AUTH:""Helkkula P""",0,0,
Byrne M,"((ACCESSION_TYPE:""metabolights"") OR (LABS_PUBS:""1782"")) AND AUTH:""Byrne M""",0,0,
Jokinen I,"((ACCESSION_TYPE:""metabolights"") OR (LABS_PUBS:""1782"")) AND AUTH:""Jokinen I""",0,0,
Honko H,"((ACCESSION_TYPE:""metabolights"") OR (LABS_PUBS:""1782"")) AND AUTH:""Honko H""",0,0,
Kallonen A,"((ACCESSION_TYPE:""metabolights"") OR (LABS_PUBS:""1782"")) AND AUTH:""Kallonen A""",0,0,
Ermes M,"((ACCESSION_TYPE:""metabolights"") OR (LABS_PUBS:""1782"")) AND AUTH:""Ermes M""",0,0,
Similä H,"((ACCESSION_TYPE:""metabolights"") OR (LABS_PUBS:""1782"")) AND AUTH:""Similä H""",0,0,
Lindholm M,"((ACCESSION_TYPE:""metabolights"") OR (LABS_PUBS:""1782"")) AND AUTH:""Lindholm M""",0,0,
Widén E,"((ACCESSION_TYPE:""metabolights"") OR (LABS_PUBS:""1782"")) AND AUTH:""Widén E""",0,0,
Ripatti S,"((ACCESSION_TYPE:""metabolights"") OR (LABS_PUBS:""1782"")) AND AUTH:""Ripatti S""",1,0,
Perälä-Heape M,"((ACCESSION_TYPE:""metabolights"") OR (LABS_PUBS:""1782"")) AND AUTH:""Perälä-Heape M""",0,0,
Engstrand L,"((ACCESSION_TYPE:""metabolights"") OR (LABS_PUBS:""1782"")) AND AUTH:""Engstrand L""",0,0,
Nilsson P,"((ACCESSION_TYPE:""metabolights"") OR (LABS_PUBS:""1782"")) AND AUTH:""Nilsson P""",0,0,
Miettinen T,"((ACCESSION_TYPE:""metabolights"") OR (LABS_PUBS:""1782"")) AND AUTH:""Miettinen T""",0,0,
Sallinen R,"((ACCESSION_TYPE:""metabolights"") OR (LABS_PUBS:""1782"")) AND AUTH:""Sallinen R""",0,0,
Kallioniemi O,"((ACCESSION_TYPE:""metabolights"") OR (LABS_PUBS:""1782"")) AND AUTH:""Kallioniemi O""",0,0,
Sommar J,"((ACCESSION_TYPE:""metabolights"") OR (LABS_PUBS:""1782"")) AND AUTH:""Sommar J""",0,0,
Liljelind I,"((ACCESSION_TYPE:""metabolights"") OR (LABS_PUBS:""1782"")) AND AUTH:""Liljelind I""",0,0,
Elksnis A,"((ACCESSION_TYPE:""metabolights"") OR (LABS_PUBS:""1782"")) AND AUTH:""Elksnis A""",0,0,
Schiffer TA,"((ACCESSION_TYPE:""metabolights"") OR (LABS_PUBS:""1782"")) AND AUTH:""Schiffer TA""",0,0,
Palm F,"((ACCESSION_TYPE:""metabolights"") OR (LABS_PUBS:""1782"")) AND AUTH:""Palm F""",0,0,
Wang Y,"((ACCESSION_TYPE:""metabolights"") OR (LABS_PUBS:""1782"")) AND AUTH:""Wang Y""",59,31,
Cen J,"((ACCESSION_TYPE:""metabolights"") OR (LABS_PUBS:""1782"")) AND AUTH:""Cen J""",0,0,
Turpaev K,"((ACCESSION_TYPE:""metabolights"") OR (LABS_PUBS:""1782"")) AND AUTH:""Turpaev K""",0,0,
Ngamjariyawat A,"((ACCESSION_TYPE:""metabolights"") OR (LABS_PUBS:""1782"")) AND AUTH:""Ngamjariyawat A""",0,0,
Younis S,"((ACCESSION_TYPE:""metabolights"") OR (LABS_PUBS:""1782"")) AND AUTH:""Younis S""",0,0,
Huang S,"((ACCESSION_TYPE:""metabolights"") OR (LABS_PUBS:""1782"")) AND AUTH:""Huang S""",9,4,
Shen Y,"((ACCESSION_TYPE:""metabolights"") OR (LABS_PUBS:""1782"")) AND AUTH:""Shen Y""",3,3,
Leng Y,"((ACCESSION_TYPE:""metabolights"") OR (LABS_PUBS:""1782"")) AND AUTH:""Leng Y""",0,0,
Bergsten P,"((ACCESSION_TYPE:""metabolights"") OR (LABS_PUBS:""1782"")) AND AUTH:""Bergsten P""",0,0,
Karlsborn T,"((ACCESSION_TYPE:""metabolights"") OR (LABS_PUBS:""1782"")) AND AUTH:""Karlsborn T""",0,0,
Welsh N,"((ACCESSION_TYPE:""metabolights"") OR (LABS_PUBS:""1782"")) AND AUTH:""Welsh N""",0,0,
Wang X,"((ACCESSION_TYPE:""metabolights"") OR (LABS_PUBS:""1782"")) AND AUTH:""Wang X""",41,23,
Correia C,"((ACCESSION_TYPE:""metabolights"") OR (LABS_PUBS:""1782"")) AND AUTH:""Correia C""",0,0,
Wang QD,"((ACCESSION_TYPE:""metabolights"") OR (LABS_PUBS:""1782"")) AND AUTH:""Wang QD""",0,0,
Linhardt G,"((ACCESSION_TYPE:""metabolights"") OR (LABS_PUBS:""1782"")) AND AUTH:""Linhardt G""",0,0,
Carlsson LG,"((ACCESSION_TYPE:""metabolights"") OR (LABS_PUBS:""1782"")) AND AUTH:""Carlsson LG""",0,0,
Walentinsson A,"((ACCESSION_TYPE:""metabolights"") OR (LABS_PUBS:""1782"")) AND AUTH:""Walentinsson A""",0,0,
Rydén-Markinhutha K,"((ACCESSION_TYPE:""metabolights"") OR (LABS_PUBS:""1782"")) AND AUTH:""Rydén-Markinhutha K""",0,0,
Behrendt M,"((ACCESSION_TYPE:""metabolights"") OR (LABS_PUBS:""1782"")) AND AUTH:""Behrendt M""",0,0,
Wikström J,"((ACCESSION_TYPE:""metabolights"") OR (LABS_PUBS:""1782"")) AND AUTH:""Wikström J""",1,0,
Sartipy P,"((ACCESSION_TYPE:""metabolights"") OR (LABS_PUBS:""1782"")) AND AUTH:""Sartipy P""",0,0,
Jennbacken K,"((ACCESSION_TYPE:""metabolights"") OR (LABS_PUBS:""1782"")) AND AUTH:""Jennbacken K""",0,0,
Synnergren J,"((ACCESSION_TYPE:""metabolights"") OR (LABS_PUBS:""1782"")) AND AUTH:""Synnergren J""",0,0,
Zhou X,"((ACCESSION_TYPE:""metabolights"") OR (LABS_PUBS:""1782"")) AND AUTH:""Zhou X""",7,6,
Curbo S,"((ACCESSION_TYPE:""metabolights"") OR (LABS_PUBS:""1782"")) AND AUTH:""Curbo S""",0,0,
Zhao Q,"((ACCESSION_TYPE:""metabolights"") OR (LABS_PUBS:""1782"")) AND AUTH:""Zhao Q""",6,3,
Kuiper R,"((ACCESSION_TYPE:""metabolights"") OR (LABS_PUBS:""1782"")) AND AUTH:""Kuiper R""",0,0,
Karlsson A,"((ACCESSION_TYPE:""metabolights"") OR (LABS_PUBS:""1782"")) AND AUTH:""Karlsson A""",0,0,
Templalexis D,"((ACCESSION_TYPE:""metabolights"") OR (LABS_PUBS:""1782"")) AND AUTH:""Templalexis D""",0,0,
Tsitsekian D,"((ACCESSION_TYPE:""metabolights"") OR (LABS_PUBS:""1782"")) AND AUTH:""Tsitsekian D""",0,0,
Liu C,"((ACCESSION_TYPE:""metabolights"") OR (LABS_PUBS:""1782"")) AND AUTH:""Liu C""",13,9,
Daras G,"((ACCESSION_TYPE:""metabolights"") OR (LABS_PUBS:""1782"")) AND AUTH:""Daras G""",0,0,
Moschou P,"((ACCESSION_TYPE:""metabolights"") OR (LABS_PUBS:""1782"")) AND AUTH:""Moschou P""",0,0,
Hatzopoulos P,"((ACCESSION_TYPE:""metabolights"") OR (LABS_PUBS:""1782"")) AND AUTH:""Hatzopoulos P""",0,0,
Rigas S,"((ACCESSION_TYPE:""metabolights"") OR (LABS_PUBS:""1782"")) AND AUTH:""Rigas S""",0,0,
Holst JJ,"((ACCESSION_TYPE:""metabolights"") OR (LABS_PUBS:""1782"")) AND AUTH:""Holst JJ""",0,0,
Sjögren RJO,"((ACCESSION_TYPE:""metabolights"") OR (LABS_PUBS:""1782"")) AND AUTH:""Sjögren RJO""",0,0,
Chibalin AV,"((ACCESSION_TYPE:""metabolights"") OR (LABS_PUBS:""1782"")) AND AUTH:""Chibalin AV""",0,0,
Furrer R,"((ACCESSION_TYPE:""metabolights"") OR (LABS_PUBS:""1782"")) AND AUTH:""Furrer R""",0,0,
Katayama S,"((ACCESSION_TYPE:""metabolights"") OR (LABS_PUBS:""1782"")) AND AUTH:""Katayama S""",0,0,
Harada J,"((ACCESSION_TYPE:""metabolights"") OR (LABS_PUBS:""1782"")) AND AUTH:""Harada J""",0,0,
Karlsson HKR,"((ACCESSION_TYPE:""metabolights"") OR (LABS_PUBS:""1782"")) AND AUTH:""Karlsson HKR""",0,0,
Handschin C,"((ACCESSION_TYPE:""metabolights"") OR (LABS_PUBS:""1782"")) AND AUTH:""Handschin C""",0,0,
Näslund E,"((ACCESSION_TYPE:""metabolights"") OR (LABS_PUBS:""1782"")) AND AUTH:""Näslund E""",0,0,
Anderson IC,"((ACCESSION_TYPE:""metabolights"") OR (LABS_PUBS:""1782"")) AND AUTH:""Anderson IC""",0,0,
Smith JAB,"((ACCESSION_TYPE:""metabolights"") OR (LABS_PUBS:""1782"")) AND AUTH:""Smith JAB""",0,0,
Savikj M,"((ACCESSION_TYPE:""metabolights"") OR (LABS_PUBS:""1782"")) AND AUTH:""Savikj M""",0,0,
Sethi P,"((ACCESSION_TYPE:""metabolights"") OR (LABS_PUBS:""1782"")) AND AUTH:""Sethi P""",0,0,
Platt S,"((ACCESSION_TYPE:""metabolights"") OR (LABS_PUBS:""1782"")) AND AUTH:""Platt S""",0,0,
Gabriel BM,"((ACCESSION_TYPE:""metabolights"") OR (LABS_PUBS:""1782"")) AND AUTH:""Gabriel BM""",0,0,
Hawley JA,"((ACCESSION_TYPE:""metabolights"") OR (LABS_PUBS:""1782"")) AND AUTH:""Hawley JA""",0,0,
Dunstan D,"((ACCESSION_TYPE:""metabolights"") OR (LABS_PUBS:""1782"")) AND AUTH:""Dunstan D""",0,0,
Olsson M,"((ACCESSION_TYPE:""metabolights"") OR (LABS_PUBS:""1782"")) AND AUTH:""Olsson M""",0,0,
Hellman U,"((ACCESSION_TYPE:""metabolights"") OR (LABS_PUBS:""1782"")) AND AUTH:""Hellman U""",0,0,
Wixner J,"((ACCESSION_TYPE:""metabolights"") OR (LABS_PUBS:""1782"")) AND AUTH:""Wixner J""",0,0,
Anan I,"((ACCESSION_TYPE:""metabolights"") OR (LABS_PUBS:""1782"")) AND AUTH:""Anan I""",0,0,
Nilholm C,"((ACCESSION_TYPE:""metabolights"") OR (LABS_PUBS:""1782"")) AND AUTH:""Nilholm C""",0,0,
D'Amato M,"((ACCESSION_TYPE:""metabolights"") OR (LABS_PUBS:""1782"")) AND AUTH:""D'Amato M""",1,1,
Otmani A,"((ACCESSION_TYPE:""metabolights"") OR (LABS_PUBS:""1782"")) AND AUTH:""Otmani A""",0,0,
Sun S,"((ACCESSION_TYPE:""metabolights"") OR (LABS_PUBS:""1782"")) AND AUTH:""Sun S""",4,1,
Ellis SA,"((ACCESSION_TYPE:""metabolights"") OR (LABS_PUBS:""1782"")) AND AUTH:""Ellis SA""",0,0,
Vohra R,"((ACCESSION_TYPE:""metabolights"") OR (LABS_PUBS:""1782"")) AND AUTH:""Vohra R""",0,0,
Venkataraman AP,"((ACCESSION_TYPE:""metabolights"") OR (LABS_PUBS:""1782"")) AND AUTH:""Venkataraman AP""",0,0,
Domínguez-Vicent A,"((ACCESSION_TYPE:""metabolights"") OR (LABS_PUBS:""1782"")) AND AUTH:""Domínguez-Vicent A""",0,0,
Kokkali E,"((ACCESSION_TYPE:""metabolights"") OR (LABS_PUBS:""1782"")) AND AUTH:""Kokkali E""",0,0,
Rho S,"((ACCESSION_TYPE:""metabolights"") OR (LABS_PUBS:""1782"")) AND AUTH:""Rho S""",0,0,
Jóhannesson G,"((ACCESSION_TYPE:""metabolights"") OR (LABS_PUBS:""1782"")) AND AUTH:""Jóhannesson G""",0,0,
Burgess RW,"((ACCESSION_TYPE:""metabolights"") OR (LABS_PUBS:""1782"")) AND AUTH:""Burgess RW""",0,0,
Fuerst PG,"((ACCESSION_TYPE:""metabolights"") OR (LABS_PUBS:""1782"")) AND AUTH:""Fuerst PG""",0,0,
Brautaset R,"((ACCESSION_TYPE:""metabolights"") OR (LABS_PUBS:""1782"")) AND AUTH:""Brautaset R""",0,0,
Kolko M,"((ACCESSION_TYPE:""metabolights"") OR (LABS_PUBS:""1782"")) AND AUTH:""Kolko M""",0,0,
Nyström S,"((ACCESSION_TYPE:""metabolights"") OR (LABS_PUBS:""1782"")) AND AUTH:""Nyström S""",0,0,
Govender M,"((ACCESSION_TYPE:""metabolights"") OR (LABS_PUBS:""1782"")) AND AUTH:""Govender M""",0,0,
Yap SH,"((ACCESSION_TYPE:""metabolights"") OR (LABS_PUBS:""1782"")) AND AUTH:""Yap SH""",0,0,
Kamarulzaman A,"((ACCESSION_TYPE:""metabolights"") OR (LABS_PUBS:""1782"")) AND AUTH:""Kamarulzaman A""",0,0,
Rajasuriar R,"((ACCESSION_TYPE:""metabolights"") OR (LABS_PUBS:""1782"")) AND AUTH:""Rajasuriar R""",0,0,
Larsson M,"((ACCESSION_TYPE:""metabolights"") OR (LABS_PUBS:""1782"")) AND AUTH:""Larsson M""",0,0,
Mendham AE,"((ACCESSION_TYPE:""metabolights"") OR (LABS_PUBS:""1782"")) AND AUTH:""Mendham AE""",0,0,
Goedecke JH,"((ACCESSION_TYPE:""metabolights"") OR (LABS_PUBS:""1782"")) AND AUTH:""Goedecke JH""",0,0,
Zeng Y,"((ACCESSION_TYPE:""metabolights"") OR (LABS_PUBS:""1782"")) AND AUTH:""Zeng Y""",3,2,
George C,"((ACCESSION_TYPE:""metabolights"") OR (LABS_PUBS:""1782"")) AND AUTH:""George C""",0,0,
Fortuin-de Smidt MC,"((ACCESSION_TYPE:""metabolights"") OR (LABS_PUBS:""1782"")) AND AUTH:""Fortuin-de Smidt MC""",0,0,
Melo GA,"((ACCESSION_TYPE:""metabolights"") OR (LABS_PUBS:""1782"")) AND AUTH:""Melo GA""",1,0,
de Oliveira MB,"((ACCESSION_TYPE:""metabolights"") OR (LABS_PUBS:""1782"")) AND AUTH:""de Oliveira MB""",1,0,
Budzinski IGF,"((ACCESSION_TYPE:""metabolights"") OR (LABS_PUBS:""1782"")) AND AUTH:""Budzinski IGF""",1,0,
Silva LV,"((ACCESSION_TYPE:""metabolights"") OR (LABS_PUBS:""1782"")) AND AUTH:""Silva LV""",1,0,
Pimenta MAS,"((ACCESSION_TYPE:""metabolights"") OR (LABS_PUBS:""1782"")) AND AUTH:""Pimenta MAS""",1,0,
van der Woude L,"((ACCESSION_TYPE:""metabolights"") OR (LABS_PUBS:""1782"")) AND AUTH:""van der Woude L""",0,0,
Piotrowski M,"((ACCESSION_TYPE:""metabolights"") OR (LABS_PUBS:""1782"")) AND AUTH:""Piotrowski M""",1,1,
Klaasse G,"((ACCESSION_TYPE:""metabolights"") OR (LABS_PUBS:""1782"")) AND AUTH:""Klaasse G""",0,0,
Paulus JK,"((ACCESSION_TYPE:""metabolights"") OR (LABS_PUBS:""1782"")) AND AUTH:""Paulus JK""",0,0,
Krahn D,"((ACCESSION_TYPE:""metabolights"") OR (LABS_PUBS:""1782"")) AND AUTH:""Krahn D""",0,0,
Ninck S,"((ACCESSION_TYPE:""metabolights"") OR (LABS_PUBS:""1782"")) AND AUTH:""Ninck S""",0,0,
Kaschani F,"((ACCESSION_TYPE:""metabolights"") OR (LABS_PUBS:""1782"")) AND AUTH:""Kaschani F""",0,0,
Kaiser M,"((ACCESSION_TYPE:""metabolights"") OR (LABS_PUBS:""1782"")) AND AUTH:""Kaiser M""",0,0,
Bulder S,"((ACCESSION_TYPE:""metabolights"") OR (LABS_PUBS:""1782"")) AND AUTH:""Bulder S""",0,0,
van Verk M,"((ACCESSION_TYPE:""metabolights"") OR (LABS_PUBS:""1782"")) AND AUTH:""van Verk M""",0,0,
Snoek BL,"((ACCESSION_TYPE:""metabolights"") OR (LABS_PUBS:""1782"")) AND AUTH:""Snoek BL""",0,0,
Fiers M,"((ACCESSION_TYPE:""metabolights"") OR (LABS_PUBS:""1782"")) AND AUTH:""Fiers M""",0,0,
Martin NI,"((ACCESSION_TYPE:""metabolights"") OR (LABS_PUBS:""1782"")) AND AUTH:""Martin NI""",0,0,
van der Hoorn RAL,"((ACCESSION_TYPE:""metabolights"") OR (LABS_PUBS:""1782"")) AND AUTH:""van der Hoorn RAL""",0,0,
Robert S,"((ACCESSION_TYPE:""metabolights"") OR (LABS_PUBS:""1782"")) AND AUTH:""Robert S""",0,0,
Smeekens S,"((ACCESSION_TYPE:""metabolights"") OR (LABS_PUBS:""1782"")) AND AUTH:""Smeekens S""",1,1,
van Zanten M,"((ACCESSION_TYPE:""metabolights"") OR (LABS_PUBS:""1782"")) AND AUTH:""van Zanten M""",0,0,
Caddell DF,"((ACCESSION_TYPE:""metabolights"") OR (LABS_PUBS:""1782"")) AND AUTH:""Caddell DF""",0,0,
Coleman-Derr D,"((ACCESSION_TYPE:""metabolights"") OR (LABS_PUBS:""1782"")) AND AUTH:""Coleman-Derr D""",0,0,
Ilanidis D,"((ACCESSION_TYPE:""metabolights"") OR (LABS_PUBS:""1782"")) AND AUTH:""Ilanidis D""",0,0,
Stagge S,"((ACCESSION_TYPE:""metabolights"") OR (LABS_PUBS:""1782"")) AND AUTH:""Stagge S""",0,0,
Alriksson B,"((ACCESSION_TYPE:""metabolights"") OR (LABS_PUBS:""1782"")) AND AUTH:""Alriksson B""",0,0,
Mboene Noah A,"((ACCESSION_TYPE:""metabolights"") OR (LABS_PUBS:""1782"")) AND AUTH:""Mboene Noah A""",0,0,
Makondy Ango RE,"((ACCESSION_TYPE:""metabolights"") OR (LABS_PUBS:""1782"")) AND AUTH:""Makondy Ango RE""",0,0,
Niemenak N,"((ACCESSION_TYPE:""metabolights"") OR (LABS_PUBS:""1782"")) AND AUTH:""Niemenak N""",0,0,
Dudka I,"((ACCESSION_TYPE:""metabolights"") OR (LABS_PUBS:""1782"")) AND AUTH:""Dudka I""",0,0,
Chachaj A,"((ACCESSION_TYPE:""metabolights"") OR (LABS_PUBS:""1782"")) AND AUTH:""Chachaj A""",0,0,
Sebastian A,"((ACCESSION_TYPE:""metabolights"") OR (LABS_PUBS:""1782"")) AND AUTH:""Sebastian A""",0,0,
Tański W,"((ACCESSION_TYPE:""metabolights"") OR (LABS_PUBS:""1782"")) AND AUTH:""Tański W""",0,0,
Gröbner G,"((ACCESSION_TYPE:""metabolights"") OR (LABS_PUBS:""1782"")) AND AUTH:""Gröbner G""",0,0,
Szuba A,"((ACCESSION_TYPE:""metabolights"") OR (LABS_PUBS:""1782"")) AND AUTH:""Szuba A""",1,1,
Chantzichristos D,"((ACCESSION_TYPE:""metabolights"") OR (LABS_PUBS:""1782"")) AND AUTH:""Chantzichristos D""",0,0,
Svensson PA,"((ACCESSION_TYPE:""metabolights"") OR (LABS_PUBS:""1782"")) AND AUTH:""Svensson PA""",0,0,
Garner T,"((ACCESSION_TYPE:""metabolights"") OR (LABS_PUBS:""1782"")) AND AUTH:""Garner T""",0,0,
Glad CA,"((ACCESSION_TYPE:""metabolights"") OR (LABS_PUBS:""1782"")) AND AUTH:""Glad CA""",0,0,
Walker BR,"((ACCESSION_TYPE:""metabolights"") OR (LABS_PUBS:""1782"")) AND AUTH:""Walker BR""",0,0,
Bergthorsdottir R,"((ACCESSION_TYPE:""metabolights"") OR (LABS_PUBS:""1782"")) AND AUTH:""Bergthorsdottir R""",0,0,
Ragnarsson O,"((ACCESSION_TYPE:""metabolights"") OR (LABS_PUBS:""1782"")) AND AUTH:""Ragnarsson O""",0,0,
Trimpou P,"((ACCESSION_TYPE:""metabolights"") OR (LABS_PUBS:""1782"")) AND AUTH:""Trimpou P""",0,0,
Stimson RH,"((ACCESSION_TYPE:""metabolights"") OR (LABS_PUBS:""1782"")) AND AUTH:""Stimson RH""",0,0,
Borresen SW,"((ACCESSION_TYPE:""metabolights"") OR (LABS_PUBS:""1782"")) AND AUTH:""Borresen SW""",0,0,
Feldt-Rasmussen U,"((ACCESSION_TYPE:""metabolights"") OR (LABS_PUBS:""1782"")) AND AUTH:""Feldt-Rasmussen U""",0,0,
Jansson PA,"((ACCESSION_TYPE:""metabolights"") OR (LABS_PUBS:""1782"")) AND AUTH:""Jansson PA""",0,0,
Skrtic S,"((ACCESSION_TYPE:""metabolights"") OR (LABS_PUBS:""1782"")) AND AUTH:""Skrtic S""",3,0,
Stevens A,"((ACCESSION_TYPE:""metabolights"") OR (LABS_PUBS:""1782"")) AND AUTH:""Stevens A""",0,0,
Johannsson G,"((ACCESSION_TYPE:""metabolights"") OR (LABS_PUBS:""1782"")) AND AUTH:""Johannsson G""",0,0,
Bai Y,"((ACCESSION_TYPE:""metabolights"") OR (LABS_PUBS:""1782"")) AND AUTH:""Bai Y""",4,1,
Fernández-Calvo P,"((ACCESSION_TYPE:""metabolights"") OR (LABS_PUBS:""1782"")) AND AUTH:""Fernández-Calvo P""",0,0,
Ritter A,"((ACCESSION_TYPE:""metabolights"") OR (LABS_PUBS:""1782"")) AND AUTH:""Ritter A""",0,0,
Huang AC,"((ACCESSION_TYPE:""metabolights"") OR (LABS_PUBS:""1782"")) AND AUTH:""Huang AC""",0,0,
Morales-Herrera S,"((ACCESSION_TYPE:""metabolights"") OR (LABS_PUBS:""1782"")) AND AUTH:""Morales-Herrera S""",0,0,
Bicalho KU,"((ACCESSION_TYPE:""metabolights"") OR (LABS_PUBS:""1782"")) AND AUTH:""Bicalho KU""",0,0,
Pauwels L,"((ACCESSION_TYPE:""metabolights"") OR (LABS_PUBS:""1782"")) AND AUTH:""Pauwels L""",0,0,
Buyst D,"((ACCESSION_TYPE:""metabolights"") OR (LABS_PUBS:""1782"")) AND AUTH:""Buyst D""",0,0,
Njo M,"((ACCESSION_TYPE:""metabolights"") OR (LABS_PUBS:""1782"")) AND AUTH:""Njo M""",0,0,
Martins JC,"((ACCESSION_TYPE:""metabolights"") OR (LABS_PUBS:""1782"")) AND AUTH:""Martins JC""",0,0,
Vanneste S,"((ACCESSION_TYPE:""metabolights"") OR (LABS_PUBS:""1782"")) AND AUTH:""Vanneste S""",0,0,
Beeckman T,"((ACCESSION_TYPE:""metabolights"") OR (LABS_PUBS:""1782"")) AND AUTH:""Beeckman T""",0,0,
Osbourn A,"((ACCESSION_TYPE:""metabolights"") OR (LABS_PUBS:""1782"")) AND AUTH:""Osbourn A""",0,0,
Goossens A,"((ACCESSION_TYPE:""metabolights"") OR (LABS_PUBS:""1782"")) AND AUTH:""Goossens A""",0,0,
Pollier J,"((ACCESSION_TYPE:""metabolights"") OR (LABS_PUBS:""1782"")) AND AUTH:""Pollier J""",0,0,
Vaughan-Hirsch J,"((ACCESSION_TYPE:""metabolights"") OR (LABS_PUBS:""1782"")) AND AUTH:""Vaughan-Hirsch J""",0,0,
Tallerday EJ,"((ACCESSION_TYPE:""metabolights"") OR (LABS_PUBS:""1782"")) AND AUTH:""Tallerday EJ""",0,0,
Burr CA,"((ACCESSION_TYPE:""metabolights"") OR (LABS_PUBS:""1782"")) AND AUTH:""Burr CA""",0,0,
Hodgens C,"((ACCESSION_TYPE:""metabolights"") OR (LABS_PUBS:""1782"")) AND AUTH:""Hodgens C""",0,0,
Boeshore SL,"((ACCESSION_TYPE:""metabolights"") OR (LABS_PUBS:""1782"")) AND AUTH:""Boeshore SL""",0,0,
Beaver K,"((ACCESSION_TYPE:""metabolights"") OR (LABS_PUBS:""1782"")) AND AUTH:""Beaver K""",0,0,
Melling A,"((ACCESSION_TYPE:""metabolights"") OR (LABS_PUBS:""1782"")) AND AUTH:""Melling A""",0,0,
Sari K,"((ACCESSION_TYPE:""metabolights"") OR (LABS_PUBS:""1782"")) AND AUTH:""Sari K""",0,0,
Kerr ID,"((ACCESSION_TYPE:""metabolights"") OR (LABS_PUBS:""1782"")) AND AUTH:""Kerr ID""",0,0,
Xu D,"((ACCESSION_TYPE:""metabolights"") OR (LABS_PUBS:""1782"")) AND AUTH:""Xu D""",3,1,
Liang W,"((ACCESSION_TYPE:""metabolights"") OR (LABS_PUBS:""1782"")) AND AUTH:""Liang W""",2,2,
Bhosale R,"((ACCESSION_TYPE:""metabolights"") OR (LABS_PUBS:""1782"")) AND AUTH:""Bhosale R""",0,0,
Schaller GE,"((ACCESSION_TYPE:""metabolights"") OR (LABS_PUBS:""1782"")) AND AUTH:""Schaller GE""",0,0,
Bishopp A,"((ACCESSION_TYPE:""metabolights"") OR (LABS_PUBS:""1782"")) AND AUTH:""Bishopp A""",0,0,
Kieber JJ,"((ACCESSION_TYPE:""metabolights"") OR (LABS_PUBS:""1782"")) AND AUTH:""Kieber JJ""",0,0,
Svenvik M,"((ACCESSION_TYPE:""metabolights"") OR (LABS_PUBS:""1782"")) AND AUTH:""Svenvik M""",0,0,
Raffetseder J,"((ACCESSION_TYPE:""metabolights"") OR (LABS_PUBS:""1782"")) AND AUTH:""Raffetseder J""",0,0,
Brudin L,"((ACCESSION_TYPE:""metabolights"") OR (LABS_PUBS:""1782"")) AND AUTH:""Brudin L""",0,0,
Blomberg M,"((ACCESSION_TYPE:""metabolights"") OR (LABS_PUBS:""1782"")) AND AUTH:""Blomberg M""",0,0,
Axelsson D,"((ACCESSION_TYPE:""metabolights"") OR (LABS_PUBS:""1782"")) AND AUTH:""Axelsson D""",0,0,
Jenmalm MC,"((ACCESSION_TYPE:""metabolights"") OR (LABS_PUBS:""1782"")) AND AUTH:""Jenmalm MC""",0,0,
Ernerudh J,"((ACCESSION_TYPE:""metabolights"") OR (LABS_PUBS:""1782"")) AND AUTH:""Ernerudh J""",0,0,
Natarajan K,"((ACCESSION_TYPE:""metabolights"") OR (LABS_PUBS:""1782"")) AND AUTH:""Natarajan K""",0,0,
Ullgren A,"((ACCESSION_TYPE:""metabolights"") OR (LABS_PUBS:""1782"")) AND AUTH:""Ullgren A""",0,0,
Khoshnood B,"((ACCESSION_TYPE:""metabolights"") OR (LABS_PUBS:""1782"")) AND AUTH:""Khoshnood B""",0,0,
Johansson C,"((ACCESSION_TYPE:""metabolights"") OR (LABS_PUBS:""1782"")) AND AUTH:""Johansson C""",0,0,
Laffita-Mesa JM,"((ACCESSION_TYPE:""metabolights"") OR (LABS_PUBS:""1782"")) AND AUTH:""Laffita-Mesa JM""",0,0,
Pannee J,"((ACCESSION_TYPE:""metabolights"") OR (LABS_PUBS:""1782"")) AND AUTH:""Pannee J""",0,0,
Zetterberg H,"((ACCESSION_TYPE:""metabolights"") OR (LABS_PUBS:""1782"")) AND AUTH:""Zetterberg H""",1,1,
Blennow K,"((ACCESSION_TYPE:""metabolights"") OR (LABS_PUBS:""1782"")) AND AUTH:""Blennow K""",0,0,
Graff C,"((ACCESSION_TYPE:""metabolights"") OR (LABS_PUBS:""1782"")) AND AUTH:""Graff C""",0,0,
Mähler N,"((ACCESSION_TYPE:""metabolights"") OR (LABS_PUBS:""1782"")) AND AUTH:""Mähler N""",2,1,
Escamez S,"((ACCESSION_TYPE:""metabolights"") OR (LABS_PUBS:""1782"")) AND AUTH:""Escamez S""",1,0,
Skotare T,"((ACCESSION_TYPE:""metabolights"") OR (LABS_PUBS:""1782"")) AND AUTH:""Skotare T""",2,1,
Obudulu O,"((ACCESSION_TYPE:""metabolights"") OR (LABS_PUBS:""1782"")) AND AUTH:""Obudulu O""",2,1,
Möller L,"((ACCESSION_TYPE:""metabolights"") OR (LABS_PUBS:""1782"")) AND AUTH:""Möller L""",1,0,
Bygdell J,"((ACCESSION_TYPE:""metabolights"") OR (LABS_PUBS:""1782"")) AND AUTH:""Bygdell J""",2,1,
Hvidsten TR,"((ACCESSION_TYPE:""metabolights"") OR (LABS_PUBS:""1782"")) AND AUTH:""Hvidsten TR""",4,3,
Wingsle G,"((ACCESSION_TYPE:""metabolights"") OR (LABS_PUBS:""1782"")) AND AUTH:""Wingsle G""",2,1,
Tuominen H,"((ACCESSION_TYPE:""metabolights"") OR (LABS_PUBS:""1782"")) AND AUTH:""Tuominen H""",2,1,
Herdenberg C,"((ACCESSION_TYPE:""metabolights"") OR (LABS_PUBS:""1782"")) AND AUTH:""Herdenberg C""",0,0,
Mutie PM,"((ACCESSION_TYPE:""metabolights"") OR (LABS_PUBS:""1782"")) AND AUTH:""Mutie PM""",0,0,
Abdullah A,"((ACCESSION_TYPE:""metabolights"") OR (LABS_PUBS:""1782"")) AND AUTH:""Abdullah A""",0,0,
Strawbridge RJ,"((ACCESSION_TYPE:""metabolights"") OR (LABS_PUBS:""1782"")) AND AUTH:""Strawbridge RJ""",0,0,
Tuck S,"((ACCESSION_TYPE:""metabolights"") OR (LABS_PUBS:""1782"")) AND AUTH:""Tuck S""",0,0,
Holmlund C,"((ACCESSION_TYPE:""metabolights"") OR (LABS_PUBS:""1782"")) AND AUTH:""Holmlund C""",0,0,
Arner P,"((ACCESSION_TYPE:""metabolights"") OR (LABS_PUBS:""1782"")) AND AUTH:""Arner P""",0,0,
Henriksson R,"((ACCESSION_TYPE:""metabolights"") OR (LABS_PUBS:""1782"")) AND AUTH:""Henriksson R""",0,0,
Franks PW,"((ACCESSION_TYPE:""metabolights"") OR (LABS_PUBS:""1782"")) AND AUTH:""Franks PW""",0,0,
Dominguez PG,"((ACCESSION_TYPE:""metabolights"") OR (LABS_PUBS:""1782"")) AND AUTH:""Dominguez PG""",0,0,
Donev E,"((ACCESSION_TYPE:""metabolights"") OR (LABS_PUBS:""1782"")) AND AUTH:""Donev E""",0,0,
Bünder A,"((ACCESSION_TYPE:""metabolights"") OR (LABS_PUBS:""1782"")) AND AUTH:""Bünder A""",0,0,
Tomášková I,"((ACCESSION_TYPE:""metabolights"") OR (LABS_PUBS:""1782"")) AND AUTH:""Tomášková I""",0,0,
Landberg K,"((ACCESSION_TYPE:""metabolights"") OR (LABS_PUBS:""1782"")) AND AUTH:""Landberg K""",0,0,
Sundberg E,"((ACCESSION_TYPE:""metabolights"") OR (LABS_PUBS:""1782"")) AND AUTH:""Sundberg E""",1,1,
Thelander M,"((ACCESSION_TYPE:""metabolights"") OR (LABS_PUBS:""1782"")) AND AUTH:""Thelander M""",0,0,
Jansson JH,"((ACCESSION_TYPE:""metabolights"") OR (LABS_PUBS:""1782"")) AND AUTH:""Jansson JH""",0,0,
Wennberg P,"((ACCESSION_TYPE:""metabolights"") OR (LABS_PUBS:""1782"")) AND AUTH:""Wennberg P""",0,0,
Reithuber E,"((ACCESSION_TYPE:""metabolights"") OR (LABS_PUBS:""1782"")) AND AUTH:""Reithuber E""",0,0,
Nannapaneni P,"((ACCESSION_TYPE:""metabolights"") OR (LABS_PUBS:""1782"")) AND AUTH:""Nannapaneni P""",0,0,
Lindgren AEG,"((ACCESSION_TYPE:""metabolights"") OR (LABS_PUBS:""1782"")) AND AUTH:""Lindgren AEG""",0,0,
Normark S,"((ACCESSION_TYPE:""metabolights"") OR (LABS_PUBS:""1782"")) AND AUTH:""Normark S""",0,0,
Almqvist F,"((ACCESSION_TYPE:""metabolights"") OR (LABS_PUBS:""1782"")) AND AUTH:""Almqvist F""",0,0,
Henriques-Normark B,"((ACCESSION_TYPE:""metabolights"") OR (LABS_PUBS:""1782"")) AND AUTH:""Henriques-Normark B""",0,0,
Mellroth P,"((ACCESSION_TYPE:""metabolights"") OR (LABS_PUBS:""1782"")) AND AUTH:""Mellroth P""",0,0,
Gaillochet C,"((ACCESSION_TYPE:""metabolights"") OR (LABS_PUBS:""1782"")) AND AUTH:""Gaillochet C""",0,0,
Burko Y,"((ACCESSION_TYPE:""metabolights"") OR (LABS_PUBS:""1782"")) AND AUTH:""Burko Y""",0,0,
Platre MP,"((ACCESSION_TYPE:""metabolights"") OR (LABS_PUBS:""1782"")) AND AUTH:""Platre MP""",0,0,
Zhang L,"((ACCESSION_TYPE:""metabolights"") OR (LABS_PUBS:""1782"")) AND AUTH:""Zhang L""",24,12,
Willige BC,"((ACCESSION_TYPE:""metabolights"") OR (LABS_PUBS:""1782"")) AND AUTH:""Willige BC""",0,0,
Kumar SV,"((ACCESSION_TYPE:""metabolights"") OR (LABS_PUBS:""1782"")) AND AUTH:""Kumar SV""",0,0,
Chory J,"((ACCESSION_TYPE:""metabolights"") OR (LABS_PUBS:""1782"")) AND AUTH:""Chory J""",0,0,
Busch W,"((ACCESSION_TYPE:""metabolights"") OR (LABS_PUBS:""1782"")) AND AUTH:""Busch W""",0,0,
De Zio E,"((ACCESSION_TYPE:""metabolights"") OR (LABS_PUBS:""1782"")) AND AUTH:""De Zio E""",0,0,
Montagnoli A,"((ACCESSION_TYPE:""metabolights"") OR (LABS_PUBS:""1782"")) AND AUTH:""Montagnoli A""",0,0,
Terzaghi M,"((ACCESSION_TYPE:""metabolights"") OR (LABS_PUBS:""1782"")) AND AUTH:""Terzaghi M""",0,0,
Sferra G,"((ACCESSION_TYPE:""metabolights"") OR (LABS_PUBS:""1782"")) AND AUTH:""Sferra G""",0,0,
Scippa GS,"((ACCESSION_TYPE:""metabolights"") OR (LABS_PUBS:""1782"")) AND AUTH:""Scippa GS""",0,0,
Chiatante D,"((ACCESSION_TYPE:""metabolights"") OR (LABS_PUBS:""1782"")) AND AUTH:""Chiatante D""",0,0,
Trupiano D,"((ACCESSION_TYPE:""metabolights"") OR (LABS_PUBS:""1782"")) AND AUTH:""Trupiano D""",0,0,
Antunes ERM,"((ACCESSION_TYPE:""metabolights"") OR (LABS_PUBS:""1782"")) AND AUTH:""Antunes ERM""",0,0,
Duarte RS,"((ACCESSION_TYPE:""metabolights"") OR (LABS_PUBS:""1782"")) AND AUTH:""Duarte RS""",0,0,
Aksmann A,"((ACCESSION_TYPE:""metabolights"") OR (LABS_PUBS:""1782"")) AND AUTH:""Aksmann A""",0,0,
Bajhaiya AK,"((ACCESSION_TYPE:""metabolights"") OR (LABS_PUBS:""1782"")) AND AUTH:""Bajhaiya AK""",0,0,
Benlloch R,"((ACCESSION_TYPE:""metabolights"") OR (LABS_PUBS:""1782"")) AND AUTH:""Benlloch R""",0,0,
Giordano M,"((ACCESSION_TYPE:""metabolights"") OR (LABS_PUBS:""1782"")) AND AUTH:""Giordano M""",0,0,
Pokora W,"((ACCESSION_TYPE:""metabolights"") OR (LABS_PUBS:""1782"")) AND AUTH:""Pokora W""",0,0,
Selstam E,"((ACCESSION_TYPE:""metabolights"") OR (LABS_PUBS:""1782"")) AND AUTH:""Selstam E""",0,0,
Sokołowska K,"((ACCESSION_TYPE:""metabolights"") OR (LABS_PUBS:""1782"")) AND AUTH:""Sokołowska K""",0,0,
Sundberg B,"((ACCESSION_TYPE:""metabolights"") OR (LABS_PUBS:""1782"")) AND AUTH:""Sundberg B""",1,1,
Späth F,"((ACCESSION_TYPE:""metabolights"") OR (LABS_PUBS:""1782"")) AND AUTH:""Späth F""",0,0,
Dong Y,"((ACCESSION_TYPE:""metabolights"") OR (LABS_PUBS:""1782"")) AND AUTH:""Dong Y""",6,3,
Majda M,"((ACCESSION_TYPE:""metabolights"") OR (LABS_PUBS:""1782"")) AND AUTH:""Majda M""",0,0,
Horvath R,"((ACCESSION_TYPE:""metabolights"") OR (LABS_PUBS:""1782"")) AND AUTH:""Horvath R""",0,0,
Srivastava AK,"((ACCESSION_TYPE:""metabolights"") OR (LABS_PUBS:""1782"")) AND AUTH:""Srivastava AK""",0,0,
Łangowski Ł,"((ACCESSION_TYPE:""metabolights"") OR (LABS_PUBS:""1782"")) AND AUTH:""Łangowski Ł""",0,0,
Eldridge T,"((ACCESSION_TYPE:""metabolights"") OR (LABS_PUBS:""1782"")) AND AUTH:""Eldridge T""",0,0,
Stacey N,"((ACCESSION_TYPE:""metabolights"") OR (LABS_PUBS:""1782"")) AND AUTH:""Stacey N""",0,0,
Slotte T,"((ACCESSION_TYPE:""metabolights"") OR (LABS_PUBS:""1782"")) AND AUTH:""Slotte T""",0,0,
Sadanandom A,"((ACCESSION_TYPE:""metabolights"") OR (LABS_PUBS:""1782"")) AND AUTH:""Sadanandom A""",0,0,
Smith RS,"((ACCESSION_TYPE:""metabolights"") OR (LABS_PUBS:""1782"")) AND AUTH:""Smith RS""",0,0,
Østergaard L,"((ACCESSION_TYPE:""metabolights"") OR (LABS_PUBS:""1782"")) AND AUTH:""Østergaard L""",0,0,
Tebani A,"((ACCESSION_TYPE:""metabolights"") OR (LABS_PUBS:""1782"")) AND AUTH:""Tebani A""",0,0,
Gummesson A,"((ACCESSION_TYPE:""metabolights"") OR (LABS_PUBS:""1782"")) AND AUTH:""Gummesson A""",0,0,
Zhong W,"((ACCESSION_TYPE:""metabolights"") OR (LABS_PUBS:""1782"")) AND AUTH:""Zhong W""",1,1,
Koistinen IS,"((ACCESSION_TYPE:""metabolights"") OR (LABS_PUBS:""1782"")) AND AUTH:""Koistinen IS""",0,0,
Lakshmikanth T,"((ACCESSION_TYPE:""metabolights"") OR (LABS_PUBS:""1782"")) AND AUTH:""Lakshmikanth T""",0,0,
Olsson LM,"((ACCESSION_TYPE:""metabolights"") OR (LABS_PUBS:""1782"")) AND AUTH:""Olsson LM""",0,0,
Karlsson MJ,"((ACCESSION_TYPE:""metabolights"") OR (LABS_PUBS:""1782"")) AND AUTH:""Karlsson MJ""",0,0,
Dodig-Crnković T,"((ACCESSION_TYPE:""metabolights"") OR (LABS_PUBS:""1782"")) AND AUTH:""Dodig-Crnković T""",0,0,
Lee S,"((ACCESSION_TYPE:""metabolights"") OR (LABS_PUBS:""1782"")) AND AUTH:""Lee S""",11,5,
Chen Y,"((ACCESSION_TYPE:""metabolights"") OR (LABS_PUBS:""1782"")) AND AUTH:""Chen Y""",32,18,
Olin A,"((ACCESSION_TYPE:""metabolights"") OR (LABS_PUBS:""1782"")) AND AUTH:""Olin A""",0,0,
Mikes J,"((ACCESSION_TYPE:""metabolights"") OR (LABS_PUBS:""1782"")) AND AUTH:""Mikes J""",0,0,
Danielsson H,"((ACCESSION_TYPE:""metabolights"") OR (LABS_PUBS:""1782"")) AND AUTH:""Danielsson H""",0,0,
von Feilitzen K,"((ACCESSION_TYPE:""metabolights"") OR (LABS_PUBS:""1782"")) AND AUTH:""von Feilitzen K""",0,0,
Angerås O,"((ACCESSION_TYPE:""metabolights"") OR (LABS_PUBS:""1782"")) AND AUTH:""Angerås O""",0,0,
Huss M,"((ACCESSION_TYPE:""metabolights"") OR (LABS_PUBS:""1782"")) AND AUTH:""Huss M""",0,0,
Kjellqvist S,"((ACCESSION_TYPE:""metabolights"") OR (LABS_PUBS:""1782"")) AND AUTH:""Kjellqvist S""",0,0,
Odeberg J,"((ACCESSION_TYPE:""metabolights"") OR (LABS_PUBS:""1782"")) AND AUTH:""Odeberg J""",0,0,
Edfors F,"((ACCESSION_TYPE:""metabolights"") OR (LABS_PUBS:""1782"")) AND AUTH:""Edfors F""",0,0,
Tremaroli V,"((ACCESSION_TYPE:""metabolights"") OR (LABS_PUBS:""1782"")) AND AUTH:""Tremaroli V""",0,0,
Forsström B,"((ACCESSION_TYPE:""metabolights"") OR (LABS_PUBS:""1782"")) AND AUTH:""Forsström B""",0,0,
Schwenk JM,"((ACCESSION_TYPE:""metabolights"") OR (LABS_PUBS:""1782"")) AND AUTH:""Schwenk JM""",0,0,
Bäckhed F,"((ACCESSION_TYPE:""metabolights"") OR (LABS_PUBS:""1782"")) AND AUTH:""Bäckhed F""",0,0,
Brodin P,"((ACCESSION_TYPE:""metabolights"") OR (LABS_PUBS:""1782"")) AND AUTH:""Brodin P""",0,0,
Bergström G,"((ACCESSION_TYPE:""metabolights"") OR (LABS_PUBS:""1782"")) AND AUTH:""Bergström G""",0,0,
Uhlen M,"((ACCESSION_TYPE:""metabolights"") OR (LABS_PUBS:""1782"")) AND AUTH:""Uhlen M""",0,0,
Fagerberg L,"((ACCESSION_TYPE:""metabolights"") OR (LABS_PUBS:""1782"")) AND AUTH:""Fagerberg L""",0,0,
Gelová Z,"((ACCESSION_TYPE:""metabolights"") OR (LABS_PUBS:""1782"")) AND AUTH:""Gelová Z""",0,0,
Johnson A,"((ACCESSION_TYPE:""metabolights"") OR (LABS_PUBS:""1782"")) AND AUTH:""Johnson A""",2,2,
Plíhal O,"((ACCESSION_TYPE:""metabolights"") OR (LABS_PUBS:""1782"")) AND AUTH:""Plíhal O""",0,0,
Simerský R,"((ACCESSION_TYPE:""metabolights"") OR (LABS_PUBS:""1782"")) AND AUTH:""Simerský R""",0,0,
Mik V,"((ACCESSION_TYPE:""metabolights"") OR (LABS_PUBS:""1782"")) AND AUTH:""Mik V""",0,0,
Vain T,"((ACCESSION_TYPE:""metabolights"") OR (LABS_PUBS:""1782"")) AND AUTH:""Vain T""",0,0,
Plačková L,"((ACCESSION_TYPE:""metabolights"") OR (LABS_PUBS:""1782"")) AND AUTH:""Plačková L""",0,0,
Opassathian K,"((ACCESSION_TYPE:""metabolights"") OR (LABS_PUBS:""1782"")) AND AUTH:""Opassathian K""",0,0,
Hejátko J,"((ACCESSION_TYPE:""metabolights"") OR (LABS_PUBS:""1782"")) AND AUTH:""Hejátko J""",0,0,
Friml J,"((ACCESSION_TYPE:""metabolights"") OR (LABS_PUBS:""1782"")) AND AUTH:""Friml J""",0,0,
Moessinger C,"((ACCESSION_TYPE:""metabolights"") OR (LABS_PUBS:""1782"")) AND AUTH:""Moessinger C""",0,0,
Nilsson I,"((ACCESSION_TYPE:""metabolights"") OR (LABS_PUBS:""1782"")) AND AUTH:""Nilsson I""",0,0,
Muhl L,"((ACCESSION_TYPE:""metabolights"") OR (LABS_PUBS:""1782"")) AND AUTH:""Muhl L""",0,0,
Zeitelhofer M,"((ACCESSION_TYPE:""metabolights"") OR (LABS_PUBS:""1782"")) AND AUTH:""Zeitelhofer M""",0,0,
Heller Sahlgren B,"((ACCESSION_TYPE:""metabolights"") OR (LABS_PUBS:""1782"")) AND AUTH:""Heller Sahlgren B""",0,0,
Skogsberg J,"((ACCESSION_TYPE:""metabolights"") OR (LABS_PUBS:""1782"")) AND AUTH:""Skogsberg J""",0,0,
Vihlborg P,"((ACCESSION_TYPE:""metabolights"") OR (LABS_PUBS:""1782"")) AND AUTH:""Vihlborg P""",0,0,
Graff P,"((ACCESSION_TYPE:""metabolights"") OR (LABS_PUBS:""1782"")) AND AUTH:""Graff P""",0,0,
Hagenbjörk A,"((ACCESSION_TYPE:""metabolights"") OR (LABS_PUBS:""1782"")) AND AUTH:""Hagenbjörk A""",0,0,
Hadrévi J,"((ACCESSION_TYPE:""metabolights"") OR (LABS_PUBS:""1782"")) AND AUTH:""Hadrévi J""",0,0,
Bryngelsson IL,"((ACCESSION_TYPE:""metabolights"") OR (LABS_PUBS:""1782"")) AND AUTH:""Bryngelsson IL""",0,0,
Eriksson K,"((ACCESSION_TYPE:""metabolights"") OR (LABS_PUBS:""1782"")) AND AUTH:""Eriksson K""",0,0,
González-Suárez P,"((ACCESSION_TYPE:""metabolights"") OR (LABS_PUBS:""1782"")) AND AUTH:""González-Suárez P""",0,0,
Wilson ZA,"((ACCESSION_TYPE:""metabolights"") OR (LABS_PUBS:""1782"")) AND AUTH:""Wilson ZA""",0,0,
Diamanti K,"((ACCESSION_TYPE:""metabolights"") OR (LABS_PUBS:""1782"")) AND AUTH:""Diamanti K""",3,0,
Visvanathar R,"((ACCESSION_TYPE:""metabolights"") OR (LABS_PUBS:""1782"")) AND AUTH:""Visvanathar R""",2,0,
Pereira MJ,"((ACCESSION_TYPE:""metabolights"") OR (LABS_PUBS:""1782"")) AND AUTH:""Pereira MJ""",3,0,
Cavalli M,"((ACCESSION_TYPE:""metabolights"") OR (LABS_PUBS:""1782"")) AND AUTH:""Cavalli M""",3,0,
Pan G,"((ACCESSION_TYPE:""metabolights"") OR (LABS_PUBS:""1782"")) AND AUTH:""Pan G""",3,0,
Kumar C,"((ACCESSION_TYPE:""metabolights"") OR (LABS_PUBS:""1782"")) AND AUTH:""Kumar C""",3,0,
Risérus U,"((ACCESSION_TYPE:""metabolights"") OR (LABS_PUBS:""1782"")) AND AUTH:""Risérus U""",3,0,
Eriksson JW,"((ACCESSION_TYPE:""metabolights"") OR (LABS_PUBS:""1782"")) AND AUTH:""Eriksson JW""",3,0,
Kullberg J,"((ACCESSION_TYPE:""metabolights"") OR (LABS_PUBS:""1782"")) AND AUTH:""Kullberg J""",2,0,
Komorowski J,"((ACCESSION_TYPE:""metabolights"") OR (LABS_PUBS:""1782"")) AND AUTH:""Komorowski J""",3,0,
Wadelius C,"((ACCESSION_TYPE:""metabolights"") OR (LABS_PUBS:""1782"")) AND AUTH:""Wadelius C""",3,0,
Ahlström H,"((ACCESSION_TYPE:""metabolights"") OR (LABS_PUBS:""1782"")) AND AUTH:""Ahlström H""",2,0,
Thysell E,"((ACCESSION_TYPE:""metabolights"") OR (LABS_PUBS:""1782"")) AND AUTH:""Thysell E""",0,0,
Lundquist K,"((ACCESSION_TYPE:""metabolights"") OR (LABS_PUBS:""1782"")) AND AUTH:""Lundquist K""",0,0,
Iglesias-Gato D,"((ACCESSION_TYPE:""metabolights"") OR (LABS_PUBS:""1782"")) AND AUTH:""Iglesias-Gato D""",0,0,
Flores-Morales A,"((ACCESSION_TYPE:""metabolights"") OR (LABS_PUBS:""1782"")) AND AUTH:""Flores-Morales A""",0,0,
Bergh A,"((ACCESSION_TYPE:""metabolights"") OR (LABS_PUBS:""1782"")) AND AUTH:""Bergh A""",0,0,
Wikström P,"((ACCESSION_TYPE:""metabolights"") OR (LABS_PUBS:""1782"")) AND AUTH:""Wikström P""",0,0,
Hubert M,"((ACCESSION_TYPE:""metabolights"") OR (LABS_PUBS:""1782"")) AND AUTH:""Hubert M""",0,0,
Larsson E,"((ACCESSION_TYPE:""metabolights"") OR (LABS_PUBS:""1782"")) AND AUTH:""Larsson E""",0,0,
Vegesna NVG,"((ACCESSION_TYPE:""metabolights"") OR (LABS_PUBS:""1782"")) AND AUTH:""Vegesna NVG""",0,0,
Moodie LW,"((ACCESSION_TYPE:""metabolights"") OR (LABS_PUBS:""1782"")) AND AUTH:""Moodie LW""",0,0,
Weber D,"((ACCESSION_TYPE:""metabolights"") OR (LABS_PUBS:""1782"")) AND AUTH:""Weber D""",2,1,
Egan PA,"((ACCESSION_TYPE:""metabolights"") OR (LABS_PUBS:""1782"")) AND AUTH:""Egan PA""",0,0,
Ericson LE,"((ACCESSION_TYPE:""metabolights"") OR (LABS_PUBS:""1782"")) AND AUTH:""Ericson LE""",0,0,
Stenberg JA,"((ACCESSION_TYPE:""metabolights"") OR (LABS_PUBS:""1782"")) AND AUTH:""Stenberg JA""",0,0,
Bos MM,"((ACCESSION_TYPE:""metabolights"") OR (LABS_PUBS:""1782"")) AND AUTH:""Bos MM""",0,0,
Noordam R,"((ACCESSION_TYPE:""metabolights"") OR (LABS_PUBS:""1782"")) AND AUTH:""Noordam R""",0,0,
Bennett K,"((ACCESSION_TYPE:""metabolights"") OR (LABS_PUBS:""1782"")) AND AUTH:""Bennett K""",0,0,
Beekman M,"((ACCESSION_TYPE:""metabolights"") OR (LABS_PUBS:""1782"")) AND AUTH:""Beekman M""",2,1,
Mook-Kanamori DO,"((ACCESSION_TYPE:""metabolights"") OR (LABS_PUBS:""1782"")) AND AUTH:""Mook-Kanamori DO""",0,0,
Willems van Dijk K,"((ACCESSION_TYPE:""metabolights"") OR (LABS_PUBS:""1782"")) AND AUTH:""Willems van Dijk K""",0,0,
Slagboom PE,"((ACCESSION_TYPE:""metabolights"") OR (LABS_PUBS:""1782"")) AND AUTH:""Slagboom PE""",2,1,
Lundstedt T,"((ACCESSION_TYPE:""metabolights"") OR (LABS_PUBS:""1782"")) AND AUTH:""Lundstedt T""",0,0,
van Heemst D,"((ACCESSION_TYPE:""metabolights"") OR (LABS_PUBS:""1782"")) AND AUTH:""van Heemst D""",1,1,
Khoomrung S,"((ACCESSION_TYPE:""metabolights"") OR (LABS_PUBS:""1782"")) AND AUTH:""Khoomrung S""",0,0,
Nookaew I,"((ACCESSION_TYPE:""metabolights"") OR (LABS_PUBS:""1782"")) AND AUTH:""Nookaew I""",2,2,
Sen P,"((ACCESSION_TYPE:""metabolights"") OR (LABS_PUBS:""1782"")) AND AUTH:""Sen P""",2,2,
Olafsdottir TA,"((ACCESSION_TYPE:""metabolights"") OR (LABS_PUBS:""1782"")) AND AUTH:""Olafsdottir TA""",0,0,
Persson J,"((ACCESSION_TYPE:""metabolights"") OR (LABS_PUBS:""1782"")) AND AUTH:""Persson J""",0,0,
Andersen P,"((ACCESSION_TYPE:""metabolights"") OR (LABS_PUBS:""1782"")) AND AUTH:""Andersen P""",0,0,
Harandi AM,"((ACCESSION_TYPE:""metabolights"") OR (LABS_PUBS:""1782"")) AND AUTH:""Harandi AM""",0,0,
Nielsen J,"((ACCESSION_TYPE:""metabolights"") OR (LABS_PUBS:""1782"")) AND AUTH:""Nielsen J""",2,1,
Tabatabaei P,"((ACCESSION_TYPE:""metabolights"") OR (LABS_PUBS:""1782"")) AND AUTH:""Tabatabaei P""",0,0,
Bergström P,"((ACCESSION_TYPE:""metabolights"") OR (LABS_PUBS:""1782"")) AND AUTH:""Bergström P""",0,0,
Asklund T,"((ACCESSION_TYPE:""metabolights"") OR (LABS_PUBS:""1782"")) AND AUTH:""Asklund T""",0,0,
Hajheidari M,"((ACCESSION_TYPE:""metabolights"") OR (LABS_PUBS:""1782"")) AND AUTH:""Hajheidari M""",0,0,
Bhatia N,"((ACCESSION_TYPE:""metabolights"") OR (LABS_PUBS:""1782"")) AND AUTH:""Bhatia N""",0,0,
Vuolo F,"((ACCESSION_TYPE:""metabolights"") OR (LABS_PUBS:""1782"")) AND AUTH:""Vuolo F""",0,0,
Franco-Zorrilla JM,"((ACCESSION_TYPE:""metabolights"") OR (LABS_PUBS:""1782"")) AND AUTH:""Franco-Zorrilla JM""",0,0,
Mentink RA,"((ACCESSION_TYPE:""metabolights"") OR (LABS_PUBS:""1782"")) AND AUTH:""Mentink RA""",0,0,
Wu A,"((ACCESSION_TYPE:""metabolights"") OR (LABS_PUBS:""1782"")) AND AUTH:""Wu A""",0,0,
Oluwatobi BR,"((ACCESSION_TYPE:""metabolights"") OR (LABS_PUBS:""1782"")) AND AUTH:""Oluwatobi BR""",0,0,
Müller B,"((ACCESSION_TYPE:""metabolights"") OR (LABS_PUBS:""1782"")) AND AUTH:""Müller B""",0,0,
Dello Ioio R,"((ACCESSION_TYPE:""metabolights"") OR (LABS_PUBS:""1782"")) AND AUTH:""Dello Ioio R""",0,0,
Laurent S,"((ACCESSION_TYPE:""metabolights"") OR (LABS_PUBS:""1782"")) AND AUTH:""Laurent S""",0,0,
Huijser P,"((ACCESSION_TYPE:""metabolights"") OR (LABS_PUBS:""1782"")) AND AUTH:""Huijser P""",0,0,
Gan X,"((ACCESSION_TYPE:""metabolights"") OR (LABS_PUBS:""1782"")) AND AUTH:""Gan X""",0,0,
Tsiantis M,"((ACCESSION_TYPE:""metabolights"") OR (LABS_PUBS:""1782"")) AND AUTH:""Tsiantis M""",0,0,
van der Woude LC,"((ACCESSION_TYPE:""metabolights"") OR (LABS_PUBS:""1782"")) AND AUTH:""van der Woude LC""",0,0,
Perrella G,"((ACCESSION_TYPE:""metabolights"") OR (LABS_PUBS:""1782"")) AND AUTH:""Perrella G""",0,0,
van Hoogdalem M,"((ACCESSION_TYPE:""metabolights"") OR (LABS_PUBS:""1782"")) AND AUTH:""van Hoogdalem M""",0,0,
van Verk MC,"((ACCESSION_TYPE:""metabolights"") OR (LABS_PUBS:""1782"")) AND AUTH:""van Verk MC""",0,0,
van Kooten HN,"((ACCESSION_TYPE:""metabolights"") OR (LABS_PUBS:""1782"")) AND AUTH:""van Kooten HN""",0,0,
Zorn LE,"((ACCESSION_TYPE:""metabolights"") OR (LABS_PUBS:""1782"")) AND AUTH:""Zorn LE""",0,0,
Tonckens R,"((ACCESSION_TYPE:""metabolights"") OR (LABS_PUBS:""1782"")) AND AUTH:""Tonckens R""",0,0,
Dongus JA,"((ACCESSION_TYPE:""metabolights"") OR (LABS_PUBS:""1782"")) AND AUTH:""Dongus JA""",0,0,
Praat M,"((ACCESSION_TYPE:""metabolights"") OR (LABS_PUBS:""1782"")) AND AUTH:""Praat M""",0,0,
Stouten EA,"((ACCESSION_TYPE:""metabolights"") OR (LABS_PUBS:""1782"")) AND AUTH:""Stouten EA""",0,0,
Proveniers MCG,"((ACCESSION_TYPE:""metabolights"") OR (LABS_PUBS:""1782"")) AND AUTH:""Proveniers MCG""",0,0,
Vellutini E,"((ACCESSION_TYPE:""metabolights"") OR (LABS_PUBS:""1782"")) AND AUTH:""Vellutini E""",0,0,
Patitaki E,"((ACCESSION_TYPE:""metabolights"") OR (LABS_PUBS:""1782"")) AND AUTH:""Patitaki E""",0,0,
Shapulatov U,"((ACCESSION_TYPE:""metabolights"") OR (LABS_PUBS:""1782"")) AND AUTH:""Shapulatov U""",0,0,
Kohlen W,"((ACCESSION_TYPE:""metabolights"") OR (LABS_PUBS:""1782"")) AND AUTH:""Kohlen W""",0,0,
Balasubramanian S,"((ACCESSION_TYPE:""metabolights"") OR (LABS_PUBS:""1782"")) AND AUTH:""Balasubramanian S""",0,0,
van der Krol AR,"((ACCESSION_TYPE:""metabolights"") OR (LABS_PUBS:""1782"")) AND AUTH:""van der Krol AR""",0,0,
Kaiserli E,"((ACCESSION_TYPE:""metabolights"") OR (LABS_PUBS:""1782"")) AND AUTH:""Kaiserli E""",0,0,
Muthu M,"((ACCESSION_TYPE:""metabolights"") OR (LABS_PUBS:""1782"")) AND AUTH:""Muthu M""",0,0,
Syed Khaja AS,"((ACCESSION_TYPE:""metabolights"") OR (LABS_PUBS:""1782"")) AND AUTH:""Syed Khaja AS""",0,0,
Persson JL,"((ACCESSION_TYPE:""metabolights"") OR (LABS_PUBS:""1782"")) AND AUTH:""Persson JL""",0,0,
Wuolikainen A,"((ACCESSION_TYPE:""metabolights"") OR (LABS_PUBS:""1782"")) AND AUTH:""Wuolikainen A""",0,0,
Wu J,"((ACCESSION_TYPE:""metabolights"") OR (LABS_PUBS:""1782"")) AND AUTH:""Wu J""",9,1,
Öhman A,"((ACCESSION_TYPE:""metabolights"") OR (LABS_PUBS:""1782"")) AND AUTH:""Öhman A""",0,0,
Kloth KJ,"((ACCESSION_TYPE:""metabolights"") OR (LABS_PUBS:""1782"")) AND AUTH:""Kloth KJ""",0,0,
Petřík I,"((ACCESSION_TYPE:""metabolights"") OR (LABS_PUBS:""1782"")) AND AUTH:""Petřík I""",0,0,
Villard C,"((ACCESSION_TYPE:""metabolights"") OR (LABS_PUBS:""1782"")) AND AUTH:""Villard C""",0,0,
Ström C,"((ACCESSION_TYPE:""metabolights"") OR (LABS_PUBS:""1782"")) AND AUTH:""Ström C""",0,0,
He X,"((ACCESSION_TYPE:""metabolights"") OR (LABS_PUBS:""1782"")) AND AUTH:""He X""",10,6,
Parenti M,"((ACCESSION_TYPE:""metabolights"") OR (LABS_PUBS:""1782"")) AND AUTH:""Parenti M""",0,0,
Grip T,"((ACCESSION_TYPE:""metabolights"") OR (LABS_PUBS:""1782"")) AND AUTH:""Grip T""",0,0,
Domellöf M,"((ACCESSION_TYPE:""metabolights"") OR (LABS_PUBS:""1782"")) AND AUTH:""Domellöf M""",0,0,
Lönnerdal B,"((ACCESSION_TYPE:""metabolights"") OR (LABS_PUBS:""1782"")) AND AUTH:""Lönnerdal B""",0,0,
Timby N,"((ACCESSION_TYPE:""metabolights"") OR (LABS_PUBS:""1782"")) AND AUTH:""Timby N""",0,0,
Slupsky CM,"((ACCESSION_TYPE:""metabolights"") OR (LABS_PUBS:""1782"")) AND AUTH:""Slupsky CM""",0,0,
Grabherr M,"((ACCESSION_TYPE:""metabolights"") OR (LABS_PUBS:""1782"")) AND AUTH:""Grabherr M""",1,0,
Bergman A,"((ACCESSION_TYPE:""metabolights"") OR (LABS_PUBS:""1782"")) AND AUTH:""Bergman A""",0,0,
Hellgren J,"((ACCESSION_TYPE:""metabolights"") OR (LABS_PUBS:""1782"")) AND AUTH:""Hellgren J""",0,0,
Siewers V,"((ACCESSION_TYPE:""metabolights"") OR (LABS_PUBS:""1782"")) AND AUTH:""Siewers V""",0,0,
Diab J,"((ACCESSION_TYPE:""metabolights"") OR (LABS_PUBS:""1782"")) AND AUTH:""Diab J""",0,0,
Hansen T,"((ACCESSION_TYPE:""metabolights"") OR (LABS_PUBS:""1782"")) AND AUTH:""Hansen T""",0,0,
Florholmen J,"((ACCESSION_TYPE:""metabolights"") OR (LABS_PUBS:""1782"")) AND AUTH:""Florholmen J""",0,0,
Forsdahl G,"((ACCESSION_TYPE:""metabolights"") OR (LABS_PUBS:""1782"")) AND AUTH:""Forsdahl G""",0,0,
Ceballos J,"((ACCESSION_TYPE:""metabolights"") OR (LABS_PUBS:""1782"")) AND AUTH:""Ceballos J""",0,0,
Schwalfenberg M,"((ACCESSION_TYPE:""metabolights"") OR (LABS_PUBS:""1782"")) AND AUTH:""Schwalfenberg M""",0,0,
Karageorgis G,"((ACCESSION_TYPE:""metabolights"") OR (LABS_PUBS:""1782"")) AND AUTH:""Karageorgis G""",0,0,
Reckzeh ES,"((ACCESSION_TYPE:""metabolights"") OR (LABS_PUBS:""1782"")) AND AUTH:""Reckzeh ES""",0,0,
Sievers S,"((ACCESSION_TYPE:""metabolights"") OR (LABS_PUBS:""1782"")) AND AUTH:""Sievers S""",0,0,
Ostermann C,"((ACCESSION_TYPE:""metabolights"") OR (LABS_PUBS:""1782"")) AND AUTH:""Ostermann C""",0,0,
Pahl A,"((ACCESSION_TYPE:""metabolights"") OR (LABS_PUBS:""1782"")) AND AUTH:""Pahl A""",0,0,
Sellstedt M,"((ACCESSION_TYPE:""metabolights"") OR (LABS_PUBS:""1782"")) AND AUTH:""Sellstedt M""",0,0,
Nowacki J,"((ACCESSION_TYPE:""metabolights"") OR (LABS_PUBS:""1782"")) AND AUTH:""Nowacki J""",0,0,
Carnero Corrales MA,"((ACCESSION_TYPE:""metabolights"") OR (LABS_PUBS:""1782"")) AND AUTH:""Carnero Corrales MA""",0,0,
Wilke J,"((ACCESSION_TYPE:""metabolights"") OR (LABS_PUBS:""1782"")) AND AUTH:""Wilke J""",0,0,
Laraia L,"((ACCESSION_TYPE:""metabolights"") OR (LABS_PUBS:""1782"")) AND AUTH:""Laraia L""",0,0,
Tschapalda K,"((ACCESSION_TYPE:""metabolights"") OR (LABS_PUBS:""1782"")) AND AUTH:""Tschapalda K""",0,0,
Metz M,"((ACCESSION_TYPE:""metabolights"") OR (LABS_PUBS:""1782"")) AND AUTH:""Metz M""",1,0,
Sehr DA,"((ACCESSION_TYPE:""metabolights"") OR (LABS_PUBS:""1782"")) AND AUTH:""Sehr DA""",0,0,
Brand S,"((ACCESSION_TYPE:""metabolights"") OR (LABS_PUBS:""1782"")) AND AUTH:""Brand S""",0,0,
Winklhofer K,"((ACCESSION_TYPE:""metabolights"") OR (LABS_PUBS:""1782"")) AND AUTH:""Winklhofer K""",0,0,
Janning P,"((ACCESSION_TYPE:""metabolights"") OR (LABS_PUBS:""1782"")) AND AUTH:""Janning P""",0,0,
Ziegler S,"((ACCESSION_TYPE:""metabolights"") OR (LABS_PUBS:""1782"")) AND AUTH:""Ziegler S""",0,0,
Waldmann H,"((ACCESSION_TYPE:""metabolights"") OR (LABS_PUBS:""1782"")) AND AUTH:""Waldmann H""",0,0,
Van Moerkercke A,"((ACCESSION_TYPE:""metabolights"") OR (LABS_PUBS:""1782"")) AND AUTH:""Van Moerkercke A""",0,0,
Duncan O,"((ACCESSION_TYPE:""metabolights"") OR (LABS_PUBS:""1782"")) AND AUTH:""Duncan O""",0,0,
Zander M,"((ACCESSION_TYPE:""metabolights"") OR (LABS_PUBS:""1782"")) AND AUTH:""Zander M""",0,0,
Broda M,"((ACCESSION_TYPE:""metabolights"") OR (LABS_PUBS:""1782"")) AND AUTH:""Broda M""",0,0,
Vanden Bossche R,"((ACCESSION_TYPE:""metabolights"") OR (LABS_PUBS:""1782"")) AND AUTH:""Vanden Bossche R""",0,0,
Lewsey MG,"((ACCESSION_TYPE:""metabolights"") OR (LABS_PUBS:""1782"")) AND AUTH:""Lewsey MG""",0,0,
Lama S,"((ACCESSION_TYPE:""metabolights"") OR (LABS_PUBS:""1782"")) AND AUTH:""Lama S""",0,0,
Singh KB,"((ACCESSION_TYPE:""metabolights"") OR (LABS_PUBS:""1782"")) AND AUTH:""Singh KB""",0,0,
Ecker JR,"((ACCESSION_TYPE:""metabolights"") OR (LABS_PUBS:""1782"")) AND AUTH:""Ecker JR""",0,0,
Millar AH,"((ACCESSION_TYPE:""metabolights"") OR (LABS_PUBS:""1782"")) AND AUTH:""Millar AH""",0,0,
Van Aken O,"((ACCESSION_TYPE:""metabolights"") OR (LABS_PUBS:""1782"")) AND AUTH:""Van Aken O""",0,0,
Rende U,"((ACCESSION_TYPE:""metabolights"") OR (LABS_PUBS:""1782"")) AND AUTH:""Rende U""",0,0,
Collani S,"((ACCESSION_TYPE:""metabolights"") OR (LABS_PUBS:""1782"")) AND AUTH:""Collani S""",0,0,
Bellini C,"((ACCESSION_TYPE:""metabolights"") OR (LABS_PUBS:""1782"")) AND AUTH:""Bellini C""",0,0,
Ljunggren J,"((ACCESSION_TYPE:""metabolights"") OR (LABS_PUBS:""1782"")) AND AUTH:""Ljunggren J""",0,0,
Borrero-Echeverry F,"((ACCESSION_TYPE:""metabolights"") OR (LABS_PUBS:""1782"")) AND AUTH:""Borrero-Echeverry F""",0,0,
Chakraborty A,"((ACCESSION_TYPE:""metabolights"") OR (LABS_PUBS:""1782"")) AND AUTH:""Chakraborty A""",1,0,
Lindblom TUT,"((ACCESSION_TYPE:""metabolights"") OR (LABS_PUBS:""1782"")) AND AUTH:""Lindblom TUT""",0,0,
Hedenström E,"((ACCESSION_TYPE:""metabolights"") OR (LABS_PUBS:""1782"")) AND AUTH:""Hedenström E""",0,0,
Witzgall P,"((ACCESSION_TYPE:""metabolights"") OR (LABS_PUBS:""1782"")) AND AUTH:""Witzgall P""",0,0,
Bengtsson M,"((ACCESSION_TYPE:""metabolights"") OR (LABS_PUBS:""1782"")) AND AUTH:""Bengtsson M""",0,0,
Skokan R,"((ACCESSION_TYPE:""metabolights"") OR (LABS_PUBS:""1782"")) AND AUTH:""Skokan R""",0,0,
Medvecká E,"((ACCESSION_TYPE:""metabolights"") OR (LABS_PUBS:""1782"")) AND AUTH:""Medvecká E""",0,0,
Viaene T,"((ACCESSION_TYPE:""metabolights"") OR (LABS_PUBS:""1782"")) AND AUTH:""Viaene T""",0,0,
Vosolsobě S,"((ACCESSION_TYPE:""metabolights"") OR (LABS_PUBS:""1782"")) AND AUTH:""Vosolsobě S""",0,0,
Zwiewka M,"((ACCESSION_TYPE:""metabolights"") OR (LABS_PUBS:""1782"")) AND AUTH:""Zwiewka M""",0,0,
Müller K,"((ACCESSION_TYPE:""metabolights"") OR (LABS_PUBS:""1782"")) AND AUTH:""Müller K""",0,0,
Skůpa P,"((ACCESSION_TYPE:""metabolights"") OR (LABS_PUBS:""1782"")) AND AUTH:""Skůpa P""",0,0,
Nodzyński T,"((ACCESSION_TYPE:""metabolights"") OR (LABS_PUBS:""1782"")) AND AUTH:""Nodzyński T""",0,0,
Petrášek J,"((ACCESSION_TYPE:""metabolights"") OR (LABS_PUBS:""1782"")) AND AUTH:""Petrášek J""",0,0,
Huerta M,"((ACCESSION_TYPE:""metabolights"") OR (LABS_PUBS:""1782"")) AND AUTH:""Huerta M""",0,0,
Mulla MY,"((ACCESSION_TYPE:""metabolights"") OR (LABS_PUBS:""1782"")) AND AUTH:""Mulla MY""",0,0,
Poxson DJ,"((ACCESSION_TYPE:""metabolights"") OR (LABS_PUBS:""1782"")) AND AUTH:""Poxson DJ""",0,0,
Gabrielsson EO,"((ACCESSION_TYPE:""metabolights"") OR (LABS_PUBS:""1782"")) AND AUTH:""Gabrielsson EO""",0,0,
Alehagen U,"((ACCESSION_TYPE:""metabolights"") OR (LABS_PUBS:""1782"")) AND AUTH:""Alehagen U""",0,0,
Johansson P,"((ACCESSION_TYPE:""metabolights"") OR (LABS_PUBS:""1782"")) AND AUTH:""Johansson P""",0,0,
Aaseth J,"((ACCESSION_TYPE:""metabolights"") OR (LABS_PUBS:""1782"")) AND AUTH:""Aaseth J""",0,0,
Alexander J,"((ACCESSION_TYPE:""metabolights"") OR (LABS_PUBS:""1782"")) AND AUTH:""Alexander J""",0,0,
Lundstedt-Enkel K,"((ACCESSION_TYPE:""metabolights"") OR (LABS_PUBS:""1782"")) AND AUTH:""Lundstedt-Enkel K""",0,0,
Papazian S,"((ACCESSION_TYPE:""metabolights"") OR (LABS_PUBS:""1782"")) AND AUTH:""Papazian S""",0,0,
Girdwood T,"((ACCESSION_TYPE:""metabolights"") OR (LABS_PUBS:""1782"")) AND AUTH:""Girdwood T""",0,0,
Wessels BA,"((ACCESSION_TYPE:""metabolights"") OR (LABS_PUBS:""1782"")) AND AUTH:""Wessels BA""",0,0,
Poelman EH,"((ACCESSION_TYPE:""metabolights"") OR (LABS_PUBS:""1782"")) AND AUTH:""Poelman EH""",0,0,
Dicke M,"((ACCESSION_TYPE:""metabolights"") OR (LABS_PUBS:""1782"")) AND AUTH:""Dicke M""",0,0,
Randewig D,"((ACCESSION_TYPE:""metabolights"") OR (LABS_PUBS:""1782"")) AND AUTH:""Randewig D""",0,0,
Marshall JD,"((ACCESSION_TYPE:""metabolights"") OR (LABS_PUBS:""1782"")) AND AUTH:""Marshall JD""",0,0,
Sjögren R,"((ACCESSION_TYPE:""metabolights"") OR (LABS_PUBS:""1782"")) AND AUTH:""Sjögren R""",0,0,
Orikiiriza J,"((ACCESSION_TYPE:""metabolights"") OR (LABS_PUBS:""1782"")) AND AUTH:""Orikiiriza J""",0,0,
Bergström S,"((ACCESSION_TYPE:""metabolights"") OR (LABS_PUBS:""1782"")) AND AUTH:""Bergström S""",0,0,
Normark J,"((ACCESSION_TYPE:""metabolights"") OR (LABS_PUBS:""1782"")) AND AUTH:""Normark J""",0,0,
Doyle SM,"((ACCESSION_TYPE:""metabolights"") OR (LABS_PUBS:""1782"")) AND AUTH:""Doyle SM""",0,0,
Rigal A,"((ACCESSION_TYPE:""metabolights"") OR (LABS_PUBS:""1782"")) AND AUTH:""Rigal A""",0,0,
Grones P,"((ACCESSION_TYPE:""metabolights"") OR (LABS_PUBS:""1782"")) AND AUTH:""Grones P""",0,0,
Barange DK,"((ACCESSION_TYPE:""metabolights"") OR (LABS_PUBS:""1782"")) AND AUTH:""Barange DK""",0,0,
Pařízková B,"((ACCESSION_TYPE:""metabolights"") OR (LABS_PUBS:""1782"")) AND AUTH:""Pařízková B""",0,0,
Karampelias M,"((ACCESSION_TYPE:""metabolights"") OR (LABS_PUBS:""1782"")) AND AUTH:""Karampelias M""",0,0,
Missailidis C,"((ACCESSION_TYPE:""metabolights"") OR (LABS_PUBS:""1782"")) AND AUTH:""Missailidis C""",0,0,
Sørensen N,"((ACCESSION_TYPE:""metabolights"") OR (LABS_PUBS:""1782"")) AND AUTH:""Sørensen N""",0,0,
Ashenafi S,"((ACCESSION_TYPE:""metabolights"") OR (LABS_PUBS:""1782"")) AND AUTH:""Ashenafi S""",0,0,
Amogne W,"((ACCESSION_TYPE:""metabolights"") OR (LABS_PUBS:""1782"")) AND AUTH:""Amogne W""",0,0,
Kassa E,"((ACCESSION_TYPE:""metabolights"") OR (LABS_PUBS:""1782"")) AND AUTH:""Kassa E""",0,0,
Bekele A,"((ACCESSION_TYPE:""metabolights"") OR (LABS_PUBS:""1782"")) AND AUTH:""Bekele A""",0,0,
Getachew M,"((ACCESSION_TYPE:""metabolights"") OR (LABS_PUBS:""1782"")) AND AUTH:""Getachew M""",0,0,
Gebreselassie N,"((ACCESSION_TYPE:""metabolights"") OR (LABS_PUBS:""1782"")) AND AUTH:""Gebreselassie N""",0,0,
Aseffa A,"((ACCESSION_TYPE:""metabolights"") OR (LABS_PUBS:""1782"")) AND AUTH:""Aseffa A""",0,0,
Aderaye G,"((ACCESSION_TYPE:""metabolights"") OR (LABS_PUBS:""1782"")) AND AUTH:""Aderaye G""",0,0,
Andersson J,"((ACCESSION_TYPE:""metabolights"") OR (LABS_PUBS:""1782"")) AND AUTH:""Andersson J""",1,0,
Brighenti S,"((ACCESSION_TYPE:""metabolights"") OR (LABS_PUBS:""1782"")) AND AUTH:""Brighenti S""",0,0,
Bergman P,"((ACCESSION_TYPE:""metabolights"") OR (LABS_PUBS:""1782"")) AND AUTH:""Bergman P""",0,0,
Forsgren E,"((ACCESSION_TYPE:""metabolights"") OR (LABS_PUBS:""1782"")) AND AUTH:""Forsgren E""",0,0,
Lehmann M,"((ACCESSION_TYPE:""metabolights"") OR (LABS_PUBS:""1782"")) AND AUTH:""Lehmann M""",0,0,
Lange DJ,"((ACCESSION_TYPE:""metabolights"") OR (LABS_PUBS:""1782"")) AND AUTH:""Lange DJ""",0,0,
Synofzik M,"((ACCESSION_TYPE:""metabolights"") OR (LABS_PUBS:""1782"")) AND AUTH:""Synofzik M""",0,0,
Mtintsilana A,"((ACCESSION_TYPE:""metabolights"") OR (LABS_PUBS:""1782"")) AND AUTH:""Mtintsilana A""",0,0,
Micklesfield LK,"((ACCESSION_TYPE:""metabolights"") OR (LABS_PUBS:""1782"")) AND AUTH:""Micklesfield LK""",0,0,
Dhillon SS,"((ACCESSION_TYPE:""metabolights"") OR (LABS_PUBS:""1782"")) AND AUTH:""Dhillon SS""",0,0,
Torell F,"((ACCESSION_TYPE:""metabolights"") OR (LABS_PUBS:""1782"")) AND AUTH:""Torell F""",0,0,
Donten M,"((ACCESSION_TYPE:""metabolights"") OR (LABS_PUBS:""1782"")) AND AUTH:""Donten M""",0,0,
Rännar S,"((ACCESSION_TYPE:""metabolights"") OR (LABS_PUBS:""1782"")) AND AUTH:""Rännar S""",0,0,
Carlsson J,"((ACCESSION_TYPE:""metabolights"") OR (LABS_PUBS:""1782"")) AND AUTH:""Carlsson J""",0,0,
Egertsdotter U,"((ACCESSION_TYPE:""metabolights"") OR (LABS_PUBS:""1782"")) AND AUTH:""Egertsdotter U""",0,0,
Ganeteg U,"((ACCESSION_TYPE:""metabolights"") OR (LABS_PUBS:""1782"")) AND AUTH:""Ganeteg U""",0,0,
Raggi S,"((ACCESSION_TYPE:""metabolights"") OR (LABS_PUBS:""1782"")) AND AUTH:""Raggi S""",0,0,
Ferro N,"((ACCESSION_TYPE:""metabolights"") OR (LABS_PUBS:""1782"")) AND AUTH:""Ferro N""",0,0,
Kieffer M,"((ACCESSION_TYPE:""metabolights"") OR (LABS_PUBS:""1782"")) AND AUTH:""Kieffer M""",0,0,
Ma Q,"((ACCESSION_TYPE:""metabolights"") OR (LABS_PUBS:""1782"")) AND AUTH:""Ma Q""",3,1,
Ismail A,"((ACCESSION_TYPE:""metabolights"") OR (LABS_PUBS:""1782"")) AND AUTH:""Ismail A""",0,0,
Enquist P,"((ACCESSION_TYPE:""metabolights"") OR (LABS_PUBS:""1782"")) AND AUTH:""Enquist P""",0,0,
Łangowska M,"((ACCESSION_TYPE:""metabolights"") OR (LABS_PUBS:""1782"")) AND AUTH:""Łangowska M""",0,0,
Ramans Harborough S,"((ACCESSION_TYPE:""metabolights"") OR (LABS_PUBS:""1782"")) AND AUTH:""Ramans Harborough S""",0,0,
Callis J,"((ACCESSION_TYPE:""metabolights"") OR (LABS_PUBS:""1782"")) AND AUTH:""Callis J""",0,0,
Kepinski S,"((ACCESSION_TYPE:""metabolights"") OR (LABS_PUBS:""1782"")) AND AUTH:""Kepinski S""",0,0,
Jantzen F,"((ACCESSION_TYPE:""metabolights"") OR (LABS_PUBS:""1782"")) AND AUTH:""Jantzen F""",0,0,
Moubayidin L,"((ACCESSION_TYPE:""metabolights"") OR (LABS_PUBS:""1782"")) AND AUTH:""Moubayidin L""",0,0,
Wang P,"((ACCESSION_TYPE:""metabolights"") OR (LABS_PUBS:""1782"")) AND AUTH:""Wang P""",11,8,
Calvo-Polanco M,"((ACCESSION_TYPE:""metabolights"") OR (LABS_PUBS:""1782"")) AND AUTH:""Calvo-Polanco M""",0,0,
Reyt G,"((ACCESSION_TYPE:""metabolights"") OR (LABS_PUBS:""1782"")) AND AUTH:""Reyt G""",0,0,
Barberon M,"((ACCESSION_TYPE:""metabolights"") OR (LABS_PUBS:""1782"")) AND AUTH:""Barberon M""",0,0,
Champeyroux C,"((ACCESSION_TYPE:""metabolights"") OR (LABS_PUBS:""1782"")) AND AUTH:""Champeyroux C""",0,0,
Santoni V,"((ACCESSION_TYPE:""metabolights"") OR (LABS_PUBS:""1782"")) AND AUTH:""Santoni V""",0,0,
Maurel C,"((ACCESSION_TYPE:""metabolights"") OR (LABS_PUBS:""1782"")) AND AUTH:""Maurel C""",0,0,
Franke RB,"((ACCESSION_TYPE:""metabolights"") OR (LABS_PUBS:""1782"")) AND AUTH:""Franke RB""",0,0,
Geldner N,"((ACCESSION_TYPE:""metabolights"") OR (LABS_PUBS:""1782"")) AND AUTH:""Geldner N""",0,0,
Boursiac Y,"((ACCESSION_TYPE:""metabolights"") OR (LABS_PUBS:""1782"")) AND AUTH:""Boursiac Y""",0,0,
Salt DE,"((ACCESSION_TYPE:""metabolights"") OR (LABS_PUBS:""1782"")) AND AUTH:""Salt DE""",0,0,
Al-Mahdi R,"((ACCESSION_TYPE:""metabolights"") OR (LABS_PUBS:""1782"")) AND AUTH:""Al-Mahdi R""",0,0,
Bogaert KA,"((ACCESSION_TYPE:""metabolights"") OR (LABS_PUBS:""1782"")) AND AUTH:""Bogaert KA""",0,0,
Blommaert L,"((ACCESSION_TYPE:""metabolights"") OR (LABS_PUBS:""1782"")) AND AUTH:""Blommaert L""",0,0,
De Clerck O,"((ACCESSION_TYPE:""metabolights"") OR (LABS_PUBS:""1782"")) AND AUTH:""De Clerck O""",0,0,
Bruun S,"((ACCESSION_TYPE:""metabolights"") OR (LABS_PUBS:""1782"")) AND AUTH:""Bruun S""",0,0,
Husby S,"((ACCESSION_TYPE:""metabolights"") OR (LABS_PUBS:""1782"")) AND AUTH:""Husby S""",0,0,
Neergaard Jacobsen L,"((ACCESSION_TYPE:""metabolights"") OR (LABS_PUBS:""1782"")) AND AUTH:""Neergaard Jacobsen L""",0,0,
Michaelsen KF,"((ACCESSION_TYPE:""metabolights"") OR (LABS_PUBS:""1782"")) AND AUTH:""Michaelsen KF""",0,0,
Fowler CJ,"((ACCESSION_TYPE:""metabolights"") OR (LABS_PUBS:""1782"")) AND AUTH:""Fowler CJ""",0,0,
Zachariassen G,"((ACCESSION_TYPE:""metabolights"") OR (LABS_PUBS:""1782"")) AND AUTH:""Zachariassen G""",0,0,
Dyrlund TS,"((ACCESSION_TYPE:""metabolights"") OR (LABS_PUBS:""1782"")) AND AUTH:""Dyrlund TS""",1,0,
Ahonen L,"((ACCESSION_TYPE:""metabolights"") OR (LABS_PUBS:""1782"")) AND AUTH:""Ahonen L""",1,0,
Hyötyläinen T,"((ACCESSION_TYPE:""metabolights"") OR (LABS_PUBS:""1782"")) AND AUTH:""Hyötyläinen T""",7,3,
Knip M,"((ACCESSION_TYPE:""metabolights"") OR (LABS_PUBS:""1782"")) AND AUTH:""Knip M""",4,3,
Orešič M,"((ACCESSION_TYPE:""metabolights"") OR (LABS_PUBS:""1782"")) AND AUTH:""Orešič M""",0,0,
Orman-Ligeza B,"((ACCESSION_TYPE:""metabolights"") OR (LABS_PUBS:""1782"")) AND AUTH:""Orman-Ligeza B""",0,0,
Morris EC,"((ACCESSION_TYPE:""metabolights"") OR (LABS_PUBS:""1782"")) AND AUTH:""Morris EC""",0,0,
Parizot B,"((ACCESSION_TYPE:""metabolights"") OR (LABS_PUBS:""1782"")) AND AUTH:""Parizot B""",0,0,
Lavigne T,"((ACCESSION_TYPE:""metabolights"") OR (LABS_PUBS:""1782"")) AND AUTH:""Lavigne T""",0,0,
Babé A,"((ACCESSION_TYPE:""metabolights"") OR (LABS_PUBS:""1782"")) AND AUTH:""Babé A""",0,0,
Ligeza A,"((ACCESSION_TYPE:""metabolights"") OR (LABS_PUBS:""1782"")) AND AUTH:""Ligeza A""",0,0,
Klein S,"((ACCESSION_TYPE:""metabolights"") OR (LABS_PUBS:""1782"")) AND AUTH:""Klein S""",0,0,
Sturrock C,"((ACCESSION_TYPE:""metabolights"") OR (LABS_PUBS:""1782"")) AND AUTH:""Sturrock C""",0,0,
Xuan W,"((ACCESSION_TYPE:""metabolights"") OR (LABS_PUBS:""1782"")) AND AUTH:""Xuan W""",0,0,
Fernandez MA,"((ACCESSION_TYPE:""metabolights"") OR (LABS_PUBS:""1782"")) AND AUTH:""Fernandez MA""",0,0,
Rodriguez PL,"((ACCESSION_TYPE:""metabolights"") OR (LABS_PUBS:""1782"")) AND AUTH:""Rodriguez PL""",0,0,
Dodd IC,"((ACCESSION_TYPE:""metabolights"") OR (LABS_PUBS:""1782"")) AND AUTH:""Dodd IC""",0,0,
De Smet I,"((ACCESSION_TYPE:""metabolights"") OR (LABS_PUBS:""1782"")) AND AUTH:""De Smet I""",0,0,
Chaumont F,"((ACCESSION_TYPE:""metabolights"") OR (LABS_PUBS:""1782"")) AND AUTH:""Chaumont F""",0,0,
Batoko H,"((ACCESSION_TYPE:""metabolights"") OR (LABS_PUBS:""1782"")) AND AUTH:""Batoko H""",0,0,
Périlleux C,"((ACCESSION_TYPE:""metabolights"") OR (LABS_PUBS:""1782"")) AND AUTH:""Périlleux C""",0,0,
Lynch JP,"((ACCESSION_TYPE:""metabolights"") OR (LABS_PUBS:""1782"")) AND AUTH:""Lynch JP""",0,0,
Bennett MJ,"((ACCESSION_TYPE:""metabolights"") OR (LABS_PUBS:""1782"")) AND AUTH:""Bennett MJ""",0,0,
Draye X,"((ACCESSION_TYPE:""metabolights"") OR (LABS_PUBS:""1782"")) AND AUTH:""Draye X""",0,0,
van der Schuren A,"((ACCESSION_TYPE:""metabolights"") OR (LABS_PUBS:""1782"")) AND AUTH:""van der Schuren A""",0,0,
Voiniciuc C,"((ACCESSION_TYPE:""metabolights"") OR (LABS_PUBS:""1782"")) AND AUTH:""Voiniciuc C""",0,0,
Bragg J,"((ACCESSION_TYPE:""metabolights"") OR (LABS_PUBS:""1782"")) AND AUTH:""Bragg J""",0,0,
Vogel J,"((ACCESSION_TYPE:""metabolights"") OR (LABS_PUBS:""1782"")) AND AUTH:""Vogel J""",0,0,
Pauly M,"((ACCESSION_TYPE:""metabolights"") OR (LABS_PUBS:""1782"")) AND AUTH:""Pauly M""",0,0,
Hardtke CS,"((ACCESSION_TYPE:""metabolights"") OR (LABS_PUBS:""1782"")) AND AUTH:""Hardtke CS""",0,0,
Cedernaes J,"((ACCESSION_TYPE:""metabolights"") OR (LABS_PUBS:""1782"")) AND AUTH:""Cedernaes J""",0,0,
Schönke M,"((ACCESSION_TYPE:""metabolights"") OR (LABS_PUBS:""1782"")) AND AUTH:""Schönke M""",1,0,
Westholm JO,"((ACCESSION_TYPE:""metabolights"") OR (LABS_PUBS:""1782"")) AND AUTH:""Westholm JO""",0,0,
Mi J,"((ACCESSION_TYPE:""metabolights"") OR (LABS_PUBS:""1782"")) AND AUTH:""Mi J""",0,0,
Chibalin A,"((ACCESSION_TYPE:""metabolights"") OR (LABS_PUBS:""1782"")) AND AUTH:""Chibalin A""",0,0,
Voisin S,"((ACCESSION_TYPE:""metabolights"") OR (LABS_PUBS:""1782"")) AND AUTH:""Voisin S""",0,0,
Osler M,"((ACCESSION_TYPE:""metabolights"") OR (LABS_PUBS:""1782"")) AND AUTH:""Osler M""",0,0,
Vogel H,"((ACCESSION_TYPE:""metabolights"") OR (LABS_PUBS:""1782"")) AND AUTH:""Vogel H""",0,0,
Hörnaeus K,"((ACCESSION_TYPE:""metabolights"") OR (LABS_PUBS:""1782"")) AND AUTH:""Hörnaeus K""",0,0,
Dickson SL,"((ACCESSION_TYPE:""metabolights"") OR (LABS_PUBS:""1782"")) AND AUTH:""Dickson SL""",0,0,
Lind SB,"((ACCESSION_TYPE:""metabolights"") OR (LABS_PUBS:""1782"")) AND AUTH:""Lind SB""",0,0,
Bergquist J,"((ACCESSION_TYPE:""metabolights"") OR (LABS_PUBS:""1782"")) AND AUTH:""Bergquist J""",0,0,
Schiöth HB,"((ACCESSION_TYPE:""metabolights"") OR (LABS_PUBS:""1782"")) AND AUTH:""Schiöth HB""",0,0,
Benedict C,"((ACCESSION_TYPE:""metabolights"") OR (LABS_PUBS:""1782"")) AND AUTH:""Benedict C""",0,0,
Cereghini S,"((ACCESSION_TYPE:""metabolights"") OR (LABS_PUBS:""1782"")) AND AUTH:""Cereghini S""",0,0,
Fabre M,"((ACCESSION_TYPE:""metabolights"") OR (LABS_PUBS:""1782"")) AND AUTH:""Fabre M""",0,0,
Haumaitre C,"((ACCESSION_TYPE:""metabolights"") OR (LABS_PUBS:""1782"")) AND AUTH:""Haumaitre C""",0,0,
Isaksson A,"((ACCESSION_TYPE:""metabolights"") OR (LABS_PUBS:""1782"")) AND AUTH:""Isaksson A""",0,0,
Söderström I,"((ACCESSION_TYPE:""metabolights"") OR (LABS_PUBS:""1782"")) AND AUTH:""Söderström I""",0,0,
Gonçalves S,"((ACCESSION_TYPE:""metabolights"") OR (LABS_PUBS:""1782"")) AND AUTH:""Gonçalves S""",0,0,
Kahlert M,"((ACCESSION_TYPE:""metabolights"") OR (LABS_PUBS:""1782"")) AND AUTH:""Kahlert M""",0,0,
Almeida SFP,"((ACCESSION_TYPE:""metabolights"") OR (LABS_PUBS:""1782"")) AND AUTH:""Almeida SFP""",0,0,
Figueira E,"((ACCESSION_TYPE:""metabolights"") OR (LABS_PUBS:""1782"")) AND AUTH:""Figueira E""",0,0,
Kong Z,"((ACCESSION_TYPE:""metabolights"") OR (LABS_PUBS:""1782"")) AND AUTH:""Kong Z""",0,0,
Jia S,"((ACCESSION_TYPE:""metabolights"") OR (LABS_PUBS:""1782"")) AND AUTH:""Jia S""",2,0,
Chabes AL,"((ACCESSION_TYPE:""metabolights"") OR (LABS_PUBS:""1782"")) AND AUTH:""Chabes AL""",0,0,
Appelblad P,"((ACCESSION_TYPE:""metabolights"") OR (LABS_PUBS:""1782"")) AND AUTH:""Appelblad P""",0,0,
Chabes A,"((ACCESSION_TYPE:""metabolights"") OR (LABS_PUBS:""1782"")) AND AUTH:""Chabes A""",0,0,
Široká J,"((ACCESSION_TYPE:""metabolights"") OR (LABS_PUBS:""1782"")) AND AUTH:""Široká J""",0,0,
Tarkowská D,"((ACCESSION_TYPE:""metabolights"") OR (LABS_PUBS:""1782"")) AND AUTH:""Tarkowská D""",0,0,
Edwards KD,"((ACCESSION_TYPE:""metabolights"") OR (LABS_PUBS:""1782"")) AND AUTH:""Edwards KD""",0,0,
Takata N,"((ACCESSION_TYPE:""metabolights"") OR (LABS_PUBS:""1782"")) AND AUTH:""Takata N""",0,0,
Hényková E,"((ACCESSION_TYPE:""metabolights"") OR (LABS_PUBS:""1782"")) AND AUTH:""Hényková E""",0,0,
Liverani S,"((ACCESSION_TYPE:""metabolights"") OR (LABS_PUBS:""1782"")) AND AUTH:""Liverani S""",0,0,
Kozarewa I,"((ACCESSION_TYPE:""metabolights"") OR (LABS_PUBS:""1782"")) AND AUTH:""Kozarewa I""",0,0,
Millar AJ,"((ACCESSION_TYPE:""metabolights"") OR (LABS_PUBS:""1782"")) AND AUTH:""Millar AJ""",0,0,
Ahad A,"((ACCESSION_TYPE:""metabolights"") OR (LABS_PUBS:""1782"")) AND AUTH:""Ahad A""",0,0,
Pencík A,"((ACCESSION_TYPE:""metabolights"") OR (LABS_PUBS:""1782"")) AND AUTH:""Pencík A""",0,0,
Pilarová V,"((ACCESSION_TYPE:""metabolights"") OR (LABS_PUBS:""1782"")) AND AUTH:""Pilarová V""",0,0,
Žukauskaite A,"((ACCESSION_TYPE:""metabolights"") OR (LABS_PUBS:""1782"")) AND AUTH:""Žukauskaite A""",0,0,
Micol JL,"((ACCESSION_TYPE:""metabolights"") OR (LABS_PUBS:""1782"")) AND AUTH:""Micol JL""",0,0,
Giri J,"((ACCESSION_TYPE:""metabolights"") OR (LABS_PUBS:""1782"")) AND AUTH:""Giri J""",0,0,
Huang G,"((ACCESSION_TYPE:""metabolights"") OR (LABS_PUBS:""1782"")) AND AUTH:""Huang G""",1,0,
Pandey BK,"((ACCESSION_TYPE:""metabolights"") OR (LABS_PUBS:""1782"")) AND AUTH:""Pandey BK""",0,0,
Parker H,"((ACCESSION_TYPE:""metabolights"") OR (LABS_PUBS:""1782"")) AND AUTH:""Parker H""",0,0,
Zappala S,"((ACCESSION_TYPE:""metabolights"") OR (LABS_PUBS:""1782"")) AND AUTH:""Zappala S""",0,0,
Yang J,"((ACCESSION_TYPE:""metabolights"") OR (LABS_PUBS:""1782"")) AND AUTH:""Yang J""",14,6,
Dievart A,"((ACCESSION_TYPE:""metabolights"") OR (LABS_PUBS:""1782"")) AND AUTH:""Dievart A""",0,0,
Bureau C,"((ACCESSION_TYPE:""metabolights"") OR (LABS_PUBS:""1782"")) AND AUTH:""Bureau C""",1,0,
Price A,"((ACCESSION_TYPE:""metabolights"") OR (LABS_PUBS:""1782"")) AND AUTH:""Price A""",0,0,
Rose T,"((ACCESSION_TYPE:""metabolights"") OR (LABS_PUBS:""1782"")) AND AUTH:""Rose T""",1,0,
Larrieu A,"((ACCESSION_TYPE:""metabolights"") OR (LABS_PUBS:""1782"")) AND AUTH:""Larrieu A""",0,0,
Mairhofer S,"((ACCESSION_TYPE:""metabolights"") OR (LABS_PUBS:""1782"")) AND AUTH:""Mairhofer S""",0,0,
Sturrock CJ,"((ACCESSION_TYPE:""metabolights"") OR (LABS_PUBS:""1782"")) AND AUTH:""Sturrock CJ""",0,0,
White P,"((ACCESSION_TYPE:""metabolights"") OR (LABS_PUBS:""1782"")) AND AUTH:""White P""",0,0,
Dupuy L,"((ACCESSION_TYPE:""metabolights"") OR (LABS_PUBS:""1782"")) AND AUTH:""Dupuy L""",0,0,
Hawkesford M,"((ACCESSION_TYPE:""metabolights"") OR (LABS_PUBS:""1782"")) AND AUTH:""Hawkesford M""",0,0,
Perin C,"((ACCESSION_TYPE:""metabolights"") OR (LABS_PUBS:""1782"")) AND AUTH:""Perin C""",0,0,
Peret B,"((ACCESSION_TYPE:""metabolights"") OR (LABS_PUBS:""1782"")) AND AUTH:""Peret B""",0,0,
Hodgman CT,"((ACCESSION_TYPE:""metabolights"") OR (LABS_PUBS:""1782"")) AND AUTH:""Hodgman CT""",0,0,
Lynch J,"((ACCESSION_TYPE:""metabolights"") OR (LABS_PUBS:""1782"")) AND AUTH:""Lynch J""",0,0,
Wissuwa M,"((ACCESSION_TYPE:""metabolights"") OR (LABS_PUBS:""1782"")) AND AUTH:""Wissuwa M""",0,0,
Zhang D,"((ACCESSION_TYPE:""metabolights"") OR (LABS_PUBS:""1782"")) AND AUTH:""Zhang D""",8,2,
Pridmore T,"((ACCESSION_TYPE:""metabolights"") OR (LABS_PUBS:""1782"")) AND AUTH:""Pridmore T""",0,0,
Mooney SJ,"((ACCESSION_TYPE:""metabolights"") OR (LABS_PUBS:""1782"")) AND AUTH:""Mooney SJ""",0,0,
Guiderdoni E,"((ACCESSION_TYPE:""metabolights"") OR (LABS_PUBS:""1782"")) AND AUTH:""Guiderdoni E""",0,0,
Swarup R,"((ACCESSION_TYPE:""metabolights"") OR (LABS_PUBS:""1782"")) AND AUTH:""Swarup R""",0,0,
Giehl RFH,"((ACCESSION_TYPE:""metabolights"") OR (LABS_PUBS:""1782"")) AND AUTH:""Giehl RFH""",0,0,
Hartmann A,"((ACCESSION_TYPE:""metabolights"") OR (LABS_PUBS:""1782"")) AND AUTH:""Hartmann A""",0,0,
Traini R,"((ACCESSION_TYPE:""metabolights"") OR (LABS_PUBS:""1782"")) AND AUTH:""Traini R""",0,0,
Truskina J,"((ACCESSION_TYPE:""metabolights"") OR (LABS_PUBS:""1782"")) AND AUTH:""Truskina J""",0,0,
Leftley N,"((ACCESSION_TYPE:""metabolights"") OR (LABS_PUBS:""1782"")) AND AUTH:""Leftley N""",0,0,
Hanlon M,"((ACCESSION_TYPE:""metabolights"") OR (LABS_PUBS:""1782"")) AND AUTH:""Hanlon M""",0,0,
Swarup K,"((ACCESSION_TYPE:""metabolights"") OR (LABS_PUBS:""1782"")) AND AUTH:""Swarup K""",0,0,
Rashed A,"((ACCESSION_TYPE:""metabolights"") OR (LABS_PUBS:""1782"")) AND AUTH:""Rashed A""",0,0,
Voß U,"((ACCESSION_TYPE:""metabolights"") OR (LABS_PUBS:""1782"")) AND AUTH:""Voß U""",0,0,
Alonso J,"((ACCESSION_TYPE:""metabolights"") OR (LABS_PUBS:""1782"")) AND AUTH:""Alonso J""",0,0,
Stepanova A,"((ACCESSION_TYPE:""metabolights"") OR (LABS_PUBS:""1782"")) AND AUTH:""Stepanova A""",0,0,
Yun J,"((ACCESSION_TYPE:""metabolights"") OR (LABS_PUBS:""1782"")) AND AUTH:""Yun J""",1,0,
Brown KM,"((ACCESSION_TYPE:""metabolights"") OR (LABS_PUBS:""1782"")) AND AUTH:""Brown KM""",0,0,
Dolan L,"((ACCESSION_TYPE:""metabolights"") OR (LABS_PUBS:""1782"")) AND AUTH:""Dolan L""",0,0,
Vernoux T,"((ACCESSION_TYPE:""metabolights"") OR (LABS_PUBS:""1782"")) AND AUTH:""Vernoux T""",0,0,
Wells D,"((ACCESSION_TYPE:""metabolights"") OR (LABS_PUBS:""1782"")) AND AUTH:""Wells D""",0,0,
von Wirén N,"((ACCESSION_TYPE:""metabolights"") OR (LABS_PUBS:""1782"")) AND AUTH:""von Wirén N""",0,0,
Bergenholm D,"((ACCESSION_TYPE:""metabolights"") OR (LABS_PUBS:""1782"")) AND AUTH:""Bergenholm D""",0,0,
Gossing M,"((ACCESSION_TYPE:""metabolights"") OR (LABS_PUBS:""1782"")) AND AUTH:""Gossing M""",0,0,
Wei Y,"((ACCESSION_TYPE:""metabolights"") OR (LABS_PUBS:""1782"")) AND AUTH:""Wei Y""",6,3,
Minina EA,"((ACCESSION_TYPE:""metabolights"") OR (LABS_PUBS:""1782"")) AND AUTH:""Minina EA""",0,0,
Moschou PN,"((ACCESSION_TYPE:""metabolights"") OR (LABS_PUBS:""1782"")) AND AUTH:""Moschou PN""",0,0,
Vetukuri RR,"((ACCESSION_TYPE:""metabolights"") OR (LABS_PUBS:""1782"")) AND AUTH:""Vetukuri RR""",0,0,
Sanchez-Vera V,"((ACCESSION_TYPE:""metabolights"") OR (LABS_PUBS:""1782"")) AND AUTH:""Sanchez-Vera V""",0,0,
Cardoso C,"((ACCESSION_TYPE:""metabolights"") OR (LABS_PUBS:""1782"")) AND AUTH:""Cardoso C""",0,0,
Liu Q,"((ACCESSION_TYPE:""metabolights"") OR (LABS_PUBS:""1782"")) AND AUTH:""Liu Q""",8,6,
Elander PH,"((ACCESSION_TYPE:""metabolights"") OR (LABS_PUBS:""1782"")) AND AUTH:""Elander PH""",0,0,
Dalman K,"((ACCESSION_TYPE:""metabolights"") OR (LABS_PUBS:""1782"")) AND AUTH:""Dalman K""",0,0,
Beganovic M,"((ACCESSION_TYPE:""metabolights"") OR (LABS_PUBS:""1782"")) AND AUTH:""Beganovic M""",0,0,
Lindberg Yilmaz J,"((ACCESSION_TYPE:""metabolights"") OR (LABS_PUBS:""1782"")) AND AUTH:""Lindberg Yilmaz J""",0,0,
Marmon S,"((ACCESSION_TYPE:""metabolights"") OR (LABS_PUBS:""1782"")) AND AUTH:""Marmon S""",0,0,
Shabala L,"((ACCESSION_TYPE:""metabolights"") OR (LABS_PUBS:""1782"")) AND AUTH:""Shabala L""",0,0,
Suarez MF,"((ACCESSION_TYPE:""metabolights"") OR (LABS_PUBS:""1782"")) AND AUTH:""Suarez MF""",0,0,
Shabala S,"((ACCESSION_TYPE:""metabolights"") OR (LABS_PUBS:""1782"")) AND AUTH:""Shabala S""",0,0,
Stymne S,"((ACCESSION_TYPE:""metabolights"") OR (LABS_PUBS:""1782"")) AND AUTH:""Stymne S""",0,0,
Hofius D,"((ACCESSION_TYPE:""metabolights"") OR (LABS_PUBS:""1782"")) AND AUTH:""Hofius D""",0,0,
Bozhkov PV,"((ACCESSION_TYPE:""metabolights"") OR (LABS_PUBS:""1782"")) AND AUTH:""Bozhkov PV""",0,0,
Alhouayek M,"((ACCESSION_TYPE:""metabolights"") OR (LABS_PUBS:""1782"")) AND AUTH:""Alhouayek M""",0,0,
Rankin L,"((ACCESSION_TYPE:""metabolights"") OR (LABS_PUBS:""1782"")) AND AUTH:""Rankin L""",0,0,
Kmiec B,"((ACCESSION_TYPE:""metabolights"") OR (LABS_PUBS:""1782"")) AND AUTH:""Kmiec B""",0,0,
Branca RMM,"((ACCESSION_TYPE:""metabolights"") OR (LABS_PUBS:""1782"")) AND AUTH:""Branca RMM""",0,0,
Murcha MW,"((ACCESSION_TYPE:""metabolights"") OR (LABS_PUBS:""1782"")) AND AUTH:""Murcha MW""",0,0,
Lehtiö J,"((ACCESSION_TYPE:""metabolights"") OR (LABS_PUBS:""1782"")) AND AUTH:""Lehtiö J""",0,0,
Glaser E,"((ACCESSION_TYPE:""metabolights"") OR (LABS_PUBS:""1782"")) AND AUTH:""Glaser E""",0,0,
Teixeira PF,"((ACCESSION_TYPE:""metabolights"") OR (LABS_PUBS:""1782"")) AND AUTH:""Teixeira PF""",0,0,
Mafra D,"((ACCESSION_TYPE:""metabolights"") OR (LABS_PUBS:""1782"")) AND AUTH:""Mafra D""",0,0,
Borges NA,"((ACCESSION_TYPE:""metabolights"") OR (LABS_PUBS:""1782"")) AND AUTH:""Borges NA""",0,0,
Cardozo LFMdF,"((ACCESSION_TYPE:""metabolights"") OR (LABS_PUBS:""1782"")) AND AUTH:""Cardozo LFMdF""",0,0,
Anjos JS,"((ACCESSION_TYPE:""metabolights"") OR (LABS_PUBS:""1782"")) AND AUTH:""Anjos JS""",0,0,
Black AP,"((ACCESSION_TYPE:""metabolights"") OR (LABS_PUBS:""1782"")) AND AUTH:""Black AP""",0,0,
Moraes C,"((ACCESSION_TYPE:""metabolights"") OR (LABS_PUBS:""1782"")) AND AUTH:""Moraes C""",2,2,
Lindholm B,"((ACCESSION_TYPE:""metabolights"") OR (LABS_PUBS:""1782"")) AND AUTH:""Lindholm B""",0,0,
Stenvinkel P,"((ACCESSION_TYPE:""metabolights"") OR (LABS_PUBS:""1782"")) AND AUTH:""Stenvinkel P""",0,0,
Latha Gandla M,"((ACCESSION_TYPE:""metabolights"") OR (LABS_PUBS:""1782"")) AND AUTH:""Latha Gandla M""",1,1,
Petterle A,"((ACCESSION_TYPE:""metabolights"") OR (LABS_PUBS:""1782"")) AND AUTH:""Petterle A""",1,1,
Robinson N,"((ACCESSION_TYPE:""metabolights"") OR (LABS_PUBS:""1782"")) AND AUTH:""Robinson N""",0,0,
Colgrave ML,"((ACCESSION_TYPE:""metabolights"") OR (LABS_PUBS:""1782"")) AND AUTH:""Colgrave ML""",0,0,
Schmidt S,"((ACCESSION_TYPE:""metabolights"") OR (LABS_PUBS:""1782"")) AND AUTH:""Schmidt S""",3,1,
Dobrowolska I,"((ACCESSION_TYPE:""metabolights"") OR (LABS_PUBS:""1782"")) AND AUTH:""Dobrowolska I""",0,0,
Businge E,"((ACCESSION_TYPE:""metabolights"") OR (LABS_PUBS:""1782"")) AND AUTH:""Businge E""",0,0,
Lindquist E,"((ACCESSION_TYPE:""metabolights"") OR (LABS_PUBS:""1782"")) AND AUTH:""Lindquist E""",0,0,
Bonde M,"((ACCESSION_TYPE:""metabolights"") OR (LABS_PUBS:""1782"")) AND AUTH:""Bonde M""",0,0,
Magambo J,"((ACCESSION_TYPE:""metabolights"") OR (LABS_PUBS:""1782"")) AND AUTH:""Magambo J""",0,0,
Muhinda C,"((ACCESSION_TYPE:""metabolights"") OR (LABS_PUBS:""1782"")) AND AUTH:""Muhinda C""",0,0,
Martins S,"((ACCESSION_TYPE:""metabolights"") OR (LABS_PUBS:""1782"")) AND AUTH:""Martins S""",1,1,
Montiel-Jorda A,"((ACCESSION_TYPE:""metabolights"") OR (LABS_PUBS:""1782"")) AND AUTH:""Montiel-Jorda A""",0,0,
Cayrel A,"((ACCESSION_TYPE:""metabolights"") OR (LABS_PUBS:""1782"")) AND AUTH:""Cayrel A""",0,0,
Huguet S,"((ACCESSION_TYPE:""metabolights"") OR (LABS_PUBS:""1782"")) AND AUTH:""Huguet S""",0,0,
Roux CPL,"((ACCESSION_TYPE:""metabolights"") OR (LABS_PUBS:""1782"")) AND AUTH:""Roux CPL""",0,0,
Vert G,"((ACCESSION_TYPE:""metabolights"") OR (LABS_PUBS:""1782"")) AND AUTH:""Vert G""",0,0,
Bai B,"((ACCESSION_TYPE:""metabolights"") OR (LABS_PUBS:""1782"")) AND AUTH:""Bai B""",0,0,
Hanson J,"((ACCESSION_TYPE:""metabolights"") OR (LABS_PUBS:""1782"")) AND AUTH:""Hanson J""",0,0,
Bentsink L,"((ACCESSION_TYPE:""metabolights"") OR (LABS_PUBS:""1782"")) AND AUTH:""Bentsink L""",0,0,
Yan Z,"((ACCESSION_TYPE:""metabolights"") OR (LABS_PUBS:""1782"")) AND AUTH:""Yan Z""",4,3,
Liu X,"((ACCESSION_TYPE:""metabolights"") OR (LABS_PUBS:""1782"")) AND AUTH:""Liu X""",24,15,
Li S,"((ACCESSION_TYPE:""metabolights"") OR (LABS_PUBS:""1782"")) AND AUTH:""Li S""",23,13,
Zhao W,"((ACCESSION_TYPE:""metabolights"") OR (LABS_PUBS:""1782"")) AND AUTH:""Zhao W""",8,1,
Yang F,"((ACCESSION_TYPE:""metabolights"") OR (LABS_PUBS:""1782"")) AND AUTH:""Yang F""",4,2,
Wang M,"((ACCESSION_TYPE:""metabolights"") OR (LABS_PUBS:""1782"")) AND AUTH:""Wang M""",13,9,
Tao Y,"((ACCESSION_TYPE:""metabolights"") OR (LABS_PUBS:""1782"")) AND AUTH:""Tao Y""",3,2,
Johansson E,"((ACCESSION_TYPE:""metabolights"") OR (LABS_PUBS:""1782"")) AND AUTH:""Johansson E""",0,0,
Idborg H,"((ACCESSION_TYPE:""metabolights"") OR (LABS_PUBS:""1782"")) AND AUTH:""Idborg H""",0,0,
Gunnarsson I,"((ACCESSION_TYPE:""metabolights"") OR (LABS_PUBS:""1782"")) AND AUTH:""Gunnarsson I""",0,0,
Svenungsson E,"((ACCESSION_TYPE:""metabolights"") OR (LABS_PUBS:""1782"")) AND AUTH:""Svenungsson E""",0,0,
Karlsson J,"((ACCESSION_TYPE:""metabolights"") OR (LABS_PUBS:""1782"")) AND AUTH:""Karlsson J""",0,0,
Di Mambro R,"((ACCESSION_TYPE:""metabolights"") OR (LABS_PUBS:""1782"")) AND AUTH:""Di Mambro R""",0,0,
De Ruvo M,"((ACCESSION_TYPE:""metabolights"") OR (LABS_PUBS:""1782"")) AND AUTH:""De Ruvo M""",0,0,
Pacifici E,"((ACCESSION_TYPE:""metabolights"") OR (LABS_PUBS:""1782"")) AND AUTH:""Pacifici E""",0,0,
Salvi E,"((ACCESSION_TYPE:""metabolights"") OR (LABS_PUBS:""1782"")) AND AUTH:""Salvi E""",0,0,
Sozzani R,"((ACCESSION_TYPE:""metabolights"") OR (LABS_PUBS:""1782"")) AND AUTH:""Sozzani R""",0,0,
Benfey PN,"((ACCESSION_TYPE:""metabolights"") OR (LABS_PUBS:""1782"")) AND AUTH:""Benfey PN""",0,0,
Di Paola L,"((ACCESSION_TYPE:""metabolights"") OR (LABS_PUBS:""1782"")) AND AUTH:""Di Paola L""",0,0,
Marée AFM,"((ACCESSION_TYPE:""metabolights"") OR (LABS_PUBS:""1782"")) AND AUTH:""Marée AFM""",0,0,
Costantino P,"((ACCESSION_TYPE:""metabolights"") OR (LABS_PUBS:""1782"")) AND AUTH:""Costantino P""",0,0,
Grieneisen VA,"((ACCESSION_TYPE:""metabolights"") OR (LABS_PUBS:""1782"")) AND AUTH:""Grieneisen VA""",0,0,
Sabatini S,"((ACCESSION_TYPE:""metabolights"") OR (LABS_PUBS:""1782"")) AND AUTH:""Sabatini S""",0,0,
Adolfsson L,"((ACCESSION_TYPE:""metabolights"") OR (LABS_PUBS:""1782"")) AND AUTH:""Adolfsson L""",0,0,
Nziengui H,"((ACCESSION_TYPE:""metabolights"") OR (LABS_PUBS:""1782"")) AND AUTH:""Nziengui H""",0,0,
Beebo A,"((ACCESSION_TYPE:""metabolights"") OR (LABS_PUBS:""1782"")) AND AUTH:""Beebo A""",0,0,
Herdean A,"((ACCESSION_TYPE:""metabolights"") OR (LABS_PUBS:""1782"")) AND AUTH:""Herdean A""",0,0,
Aboalizadeh J,"((ACCESSION_TYPE:""metabolights"") OR (LABS_PUBS:""1782"")) AND AUTH:""Aboalizadeh J""",0,0,
Schoefs B,"((ACCESSION_TYPE:""metabolights"") OR (LABS_PUBS:""1782"")) AND AUTH:""Schoefs B""",0,0,
Spetea C,"((ACCESSION_TYPE:""metabolights"") OR (LABS_PUBS:""1782"")) AND AUTH:""Spetea C""",0,0,
Ponzio C,"((ACCESSION_TYPE:""metabolights"") OR (LABS_PUBS:""1782"")) AND AUTH:""Ponzio C""",0,0,
Gols R,"((ACCESSION_TYPE:""metabolights"") OR (LABS_PUBS:""1782"")) AND AUTH:""Gols R""",0,0,
Lindahl A,"((ACCESSION_TYPE:""metabolights"") OR (LABS_PUBS:""1782"")) AND AUTH:""Lindahl A""",0,0,
Sääf S,"((ACCESSION_TYPE:""metabolights"") OR (LABS_PUBS:""1782"")) AND AUTH:""Sääf S""",0,0,
Davoine C,"((ACCESSION_TYPE:""metabolights"") OR (LABS_PUBS:""1782"")) AND AUTH:""Davoine C""",1,1,
Khajeh K,"((ACCESSION_TYPE:""metabolights"") OR (LABS_PUBS:""1782"")) AND AUTH:""Khajeh K""",1,1,
Blomberg J,"((ACCESSION_TYPE:""metabolights"") OR (LABS_PUBS:""1782"")) AND AUTH:""Blomberg J""",1,1,
Kidd BN,"((ACCESSION_TYPE:""metabolights"") OR (LABS_PUBS:""1782"")) AND AUTH:""Kidd BN""",1,1,
Kazan K,"((ACCESSION_TYPE:""metabolights"") OR (LABS_PUBS:""1782"")) AND AUTH:""Kazan K""",1,1,
Schenk PM,"((ACCESSION_TYPE:""metabolights"") OR (LABS_PUBS:""1782"")) AND AUTH:""Schenk PM""",1,1,
Gerber L,"((ACCESSION_TYPE:""metabolights"") OR (LABS_PUBS:""1782"")) AND AUTH:""Gerber L""",1,1,
Björklund S,"((ACCESSION_TYPE:""metabolights"") OR (LABS_PUBS:""1782"")) AND AUTH:""Björklund S""",1,1,
Dubreuil C,"((ACCESSION_TYPE:""metabolights"") OR (LABS_PUBS:""1782"")) AND AUTH:""Dubreuil C""",0,0,
Jin X,"((ACCESSION_TYPE:""metabolights"") OR (LABS_PUBS:""1782"")) AND AUTH:""Jin X""",2,2,
Barajas-López JdD,"((ACCESSION_TYPE:""metabolights"") OR (LABS_PUBS:""1782"")) AND AUTH:""Barajas-López JdD""",0,0,
Hewitt TH,"((ACCESSION_TYPE:""metabolights"") OR (LABS_PUBS:""1782"")) AND AUTH:""Hewitt TH""",0,0,
Tanz S,"((ACCESSION_TYPE:""metabolights"") OR (LABS_PUBS:""1782"")) AND AUTH:""Tanz S""",0,0,
Dobrenel T,"((ACCESSION_TYPE:""metabolights"") OR (LABS_PUBS:""1782"")) AND AUTH:""Dobrenel T""",0,0,
Schröder W,"((ACCESSION_TYPE:""metabolights"") OR (LABS_PUBS:""1782"")) AND AUTH:""Schröder W""",0,0,
Pesquet E,"((ACCESSION_TYPE:""metabolights"") OR (LABS_PUBS:""1782"")) AND AUTH:""Pesquet E""",0,0,
Grönlund A,"((ACCESSION_TYPE:""metabolights"") OR (LABS_PUBS:""1782"")) AND AUTH:""Grönlund A""",0,0,
Small ID,"((ACCESSION_TYPE:""metabolights"") OR (LABS_PUBS:""1782"")) AND AUTH:""Small ID""",0,0,
Strand A,"((ACCESSION_TYPE:""metabolights"") OR (LABS_PUBS:""1782"")) AND AUTH:""Strand A""",0,0,
Roche J,"((ACCESSION_TYPE:""metabolights"") OR (LABS_PUBS:""1782"")) AND AUTH:""Roche J""",0,0,
Turnbull MH,"((ACCESSION_TYPE:""metabolights"") OR (LABS_PUBS:""1782"")) AND AUTH:""Turnbull MH""",0,0,
Guo Q,"((ACCESSION_TYPE:""metabolights"") OR (LABS_PUBS:""1782"")) AND AUTH:""Guo Q""",0,0,
Gieseg SP,"((ACCESSION_TYPE:""metabolights"") OR (LABS_PUBS:""1782"")) AND AUTH:""Gieseg SP""",0,0,
Jameson PE,"((ACCESSION_TYPE:""metabolights"") OR (LABS_PUBS:""1782"")) AND AUTH:""Jameson PE""",0,0,
Love J,"((ACCESSION_TYPE:""metabolights"") OR (LABS_PUBS:""1782"")) AND AUTH:""Love J""",0,0,
Öhman C,"((ACCESSION_TYPE:""metabolights"") OR (LABS_PUBS:""1782"")) AND AUTH:""Öhman C""",0,0,
Lif Holgerson P,"((ACCESSION_TYPE:""metabolights"") OR (LABS_PUBS:""1782"")) AND AUTH:""Lif Holgerson P""",0,0,
Parry CM,"((ACCESSION_TYPE:""metabolights"") OR (LABS_PUBS:""1782"")) AND AUTH:""Parry CM""",0,0,
Vu Thieu NT,"((ACCESSION_TYPE:""metabolights"") OR (LABS_PUBS:""1782"")) AND AUTH:""Vu Thieu NT""",0,0,
Maude RR,"((ACCESSION_TYPE:""metabolights"") OR (LABS_PUBS:""1782"")) AND AUTH:""Maude RR""",0,0,
de Jong HK,"((ACCESSION_TYPE:""metabolights"") OR (LABS_PUBS:""1782"")) AND AUTH:""de Jong HK""",0,0,
Fukushima M,"((ACCESSION_TYPE:""metabolights"") OR (LABS_PUBS:""1782"")) AND AUTH:""Fukushima M""",0,0,
Marks F,"((ACCESSION_TYPE:""metabolights"") OR (LABS_PUBS:""1782"")) AND AUTH:""Marks F""",0,0,
Panzner U,"((ACCESSION_TYPE:""metabolights"") OR (LABS_PUBS:""1782"")) AND AUTH:""Panzner U""",0,0,
Im J,"((ACCESSION_TYPE:""metabolights"") OR (LABS_PUBS:""1782"")) AND AUTH:""Im J""",0,0,
Jeon H,"((ACCESSION_TYPE:""metabolights"") OR (LABS_PUBS:""1782"")) AND AUTH:""Jeon H""",0,0,
Park S,"((ACCESSION_TYPE:""metabolights"") OR (LABS_PUBS:""1782"")) AND AUTH:""Park S""",6,2,
Chaudhury Z,"((ACCESSION_TYPE:""metabolights"") OR (LABS_PUBS:""1782"")) AND AUTH:""Chaudhury Z""",0,0,
Ghose A,"((ACCESSION_TYPE:""metabolights"") OR (LABS_PUBS:""1782"")) AND AUTH:""Ghose A""",0,0,
Samad R,"((ACCESSION_TYPE:""metabolights"") OR (LABS_PUBS:""1782"")) AND AUTH:""Samad R""",0,0,
Van TT,"((ACCESSION_TYPE:""metabolights"") OR (LABS_PUBS:""1782"")) AND AUTH:""Van TT""",0,0,
Johansson A,"((ACCESSION_TYPE:""metabolights"") OR (LABS_PUBS:""1782"")) AND AUTH:""Johansson A""",2,2,
Dondorp AM,"((ACCESSION_TYPE:""metabolights"") OR (LABS_PUBS:""1782"")) AND AUTH:""Dondorp AM""",0,0,
Thwaites GE,"((ACCESSION_TYPE:""metabolights"") OR (LABS_PUBS:""1782"")) AND AUTH:""Thwaites GE""",1,1,
Faiz A,"((ACCESSION_TYPE:""metabolights"") OR (LABS_PUBS:""1782"")) AND AUTH:""Faiz A""",0,0,
Baker S,"((ACCESSION_TYPE:""metabolights"") OR (LABS_PUBS:""1782"")) AND AUTH:""Baker S""",1,1,
Gabrielsson R,"((ACCESSION_TYPE:""metabolights"") OR (LABS_PUBS:""1782"")) AND AUTH:""Gabrielsson R""",0,0,
Alkattan AY,"((ACCESSION_TYPE:""metabolights"") OR (LABS_PUBS:""1782"")) AND AUTH:""Alkattan AY""",0,0,
Gustavsson A,"((ACCESSION_TYPE:""metabolights"") OR (LABS_PUBS:""1782"")) AND AUTH:""Gustavsson A""",0,0,
Grebe M,"((ACCESSION_TYPE:""metabolights"") OR (LABS_PUBS:""1782"")) AND AUTH:""Grebe M""",0,0,
Heuchel R,"((ACCESSION_TYPE:""metabolights"") OR (LABS_PUBS:""1782"")) AND AUTH:""Heuchel R""",0,0,
Forshed J,"((ACCESSION_TYPE:""metabolights"") OR (LABS_PUBS:""1782"")) AND AUTH:""Forshed J""",0,0,
Löhr M,"((ACCESSION_TYPE:""metabolights"") OR (LABS_PUBS:""1782"")) AND AUTH:""Löhr M""",0,0,
Gabrielsson L,"((ACCESSION_TYPE:""metabolights"") OR (LABS_PUBS:""1782"")) AND AUTH:""Gabrielsson L""",0,0,
Martens DS,"((ACCESSION_TYPE:""metabolights"") OR (LABS_PUBS:""1782"")) AND AUTH:""Martens DS""",0,0,
Gouveia S,"((ACCESSION_TYPE:""metabolights"") OR (LABS_PUBS:""1782"")) AND AUTH:""Gouveia S""",0,0,
Madhloum N,"((ACCESSION_TYPE:""metabolights"") OR (LABS_PUBS:""1782"")) AND AUTH:""Madhloum N""",0,0,
Janssen BG,"((ACCESSION_TYPE:""metabolights"") OR (LABS_PUBS:""1782"")) AND AUTH:""Janssen BG""",0,0,
Plusquin M,"((ACCESSION_TYPE:""metabolights"") OR (LABS_PUBS:""1782"")) AND AUTH:""Plusquin M""",1,0,
Vanpoucke C,"((ACCESSION_TYPE:""metabolights"") OR (LABS_PUBS:""1782"")) AND AUTH:""Vanpoucke C""",0,0,
Lefebvre W,"((ACCESSION_TYPE:""metabolights"") OR (LABS_PUBS:""1782"")) AND AUTH:""Lefebvre W""",0,0,
Forsberg B,"((ACCESSION_TYPE:""metabolights"") OR (LABS_PUBS:""1782"")) AND AUTH:""Forsberg B""",0,0,
Nawrot TS,"((ACCESSION_TYPE:""metabolights"") OR (LABS_PUBS:""1782"")) AND AUTH:""Nawrot TS""",1,0,
Sun X,"((ACCESSION_TYPE:""metabolights"") OR (LABS_PUBS:""1782"")) AND AUTH:""Sun X""",11,5,
Cahill J,"((ACCESSION_TYPE:""metabolights"") OR (LABS_PUBS:""1782"")) AND AUTH:""Cahill J""",0,0,
Van Hautegem T,"((ACCESSION_TYPE:""metabolights"") OR (LABS_PUBS:""1782"")) AND AUTH:""Van Hautegem T""",0,0,
Feys K,"((ACCESSION_TYPE:""metabolights"") OR (LABS_PUBS:""1782"")) AND AUTH:""Feys K""",0,0,
Whipple C,"((ACCESSION_TYPE:""metabolights"") OR (LABS_PUBS:""1782"")) AND AUTH:""Whipple C""",0,0,
Delbare S,"((ACCESSION_TYPE:""metabolights"") OR (LABS_PUBS:""1782"")) AND AUTH:""Delbare S""",0,0,
Versteele C,"((ACCESSION_TYPE:""metabolights"") OR (LABS_PUBS:""1782"")) AND AUTH:""Versteele C""",0,0,
Demuynck K,"((ACCESSION_TYPE:""metabolights"") OR (LABS_PUBS:""1782"")) AND AUTH:""Demuynck K""",0,0,
De Block J,"((ACCESSION_TYPE:""metabolights"") OR (LABS_PUBS:""1782"")) AND AUTH:""De Block J""",0,0,
Storme V,"((ACCESSION_TYPE:""metabolights"") OR (LABS_PUBS:""1782"")) AND AUTH:""Storme V""",0,0,
Claeys H,"((ACCESSION_TYPE:""metabolights"") OR (LABS_PUBS:""1782"")) AND AUTH:""Claeys H""",0,0,
Van Lijsebettens M,"((ACCESSION_TYPE:""metabolights"") OR (LABS_PUBS:""1782"")) AND AUTH:""Van Lijsebettens M""",0,0,
Coussens G,"((ACCESSION_TYPE:""metabolights"") OR (LABS_PUBS:""1782"")) AND AUTH:""Coussens G""",0,0,
De Vliegher A,"((ACCESSION_TYPE:""metabolights"") OR (LABS_PUBS:""1782"")) AND AUTH:""De Vliegher A""",0,0,
Muszynski M,"((ACCESSION_TYPE:""metabolights"") OR (LABS_PUBS:""1782"")) AND AUTH:""Muszynski M""",0,0,
Inzé D,"((ACCESSION_TYPE:""metabolights"") OR (LABS_PUBS:""1782"")) AND AUTH:""Inzé D""",0,0,
Nelissen H,"((ACCESSION_TYPE:""metabolights"") OR (LABS_PUBS:""1782"")) AND AUTH:""Nelissen H""",0,0,
Palombo I,"((ACCESSION_TYPE:""metabolights"") OR (LABS_PUBS:""1782"")) AND AUTH:""Palombo I""",0,0,
Ebarasi L,"((ACCESSION_TYPE:""metabolights"") OR (LABS_PUBS:""1782"")) AND AUTH:""Ebarasi L""",0,0,
He L,"((ACCESSION_TYPE:""metabolights"") OR (LABS_PUBS:""1782"")) AND AUTH:""He L""",8,6,
Ytterberg AJ,"((ACCESSION_TYPE:""metabolights"") OR (LABS_PUBS:""1782"")) AND AUTH:""Ytterberg AJ""",0,0,
Olauson H,"((ACCESSION_TYPE:""metabolights"") OR (LABS_PUBS:""1782"")) AND AUTH:""Olauson H""",0,0,
Axelsson J,"((ACCESSION_TYPE:""metabolights"") OR (LABS_PUBS:""1782"")) AND AUTH:""Axelsson J""",0,0,
Sundelin B,"((ACCESSION_TYPE:""metabolights"") OR (LABS_PUBS:""1782"")) AND AUTH:""Sundelin B""",0,0,
Patrakka J,"((ACCESSION_TYPE:""metabolights"") OR (LABS_PUBS:""1782"")) AND AUTH:""Patrakka J""",0,0,
Ahmad I,"((ACCESSION_TYPE:""metabolights"") OR (LABS_PUBS:""1782"")) AND AUTH:""Ahmad I""",0,0,
Aguetoni-Cambui C,"((ACCESSION_TYPE:""metabolights"") OR (LABS_PUBS:""1782"")) AND AUTH:""Aguetoni-Cambui C""",0,0,
Inselsbacher E,"((ACCESSION_TYPE:""metabolights"") OR (LABS_PUBS:""1782"")) AND AUTH:""Inselsbacher E""",0,0,
Regnell SE,"((ACCESSION_TYPE:""metabolights"") OR (LABS_PUBS:""1782"")) AND AUTH:""Regnell SE""",0,0,
Hessner MJ,"((ACCESSION_TYPE:""metabolights"") OR (LABS_PUBS:""1782"")) AND AUTH:""Hessner MJ""",0,0,
Åkesson L,"((ACCESSION_TYPE:""metabolights"") OR (LABS_PUBS:""1782"")) AND AUTH:""Åkesson L""",0,0,
La Torre D,"((ACCESSION_TYPE:""metabolights"") OR (LABS_PUBS:""1782"")) AND AUTH:""La Torre D""",0,0,
Lernmark Å,"((ACCESSION_TYPE:""metabolights"") OR (LABS_PUBS:""1782"")) AND AUTH:""Lernmark Å""",0,0,
Weiste C,"((ACCESSION_TYPE:""metabolights"") OR (LABS_PUBS:""1782"")) AND AUTH:""Weiste C""",0,0,
Pedrotti L,"((ACCESSION_TYPE:""metabolights"") OR (LABS_PUBS:""1782"")) AND AUTH:""Pedrotti L""",0,0,
Selvanayagam J,"((ACCESSION_TYPE:""metabolights"") OR (LABS_PUBS:""1782"")) AND AUTH:""Selvanayagam J""",0,0,
Muralidhara P,"((ACCESSION_TYPE:""metabolights"") OR (LABS_PUBS:""1782"")) AND AUTH:""Muralidhara P""",0,0,
Fröschel C,"((ACCESSION_TYPE:""metabolights"") OR (LABS_PUBS:""1782"")) AND AUTH:""Fröschel C""",0,0,
Dröge-Laser W,"((ACCESSION_TYPE:""metabolights"") OR (LABS_PUBS:""1782"")) AND AUTH:""Dröge-Laser W""",0,0,
Boles U,"((ACCESSION_TYPE:""metabolights"") OR (LABS_PUBS:""1782"")) AND AUTH:""Boles U""",0,0,
Pinto RC,"((ACCESSION_TYPE:""metabolights"") OR (LABS_PUBS:""1782"")) AND AUTH:""Pinto RC""",0,0,
David S,"((ACCESSION_TYPE:""metabolights"") OR (LABS_PUBS:""1782"")) AND AUTH:""David S""",0,0,
Abdullah AS,"((ACCESSION_TYPE:""metabolights"") OR (LABS_PUBS:""1782"")) AND AUTH:""Abdullah AS""",0,0,
Henein MY,"((ACCESSION_TYPE:""metabolights"") OR (LABS_PUBS:""1782"")) AND AUTH:""Henein MY""",0,0,
Leśniewska J,"((ACCESSION_TYPE:""metabolights"") OR (LABS_PUBS:""1782"")) AND AUTH:""Leśniewska J""",0,0,
Öhman D,"((ACCESSION_TYPE:""metabolights"") OR (LABS_PUBS:""1782"")) AND AUTH:""Öhman D""",0,0,
Krzesłowska M,"((ACCESSION_TYPE:""metabolights"") OR (LABS_PUBS:""1782"")) AND AUTH:""Krzesłowska M""",0,0,
Barciszewska-Pacak M,"((ACCESSION_TYPE:""metabolights"") OR (LABS_PUBS:""1782"")) AND AUTH:""Barciszewska-Pacak M""",0,0,
Kleczkowski LA,"((ACCESSION_TYPE:""metabolights"") OR (LABS_PUBS:""1782"")) AND AUTH:""Kleczkowski LA""",0,0,
Steenackers W,"((ACCESSION_TYPE:""metabolights"") OR (LABS_PUBS:""1782"")) AND AUTH:""Steenackers W""",0,0,
Klíma P,"((ACCESSION_TYPE:""metabolights"") OR (LABS_PUBS:""1782"")) AND AUTH:""Klíma P""",0,0,
Quareshy M,"((ACCESSION_TYPE:""metabolights"") OR (LABS_PUBS:""1782"")) AND AUTH:""Quareshy M""",0,0,
Cesarino I,"((ACCESSION_TYPE:""metabolights"") OR (LABS_PUBS:""1782"")) AND AUTH:""Cesarino I""",0,0,
Kumpf RP,"((ACCESSION_TYPE:""metabolights"") OR (LABS_PUBS:""1782"")) AND AUTH:""Kumpf RP""",0,0,
Corneillie S,"((ACCESSION_TYPE:""metabolights"") OR (LABS_PUBS:""1782"")) AND AUTH:""Corneillie S""",0,0,
Araújo P,"((ACCESSION_TYPE:""metabolights"") OR (LABS_PUBS:""1782"")) AND AUTH:""Araújo P""",0,0,
Goeminne G,"((ACCESSION_TYPE:""metabolights"") OR (LABS_PUBS:""1782"")) AND AUTH:""Goeminne G""",0,0,
Nowack MK,"((ACCESSION_TYPE:""metabolights"") OR (LABS_PUBS:""1782"")) AND AUTH:""Nowack MK""",0,0,
Blakeslee JJ,"((ACCESSION_TYPE:""metabolights"") OR (LABS_PUBS:""1782"")) AND AUTH:""Blakeslee JJ""",0,0,
Zažímalová E,"((ACCESSION_TYPE:""metabolights"") OR (LABS_PUBS:""1782"")) AND AUTH:""Zažímalová E""",0,0,
Napier R,"((ACCESSION_TYPE:""metabolights"") OR (LABS_PUBS:""1782"")) AND AUTH:""Napier R""",0,0,
Boerjan W,"((ACCESSION_TYPE:""metabolights"") OR (LABS_PUBS:""1782"")) AND AUTH:""Boerjan W""",0,0,
Vanholme B,"((ACCESSION_TYPE:""metabolights"") OR (LABS_PUBS:""1782"")) AND AUTH:""Vanholme B""",0,0,
Ge Y,"((ACCESSION_TYPE:""metabolights"") OR (LABS_PUBS:""1782"")) AND AUTH:""Ge Y""",1,0,
Yan F,"((ACCESSION_TYPE:""metabolights"") OR (LABS_PUBS:""1782"")) AND AUTH:""Yan F""",0,0,
Fastner A,"((ACCESSION_TYPE:""metabolights"") OR (LABS_PUBS:""1782"")) AND AUTH:""Fastner A""",0,0,
Di Donato M,"((ACCESSION_TYPE:""metabolights"") OR (LABS_PUBS:""1782"")) AND AUTH:""Di Donato M""",0,0,
Geisler M,"((ACCESSION_TYPE:""metabolights"") OR (LABS_PUBS:""1782"")) AND AUTH:""Geisler M""",0,0,
Branca RM,"((ACCESSION_TYPE:""metabolights"") OR (LABS_PUBS:""1782"")) AND AUTH:""Branca RM""",0,0,
Byzia A,"((ACCESSION_TYPE:""metabolights"") OR (LABS_PUBS:""1782"")) AND AUTH:""Byzia A""",0,0,
Ivanova A,"((ACCESSION_TYPE:""metabolights"") OR (LABS_PUBS:""1782"")) AND AUTH:""Ivanova A""",0,0,
Whelan J,"((ACCESSION_TYPE:""metabolights"") OR (LABS_PUBS:""1782"")) AND AUTH:""Whelan J""",1,1,
Drag M,"((ACCESSION_TYPE:""metabolights"") OR (LABS_PUBS:""1782"")) AND AUTH:""Drag M""",0,0,
Decker VHG,"((ACCESSION_TYPE:""metabolights"") OR (LABS_PUBS:""1782"")) AND AUTH:""Decker VHG""",0,0,
Bandau F,"((ACCESSION_TYPE:""metabolights"") OR (LABS_PUBS:""1782"")) AND AUTH:""Bandau F""",0,0,
Gundale MJ,"((ACCESSION_TYPE:""metabolights"") OR (LABS_PUBS:""1782"")) AND AUTH:""Gundale MJ""",0,0,
Cole CT,"((ACCESSION_TYPE:""metabolights"") OR (LABS_PUBS:""1782"")) AND AUTH:""Cole CT""",0,0,
Santuari L,"((ACCESSION_TYPE:""metabolights"") OR (LABS_PUBS:""1782"")) AND AUTH:""Santuari L""",0,0,
Sanchez-Perez GF,"((ACCESSION_TYPE:""metabolights"") OR (LABS_PUBS:""1782"")) AND AUTH:""Sanchez-Perez GF""",0,0,
Luijten M,"((ACCESSION_TYPE:""metabolights"") OR (LABS_PUBS:""1782"")) AND AUTH:""Luijten M""",0,0,
Rutjens B,"((ACCESSION_TYPE:""metabolights"") OR (LABS_PUBS:""1782"")) AND AUTH:""Rutjens B""",0,0,
Terpstra I,"((ACCESSION_TYPE:""metabolights"") OR (LABS_PUBS:""1782"")) AND AUTH:""Terpstra I""",0,0,
Berke L,"((ACCESSION_TYPE:""metabolights"") OR (LABS_PUBS:""1782"")) AND AUTH:""Berke L""",0,0,
Gorte M,"((ACCESSION_TYPE:""metabolights"") OR (LABS_PUBS:""1782"")) AND AUTH:""Gorte M""",0,0,
Prasad K,"((ACCESSION_TYPE:""metabolights"") OR (LABS_PUBS:""1782"")) AND AUTH:""Prasad K""",0,0,
Bao D,"((ACCESSION_TYPE:""metabolights"") OR (LABS_PUBS:""1782"")) AND AUTH:""Bao D""",1,1,
Timmermans-Hereijgers JL,"((ACCESSION_TYPE:""metabolights"") OR (LABS_PUBS:""1782"")) AND AUTH:""Timmermans-Hereijgers JL""",0,0,
Maeo K,"((ACCESSION_TYPE:""metabolights"") OR (LABS_PUBS:""1782"")) AND AUTH:""Maeo K""",0,0,
Nakamura K,"((ACCESSION_TYPE:""metabolights"") OR (LABS_PUBS:""1782"")) AND AUTH:""Nakamura K""",0,0,
Shimotohno A,"((ACCESSION_TYPE:""metabolights"") OR (LABS_PUBS:""1782"")) AND AUTH:""Shimotohno A""",0,0,
Pencik A,"((ACCESSION_TYPE:""metabolights"") OR (LABS_PUBS:""1782"")) AND AUTH:""Pencik A""",0,0,
van Heesch S,"((ACCESSION_TYPE:""metabolights"") OR (LABS_PUBS:""1782"")) AND AUTH:""van Heesch S""",0,0,
de Bruijn E,"((ACCESSION_TYPE:""metabolights"") OR (LABS_PUBS:""1782"")) AND AUTH:""de Bruijn E""",0,0,
Cuppen E,"((ACCESSION_TYPE:""metabolights"") OR (LABS_PUBS:""1782"")) AND AUTH:""Cuppen E""",0,0,
Willemsen V,"((ACCESSION_TYPE:""metabolights"") OR (LABS_PUBS:""1782"")) AND AUTH:""Willemsen V""",0,0,
Mähönen AP,"((ACCESSION_TYPE:""metabolights"") OR (LABS_PUBS:""1782"")) AND AUTH:""Mähönen AP""",0,0,
Lukowitz W,"((ACCESSION_TYPE:""metabolights"") OR (LABS_PUBS:""1782"")) AND AUTH:""Lukowitz W""",0,0,
Snel B,"((ACCESSION_TYPE:""metabolights"") OR (LABS_PUBS:""1782"")) AND AUTH:""Snel B""",0,0,
de Ridder D,"((ACCESSION_TYPE:""metabolights"") OR (LABS_PUBS:""1782"")) AND AUTH:""de Ridder D""",0,0,
Scheres B,"((ACCESSION_TYPE:""metabolights"") OR (LABS_PUBS:""1782"")) AND AUTH:""Scheres B""",0,0,
Heidstra R,"((ACCESSION_TYPE:""metabolights"") OR (LABS_PUBS:""1782"")) AND AUTH:""Heidstra R""",0,0,
Narsai R,"((ACCESSION_TYPE:""metabolights"") OR (LABS_PUBS:""1782"")) AND AUTH:""Narsai R""",0,0,
Szal B,"((ACCESSION_TYPE:""metabolights"") OR (LABS_PUBS:""1782"")) AND AUTH:""Szal B""",0,0,
Rouhier N,"((ACCESSION_TYPE:""metabolights"") OR (LABS_PUBS:""1782"")) AND AUTH:""Rouhier N""",0,0,
Mancera-Martínez E,"((ACCESSION_TYPE:""metabolights"") OR (LABS_PUBS:""1782"")) AND AUTH:""Mancera-Martínez E""",0,0,
Forzani C,"((ACCESSION_TYPE:""metabolights"") OR (LABS_PUBS:""1782"")) AND AUTH:""Forzani C""",0,0,
Azzopardi M,"((ACCESSION_TYPE:""metabolights"") OR (LABS_PUBS:""1782"")) AND AUTH:""Azzopardi M""",0,0,
Davanture M,"((ACCESSION_TYPE:""metabolights"") OR (LABS_PUBS:""1782"")) AND AUTH:""Davanture M""",0,0,
Moreau M,"((ACCESSION_TYPE:""metabolights"") OR (LABS_PUBS:""1782"")) AND AUTH:""Moreau M""",0,0,
Schepetilnikov M,"((ACCESSION_TYPE:""metabolights"") OR (LABS_PUBS:""1782"")) AND AUTH:""Schepetilnikov M""",0,0,
Chicher J,"((ACCESSION_TYPE:""metabolights"") OR (LABS_PUBS:""1782"")) AND AUTH:""Chicher J""",0,0,
Langella O,"((ACCESSION_TYPE:""metabolights"") OR (LABS_PUBS:""1782"")) AND AUTH:""Langella O""",0,0,
Zivy M,"((ACCESSION_TYPE:""metabolights"") OR (LABS_PUBS:""1782"")) AND AUTH:""Zivy M""",0,0,
Robaglia C,"((ACCESSION_TYPE:""metabolights"") OR (LABS_PUBS:""1782"")) AND AUTH:""Robaglia C""",0,0,
Ryabova LA,"((ACCESSION_TYPE:""metabolights"") OR (LABS_PUBS:""1782"")) AND AUTH:""Ryabova LA""",0,0,
Meyer C,"((ACCESSION_TYPE:""metabolights"") OR (LABS_PUBS:""1782"")) AND AUTH:""Meyer C""",0,0,
Khaling E,"((ACCESSION_TYPE:""metabolights"") OR (LABS_PUBS:""1782"")) AND AUTH:""Khaling E""",0,0,
Bonnet C,"((ACCESSION_TYPE:""metabolights"") OR (LABS_PUBS:""1782"")) AND AUTH:""Bonnet C""",0,0,
Lassueur S,"((ACCESSION_TYPE:""metabolights"") OR (LABS_PUBS:""1782"")) AND AUTH:""Lassueur S""",0,0,
Reymond P,"((ACCESSION_TYPE:""metabolights"") OR (LABS_PUBS:""1782"")) AND AUTH:""Reymond P""",0,0,
Blande JD,"((ACCESSION_TYPE:""metabolights"") OR (LABS_PUBS:""1782"")) AND AUTH:""Blande JD""",0,0,
Ärlestig L,"((ACCESSION_TYPE:""metabolights"") OR (LABS_PUBS:""1782"")) AND AUTH:""Ärlestig L""",0,0,
Rantapää-Dahlqvist S,"((ACCESSION_TYPE:""metabolights"") OR (LABS_PUBS:""1782"")) AND AUTH:""Rantapää-Dahlqvist S""",0,0,
Jia M,"((ACCESSION_TYPE:""metabolights"") OR (LABS_PUBS:""1782"")) AND AUTH:""Jia M""",1,1,
Andreassen T,"((ACCESSION_TYPE:""metabolights"") OR (LABS_PUBS:""1782"")) AND AUTH:""Andreassen T""",0,0,
Jensen L,"((ACCESSION_TYPE:""metabolights"") OR (LABS_PUBS:""1782"")) AND AUTH:""Jensen L""",0,0,
Bathen TF,"((ACCESSION_TYPE:""metabolights"") OR (LABS_PUBS:""1782"")) AND AUTH:""Bathen TF""",0,0,
Sinha I,"((ACCESSION_TYPE:""metabolights"") OR (LABS_PUBS:""1782"")) AND AUTH:""Sinha I""",0,0,
Zhao C,"((ACCESSION_TYPE:""metabolights"") OR (LABS_PUBS:""1782"")) AND AUTH:""Zhao C""",5,3,
Haldosen LA,"((ACCESSION_TYPE:""metabolights"") OR (LABS_PUBS:""1782"")) AND AUTH:""Haldosen LA""",0,0,
Cao Y,"((ACCESSION_TYPE:""metabolights"") OR (LABS_PUBS:""1782"")) AND AUTH:""Cao Y""",6,2,
Girnita L,"((ACCESSION_TYPE:""metabolights"") OR (LABS_PUBS:""1782"")) AND AUTH:""Girnita L""",0,0,
Moestue SA,"((ACCESSION_TYPE:""metabolights"") OR (LABS_PUBS:""1782"")) AND AUTH:""Moestue SA""",0,0,
Dahlman-Wright K,"((ACCESSION_TYPE:""metabolights"") OR (LABS_PUBS:""1782"")) AND AUTH:""Dahlman-Wright K""",0,0,
Vanholme R,"((ACCESSION_TYPE:""metabolights"") OR (LABS_PUBS:""1782"")) AND AUTH:""Vanholme R""",0,0,
Van de Wouwer D,"((ACCESSION_TYPE:""metabolights"") OR (LABS_PUBS:""1782"")) AND AUTH:""Van de Wouwer D""",0,0,
Malm L,"((ACCESSION_TYPE:""metabolights"") OR (LABS_PUBS:""1782"")) AND AUTH:""Malm L""",0,0,
Tybring G,"((ACCESSION_TYPE:""metabolights"") OR (LABS_PUBS:""1782"")) AND AUTH:""Tybring G""",0,0,
Landin B,"((ACCESSION_TYPE:""metabolights"") OR (LABS_PUBS:""1782"")) AND AUTH:""Landin B""",0,0,
Galli J,"((ACCESSION_TYPE:""metabolights"") OR (LABS_PUBS:""1782"")) AND AUTH:""Galli J""",0,0,
Czaban W,"((ACCESSION_TYPE:""metabolights"") OR (LABS_PUBS:""1782"")) AND AUTH:""Czaban W""",0,0,
Rasmussen J,"((ACCESSION_TYPE:""metabolights"") OR (LABS_PUBS:""1782"")) AND AUTH:""Rasmussen J""",1,1,
Nicolaisen M,"((ACCESSION_TYPE:""metabolights"") OR (LABS_PUBS:""1782"")) AND AUTH:""Nicolaisen M""",0,0,
Fomsgaard IS,"((ACCESSION_TYPE:""metabolights"") OR (LABS_PUBS:""1782"")) AND AUTH:""Fomsgaard IS""",0,0,
Mahmud AK,"((ACCESSION_TYPE:""metabolights"") OR (LABS_PUBS:""1782"")) AND AUTH:""Mahmud AK""",0,0,
Tükenmez H,"((ACCESSION_TYPE:""metabolights"") OR (LABS_PUBS:""1782"")) AND AUTH:""Tükenmez H""",0,0,
Byström AS,"((ACCESSION_TYPE:""metabolights"") OR (LABS_PUBS:""1782"")) AND AUTH:""Byström AS""",0,0,
Mellor N,"((ACCESSION_TYPE:""metabolights"") OR (LABS_PUBS:""1782"")) AND AUTH:""Mellor N""",0,0,
Band LR,"((ACCESSION_TYPE:""metabolights"") OR (LABS_PUBS:""1782"")) AND AUTH:""Band LR""",0,0,
Holman T,"((ACCESSION_TYPE:""metabolights"") OR (LABS_PUBS:""1782"")) AND AUTH:""Holman T""",0,0,
Wilson MH,"((ACCESSION_TYPE:""metabolights"") OR (LABS_PUBS:""1782"")) AND AUTH:""Wilson MH""",0,0,
King JR,"((ACCESSION_TYPE:""metabolights"") OR (LABS_PUBS:""1782"")) AND AUTH:""King JR""",0,0,
Owen MR,"((ACCESSION_TYPE:""metabolights"") OR (LABS_PUBS:""1782"")) AND AUTH:""Owen MR""",0,0,
Porco S,"((ACCESSION_TYPE:""metabolights"") OR (LABS_PUBS:""1782"")) AND AUTH:""Porco S""",0,0,
Golebiowska A,"((ACCESSION_TYPE:""metabolights"") OR (LABS_PUBS:""1782"")) AND AUTH:""Golebiowska A""",0,0,
Peňáková P,"((ACCESSION_TYPE:""metabolights"") OR (LABS_PUBS:""1782"")) AND AUTH:""Peňáková P""",0,0,
Hedden P,"((ACCESSION_TYPE:""metabolights"") OR (LABS_PUBS:""1782"")) AND AUTH:""Hedden P""",0,0,
Phillips AL,"((ACCESSION_TYPE:""metabolights"") OR (LABS_PUBS:""1782"")) AND AUTH:""Phillips AL""",0,0,
Vissenberg K,"((ACCESSION_TYPE:""metabolights"") OR (LABS_PUBS:""1782"")) AND AUTH:""Vissenberg K""",0,0,
Bengtsson AA,"((ACCESSION_TYPE:""metabolights"") OR (LABS_PUBS:""1782"")) AND AUTH:""Bengtsson AA""",0,0,
Wuttge DM,"((ACCESSION_TYPE:""metabolights"") OR (LABS_PUBS:""1782"")) AND AUTH:""Wuttge DM""",0,0,
Sturfelt G,"((ACCESSION_TYPE:""metabolights"") OR (LABS_PUBS:""1782"")) AND AUTH:""Sturfelt G""",0,0,
Theander E,"((ACCESSION_TYPE:""metabolights"") OR (LABS_PUBS:""1782"")) AND AUTH:""Theander E""",0,0,
Sennbro CJ,"((ACCESSION_TYPE:""metabolights"") OR (LABS_PUBS:""1782"")) AND AUTH:""Sennbro CJ""",0,0,
Lood C,"((ACCESSION_TYPE:""metabolights"") OR (LABS_PUBS:""1782"")) AND AUTH:""Lood C""",0,0,
Procko C,"((ACCESSION_TYPE:""metabolights"") OR (LABS_PUBS:""1782"")) AND AUTH:""Procko C""",0,0,
Jaillais Y,"((ACCESSION_TYPE:""metabolights"") OR (LABS_PUBS:""1782"")) AND AUTH:""Jaillais Y""",0,0,
Long JA,"((ACCESSION_TYPE:""metabolights"") OR (LABS_PUBS:""1782"")) AND AUTH:""Long JA""",0,0,
Karimpour M,"((ACCESSION_TYPE:""metabolights"") OR (LABS_PUBS:""1782"")) AND AUTH:""Karimpour M""",0,0,
Unosson J,"((ACCESSION_TYPE:""metabolights"") OR (LABS_PUBS:""1782"")) AND AUTH:""Unosson J""",0,0,
Bosson JA,"((ACCESSION_TYPE:""metabolights"") OR (LABS_PUBS:""1782"")) AND AUTH:""Bosson JA""",0,0,
Blomberg A,"((ACCESSION_TYPE:""metabolights"") OR (LABS_PUBS:""1782"")) AND AUTH:""Blomberg A""",0,0,
Pourazar J,"((ACCESSION_TYPE:""metabolights"") OR (LABS_PUBS:""1782"")) AND AUTH:""Pourazar J""",0,0,
Sandström T,"((ACCESSION_TYPE:""metabolights"") OR (LABS_PUBS:""1782"")) AND AUTH:""Sandström T""",0,0,
Behndig AF,"((ACCESSION_TYPE:""metabolights"") OR (LABS_PUBS:""1782"")) AND AUTH:""Behndig AF""",0,0,
Pacheco-Villalobos D,"((ACCESSION_TYPE:""metabolights"") OR (LABS_PUBS:""1782"")) AND AUTH:""Pacheco-Villalobos D""",0,0,
Díaz-Moreno SM,"((ACCESSION_TYPE:""metabolights"") OR (LABS_PUBS:""1782"")) AND AUTH:""Díaz-Moreno SM""",0,0,
Tamaki T,"((ACCESSION_TYPE:""metabolights"") OR (LABS_PUBS:""1782"")) AND AUTH:""Tamaki T""",0,0,
Kang YH,"((ACCESSION_TYPE:""metabolights"") OR (LABS_PUBS:""1782"")) AND AUTH:""Kang YH""",0,0,
Gujas B,"((ACCESSION_TYPE:""metabolights"") OR (LABS_PUBS:""1782"")) AND AUTH:""Gujas B""",0,0,
Jaspert N,"((ACCESSION_TYPE:""metabolights"") OR (LABS_PUBS:""1782"")) AND AUTH:""Jaspert N""",0,0,
Wolf S,"((ACCESSION_TYPE:""metabolights"") OR (LABS_PUBS:""1782"")) AND AUTH:""Wolf S""",0,0,
Oecking C,"((ACCESSION_TYPE:""metabolights"") OR (LABS_PUBS:""1782"")) AND AUTH:""Oecking C""",0,0,
Bulone V,"((ACCESSION_TYPE:""metabolights"") OR (LABS_PUBS:""1782"")) AND AUTH:""Bulone V""",0,0,
Gjesdal CG,"((ACCESSION_TYPE:""metabolights"") OR (LABS_PUBS:""1782"")) AND AUTH:""Gjesdal CG""",0,0,
Jonsson G,"((ACCESSION_TYPE:""metabolights"") OR (LABS_PUBS:""1782"")) AND AUTH:""Jonsson G""",0,0,
Norheim KB,"((ACCESSION_TYPE:""metabolights"") OR (LABS_PUBS:""1782"")) AND AUTH:""Norheim KB""",0,0,
Omdal R,"((ACCESSION_TYPE:""metabolights"") OR (LABS_PUBS:""1782"")) AND AUTH:""Omdal R""",0,0,
Caldana C,"((ACCESSION_TYPE:""metabolights"") OR (LABS_PUBS:""1782"")) AND AUTH:""Caldana C""",0,0,
Vincentz M,"((ACCESSION_TYPE:""metabolights"") OR (LABS_PUBS:""1782"")) AND AUTH:""Vincentz M""",0,0,
Veit B,"((ACCESSION_TYPE:""metabolights"") OR (LABS_PUBS:""1782"")) AND AUTH:""Veit B""",0,0,
Hagberg CE,"((ACCESSION_TYPE:""metabolights"") OR (LABS_PUBS:""1782"")) AND AUTH:""Hagberg CE""",0,0,
Hines G,"((ACCESSION_TYPE:""metabolights"") OR (LABS_PUBS:""1782"")) AND AUTH:""Hines G""",0,0,
van Rongen M,"((ACCESSION_TYPE:""metabolights"") OR (LABS_PUBS:""1782"")) AND AUTH:""van Rongen M""",0,0,
Waldie T,"((ACCESSION_TYPE:""metabolights"") OR (LABS_PUBS:""1782"")) AND AUTH:""Waldie T""",0,0,
Sawchuk MG,"((ACCESSION_TYPE:""metabolights"") OR (LABS_PUBS:""1782"")) AND AUTH:""Sawchuk MG""",0,0,
Scarpella E,"((ACCESSION_TYPE:""metabolights"") OR (LABS_PUBS:""1782"")) AND AUTH:""Scarpella E""",0,0,
Leyser O,"((ACCESSION_TYPE:""metabolights"") OR (LABS_PUBS:""1782"")) AND AUTH:""Leyser O""",0,0,
Zheng Z,"((ACCESSION_TYPE:""metabolights"") OR (LABS_PUBS:""1782"")) AND AUTH:""Zheng Z""",8,5,
Guo Y,"((ACCESSION_TYPE:""metabolights"") OR (LABS_PUBS:""1782"")) AND AUTH:""Guo Y""",13,4,
Chen W,"((ACCESSION_TYPE:""metabolights"") OR (LABS_PUBS:""1782"")) AND AUTH:""Chen W""",9,4,
Noel JP,"((ACCESSION_TYPE:""metabolights"") OR (LABS_PUBS:""1782"")) AND AUTH:""Noel JP""",0,0,
Bergström SH,"((ACCESSION_TYPE:""metabolights"") OR (LABS_PUBS:""1782"")) AND AUTH:""Bergström SH""",0,0,
Rudolfsson SH,"((ACCESSION_TYPE:""metabolights"") OR (LABS_PUBS:""1782"")) AND AUTH:""Rudolfsson SH""",0,0,
Blahoušek O,"((ACCESSION_TYPE:""metabolights"") OR (LABS_PUBS:""1782"")) AND AUTH:""Blahoušek O""",0,0,
Hellström F,"((ACCESSION_TYPE:""metabolights"") OR (LABS_PUBS:""1782"")) AND AUTH:""Hellström F""",0,0,
Björklund M,"((ACCESSION_TYPE:""metabolights"") OR (LABS_PUBS:""1782"")) AND AUTH:""Björklund M""",0,0,
Zivkovic AM,"((ACCESSION_TYPE:""metabolights"") OR (LABS_PUBS:""1782"")) AND AUTH:""Zivkovic AM""",0,0,
Kauppi AM,"((ACCESSION_TYPE:""metabolights"") OR (LABS_PUBS:""1782"")) AND AUTH:""Kauppi AM""",0,0,
Edin A,"((ACCESSION_TYPE:""metabolights"") OR (LABS_PUBS:""1782"")) AND AUTH:""Edin A""",0,0,
Ziegler I,"((ACCESSION_TYPE:""metabolights"") OR (LABS_PUBS:""1782"")) AND AUTH:""Ziegler I""",0,0,
Mölling P,"((ACCESSION_TYPE:""metabolights"") OR (LABS_PUBS:""1782"")) AND AUTH:""Mölling P""",0,0,
Sjöstedt A,"((ACCESSION_TYPE:""metabolights"") OR (LABS_PUBS:""1782"")) AND AUTH:""Sjöstedt A""",0,0,
Gylfe Å,"((ACCESSION_TYPE:""metabolights"") OR (LABS_PUBS:""1782"")) AND AUTH:""Gylfe Å""",0,0,
Strålin K,"((ACCESSION_TYPE:""metabolights"") OR (LABS_PUBS:""1782"")) AND AUTH:""Strålin K""",0,0,
Pedmale UV,"((ACCESSION_TYPE:""metabolights"") OR (LABS_PUBS:""1782"")) AND AUTH:""Pedmale UV""",0,0,
Huang SS,"((ACCESSION_TYPE:""metabolights"") OR (LABS_PUBS:""1782"")) AND AUTH:""Huang SS""",0,0,
Cole BJ,"((ACCESSION_TYPE:""metabolights"") OR (LABS_PUBS:""1782"")) AND AUTH:""Cole BJ""",0,0,
Hetzel J,"((ACCESSION_TYPE:""metabolights"") OR (LABS_PUBS:""1782"")) AND AUTH:""Hetzel J""",0,0,
Reis PA,"((ACCESSION_TYPE:""metabolights"") OR (LABS_PUBS:""1782"")) AND AUTH:""Reis PA""",0,0,
Sridevi P,"((ACCESSION_TYPE:""metabolights"") OR (LABS_PUBS:""1782"")) AND AUTH:""Sridevi P""",0,0,
Nito K,"((ACCESSION_TYPE:""metabolights"") OR (LABS_PUBS:""1782"")) AND AUTH:""Nito K""",0,0,
Nery JR,"((ACCESSION_TYPE:""metabolights"") OR (LABS_PUBS:""1782"")) AND AUTH:""Nery JR""",0,0,
Hällqvist J,"((ACCESSION_TYPE:""metabolights"") OR (LABS_PUBS:""1782"")) AND AUTH:""Hällqvist J""",0,0,
Qureshi AR,"((ACCESSION_TYPE:""metabolights"") OR (LABS_PUBS:""1782"")) AND AUTH:""Qureshi AR""",0,0,
Barany P,"((ACCESSION_TYPE:""metabolights"") OR (LABS_PUBS:""1782"")) AND AUTH:""Barany P""",0,0,
Heimbürger O,"((ACCESSION_TYPE:""metabolights"") OR (LABS_PUBS:""1782"")) AND AUTH:""Heimbürger O""",0,0,
Krakowsky R,"((ACCESSION_TYPE:""metabolights"") OR (LABS_PUBS:""1782"")) AND AUTH:""Krakowsky R""",0,0,
Bhuiyan H,"((ACCESSION_TYPE:""metabolights"") OR (LABS_PUBS:""1782"")) AND AUTH:""Bhuiyan H""",0,0,
Witek B,"((ACCESSION_TYPE:""metabolights"") OR (LABS_PUBS:""1782"")) AND AUTH:""Witek B""",0,0,
Broom O,"((ACCESSION_TYPE:""metabolights"") OR (LABS_PUBS:""1782"")) AND AUTH:""Broom O""",0,0,
